Run Date,Account,Account Number,Action,Symbol,Description,Type,Exchange Quantity,Exchange Currency,Currency,Price,Quantity,Exchange Rate,Commission,Fees,Accrued Interest,Amount,Settlement Date
2/2/2026,IRA-Roll $462K,119072621,YOU BOUGHT KINROSS GOLD CORP COM NPV ISIN #CA49... (KGC) (Margin),KGC,KINROSS GOLD CORP COM NPV ISIN #CA49690,Margin,0,,USD,31.29,500,0,,,,-15645,2/3/2026
2/2/2026,IRA-Roll $462K,119072621,YOU BOUGHT ALAMOS GOLD INC COM NPV CL A ISIN #C... (AGI) (Margin),AGI,ALAMOS GOLD INC COM NPV CL A ISIN #CA01,Margin,0,,USD,36.72,300,0,,,,-11016,2/3/2026
2/2/2026,IRA-Roll $462K,119072621,YOU BOUGHT AGNICO EAGLE MINES LTD COM ISIN #CA0... (AEM) (Margin),AEM,AGNICO EAGLE MINES LTD COM ISIN #CA0084,Margin,0,,USD,188.72,80,0,,,,-15097.6,2/3/2026
2/3/2026,IRA-Roll $462K,119072621,YOU BOUGHT ADOBE INC COM (ADBE) (Margin),ADBE,ADOBE INC COM,Margin,0,,USD,281,2,0,,,,-562,2/4/2026
2/3/2026,Trust PHT $988K,Z40402241,Electronic Funds Transfer Paid (Cash),,No Description,Cash,0,,USD,,0,0,,,,-15000,
2/4/2026,Trust PHT $988K,Z40402241,YOU BOUGHT OPENING TRANSACTION CALL (MU) MICRON TECHNOLOGY JAN 15 27 $280 (100 SHS) (Margin), -MU270115C280,CALL (MU) MICRON TECHNOLOGY JAN 15 27 $280 (100 SHS),Margin,0,,USD,147.1,1,0,,0.02,,-14710.02,2/5/2026
2/4/2026,Trust PHT $988K,Z40402241,YOU BOUGHT OPENING TRANSACTION CALL (PLTR) PALANTIR JAN 15 27 $100 (100 SHS) (Margin), -PLTR270115C100,CALL (PLTR) PALANTIR JAN 15 27 $100 (100 SHS),Margin,0,,USD,52,1,0,,0.02,,-5200.02,2/5/2026
2/4/2026,Trust PHT $988K,Z40402241,YOU BOUGHT OPENING TRANSACTION CALL (ORCL) ORACLE CORP JAN 15 27 $110 (100 SHS) (Margin), -ORCL270115C110,CALL (ORCL) ORACLE CORP JAN 15 27 $110 (100 SHS),Margin,0,,USD,52.74,1,0,,0.02,,-5274.02,2/5/2026
2/4/2026,Trust PHT $988K,Z40402241,YOU BOUGHT OPENING TRANSACTION CALL (AVGO) BROADCOM INC COM JAN 15 27 $240 (100 SHS) (Margin), -AVGO270115C240,CALL (AVGO) BROADCOM INC COM JAN 15 27 $240 (100 SHS),Margin,0,,USD,92.06,1,0,,0.02,,-9206.02,2/5/2026
2/4/2026,Trust PHT $988K,Z40402241,YOU BOUGHT OPENING TRANSACTION CALL (AMD) ADVANCED MICRO JAN 15 27 $160 (100 SHS) (Margin), -AMD270115C160,CALL (AMD) ADVANCED MICRO JAN 15 27 $160 (100 SHS),Margin,0,,USD,67.74,1,0,,0.02,,-6774.02,2/5/2026
2/5/2026,Trust PHT $988K,Z40402241,YOU BOUGHT OPENING TRANSACTION CALL (PLTR) PALANTIR JAN 15 27 $100 (100 SHS) (Margin), -PLTR270115C100,CALL (PLTR) PALANTIR JAN 15 27 $100 (100 SHS),Margin,0,,USD,47.2,1,0,,0.02,,-4720.02,2/6/2026
2/5/2026,Trust PHT $988K,Z40402241,YOU BOUGHT OPENING TRANSACTION CALL (PLTR) PALANTIR JAN 15 27 $100 (100 SHS) (Margin), -PLTR270115C100,CALL (PLTR) PALANTIR JAN 15 27 $100 (100 SHS),Margin,0,,USD,48,1,0,,0.02,,-4800.02,2/6/2026
2/5/2026,Trust PHT $988K,Z40402241,YOU BOUGHT OPENING TRANSACTION CALL (SMCI) SUPER MICRO COMPUTER JAN 15 27 $25 (100 SHS) (Margin), -SMCI270115C25,CALL (SMCI) SUPER MICRO COMPUTER JAN 15 27 $25 (100 SHS),Margin,0,,USD,12.69,2,0,,0.05,,-2538.05,2/6/2026
2/5/2026,Trust PHT $988K,Z40402241,YOU BOUGHT OPENING TRANSACTION CALL (SMCI) SUPER MICRO COMPUTER JAN 15 27 $25 (100 SHS) (Margin), -SMCI270115C25,CALL (SMCI) SUPER MICRO COMPUTER JAN 15 27 $25 (100 SHS),Margin,0,,USD,11.3,1,0,,0.02,,-1130.02,2/6/2026
2/5/2026,Trust PHT $988K,Z40402241,YOU BOUGHT OPENING TRANSACTION CALL (VRT) VERTIV HOLDINGS CO JAN 15 27 $140 (100 SHS) (Margin), -VRT270115C140,CALL (VRT) VERTIV HOLDINGS CO JAN 15 27 $140 (100 SHS),Margin,0,,USD,60,1,0,,0.02,,-6000.02,2/6/2026
2/5/2026,Trust PHT $988K,Z40402241,YOU BOUGHT OPENING TRANSACTION CALL (MRVL) MARVELL TECHNOLOGY JAN 15 27 $55 (100 SHS) (Margin), -MRVL270115C55,CALL (MRVL) MARVELL TECHNOLOGY JAN 15 27 $55 (100 SHS),Margin,0,,USD,25,1,0,,0.02,,-2500.02,2/6/2026
2/5/2026,Trust PHT $988K,Z40402241,YOU BOUGHT OPENING TRANSACTION CALL (AMD) ADVANCED MICRO JAN 15 27 $150 (100 SHS) (Margin), -AMD270115C150,CALL (AMD) ADVANCED MICRO JAN 15 27 $150 (100 SHS),Margin,0,,USD,66.84,1,0,,0.02,,-6684.02,2/6/2026
2/6/2026,IRA-Roll $462K,119072621,YOU BOUGHT OPENING TRANSACTION CALL (CRM) SALESFORCE INC COM JAN 15 27 $150 (100 SHS) (Margin), -CRM270115C150,CALL (CRM) SALESFORCE INC COM JAN 15 27 $150 (100 SHS),Margin,0,,USD,54.5,1,0,,0.02,,-5450.02,2/9/2026
2/6/2026,IRA-Roll $462K,119072621,YOU SOLD KINROSS GOLD CORP COM NPV ISIN #CA49... (KGC) (Margin),KGC,KINROSS GOLD CORP COM NPV ISIN #CA49690,Margin,0,,USD,32.44,-1000,0,,,,32440,2/9/2026
2/6/2026,IRA-Roll $462K,119072621,YOU SOLD ALAMOS GOLD INC COM NPV CL A ISIN #C... (AGI) (Margin),AGI,ALAMOS GOLD INC COM NPV CL A ISIN #CA01,Margin,0,,USD,39.61,-100,0,,,,3961,2/9/2026
2/6/2026,IRA-Roll $462K,119072621,YOU SOLD ALAMOS GOLD INC COM NPV CL A ISIN #C... (AGI) (Margin),AGI,ALAMOS GOLD INC COM NPV CL A ISIN #CA01,Margin,0,,USD,39.6,-700,0,,,,27720,2/9/2026
2/6/2026,IRA-Roll $462K,119072621,YOU SOLD AGNICO EAGLE MINES LTD COM ISIN #CA0... (AEM) (Margin),AEM,AGNICO EAGLE MINES LTD COM ISIN #CA0084,Margin,0,,USD,197,-180,0,,,,35460,2/9/2026
2/9/2026,Phil and Di,X65959334,TRANSFERRED FROM VS X69-705290-1 (Cash), ,No Description,Cash,0,,USD,,0,0,,,,3000,
2/9/2026,DI Ind. $83.5K,X69705290,TRANSFERRED TO VS X65-959334-1 (Cash), ,No Description,Cash,0,,USD,,0,0,,,,-3000,
2/9/2026,IRA-ROTH $321K,233267024,YOU SOLD SALESFORCE INC COM (CRM) (Cash),CRM,SALESFORCE INC COM,Cash,0,,USD,193.92,-30,0,,,,5817.6,2/10/2026
2/10/2026,Trust PHT $988K,Z40402241,YOU SOLD THE TRADE DESK INC COM CL A (TTD) (Margin),TTD,THE TRADE DESK INC COM CL A,Margin,0,,USD,28.52,-0.89,0,,,,25.38,2/11/2026
2/10/2026,IRA-Roll $462K,119072621,YOU SOLD THE TRADE DESK INC COM CL A (TTD) (Margin),TTD,THE TRADE DESK INC COM CL A,Margin,0,,USD,28.46,-121,0,,,,3443.67,2/11/2026
2/10/2026,Trust PHT $988K,Z40402241,YOU SOLD THE TRADE DESK INC COM CL A (TTD) (Margin),TTD,THE TRADE DESK INC COM CL A,Margin,0,,USD,28.32,-50,0,,,,1416,2/11/2026
2/10/2026,IRA-Roll $462K,119072621,YOU SOLD THE TRADE DESK INC COM CL A (TTD) (Margin),TTD,THE TRADE DESK INC COM CL A,Margin,0,,USD,28.43,-250,0,,,,7106.25,2/11/2026
2/10/2026,Trust PHT $988K,Z40402241,YOU SOLD THE TRADE DESK INC COM CL A (TTD) (Margin),TTD,THE TRADE DESK INC COM CL A,Margin,0,,USD,28.32,-200,0,,,,5664,2/11/2026
2/10/2026,IRA-Roll $462K,119072621,YOU BOUGHT OPENING TRANSACTION CALL (MU) MICRON TECHNOLOGY JAN 15 27 $280 (100 SHS) (Margin), -MU270115C280,CALL (MU) MICRON TECHNOLOGY JAN 15 27 $280 (100 SHS),Margin,0,,USD,149,1,0,,0.02,,-14900.02,2/11/2026
2/10/2026,Trust PHT $988K,Z40402241,YOU SOLD THE TRADE DESK INC COM CL A (TTD) (Margin),TTD,THE TRADE DESK INC COM CL A,Margin,0,,USD,28.21,-201,0,,,,5670.21,2/11/2026
2/10/2026,DI Ind. $83.5K,X69705290,YOU SOLD PETCO HEALTH &WELLNESS CO INC COM (WOOF) (Cash),WOOF,PETCO HEALTH &WELLNESS CO INC COM,Cash,0,,USD,2.63,-170,0,,,,447.1,2/11/2026
2/10/2026,IRA-Roll $462K,119072621,YOU BOUGHT OPENING TRANSACTION CALL (STX) SEAGATE TECHNOLOGY JAN 15 27 $320 (100 SHS) (Margin), -STX270115C320,CALL (STX) SEAGATE TECHNOLOGY JAN 15 27 $320 (100 SHS),Margin,0,,USD,144,1,0,,0.02,,-14400.02,2/11/2026
2/10/2026,Trust PHT $988K,Z40402241,YOU SOLD THE TRADE DESK INC COM CL A (TTD) (Margin),TTD,THE TRADE DESK INC COM CL A,Margin,0,,USD,28.52,-238,0,,,,6786.57,2/11/2026
2/10/2026,DI Ind. $83.5K,X69705290,YOU SOLD FASTLY INC CL A (FSLY) (Cash),FSLY,FASTLY INC CL A,Cash,0,,USD,9.14,-1,0,,,,9.14,2/11/2026
2/10/2026,IRA-Roll $462K,119072621,YOU BOUGHT OPENING TRANSACTION CALL (STX) SEAGATE TECHNOLOGY JAN 15 27 $320 (100 SHS) (Margin), -STX270115C320,CALL (STX) SEAGATE TECHNOLOGY JAN 15 27 $320 (100 SHS),Margin,0,,USD,147,1,0,,0.02,,-14700.02,2/11/2026
2/10/2026,Trust PHT $988K,Z40402241,YOU SOLD THE TRADE DESK INC COM CL A (TTD) (Margin),TTD,THE TRADE DESK INC COM CL A,Margin,0,,USD,28.33,-260,0,,,,7365.8,2/11/2026
2/10/2026,DI Ind. $83.5K,X69705290,YOU SOLD FASTLY INC CL A (FSLY) (Cash),FSLY,FASTLY INC CL A,Cash,0,,USD,9.14,-119,0,,,,1087.07,2/11/2026
2/10/2026,IRA-Roll $462K,119072621,YOU SOLD MAGNITE INC COM (MGNI) (Margin),MGNI,MAGNITE INC COM,Margin,0,,USD,12.49,-608,0,,,,7593.92,2/11/2026
2/10/2026,Trust PHT $988K,Z40402241,YOU SOLD MAGNITE INC COM (MGNI) (Margin),MGNI,MAGNITE INC COM,Margin,0,,USD,12.45,-384,0,,,,4780.8,2/11/2026
2/10/2026,Phil and Di,X65959334,"BILL PAYMENT CAPITAL ONE, NA (Cash)", ,No Description,Cash,0,,USD,,0,0,,,,-1000,
2/10/2026,DI Ind. $83.5K,X69705290,YOU SOLD FASTLY INC CL A (FSLY) (Cash),FSLY,FASTLY INC CL A,Cash,0,,USD,9.14,-280,0,,,,2557.8,2/11/2026
2/10/2026,IRA-Roll $462K,119072621,YOU SOLD MAGNITE INC COM (MGNI) (Margin),MGNI,MAGNITE INC COM,Margin,0,,USD,12.49,-1292,0,,,,16137.08,2/11/2026
2/11/2026,IRA-Roll $462K,119072621,YOU SOLD UNITY SOFTWARE INC COM (U) (Margin),U,UNITY SOFTWARE INC COM,Margin,0,,USD,20.81,-156,0,,,,3246.36,2/12/2026
2/11/2026,IRA-Roll $462K,119072621,YOU SOLD UNITY SOFTWARE INC COM (U) (Margin),U,UNITY SOFTWARE INC COM,Margin,0,,USD,22,-607,0,,,,13354,2/12/2026
2/11/2026,IRA-Roll $462K,119072621,YOU SOLD THE TRADE DESK INC COM CL A (TTD) (Margin),TTD,THE TRADE DESK INC COM CL A,Margin,0,,USD,27.16,-250,0,,,,6788.75,2/12/2026
2/11/2026,IRA-Roll $462K,119072621,YOU BOUGHT OPENING TRANSACTION CALL (WDC) WESTERN DIGITAL JAN 15 27 $210 (100 SHS) (Margin), -WDC270115C210,CALL (WDC) WESTERN DIGITAL JAN 15 27 $210 (100 SHS),Margin,0,,USD,109.65,1,0,,0.02,,-10965.02,2/12/2026
2/11/2026,IRA-Roll $462K,119072621,YOU BOUGHT OPENING TRANSACTION CALL (PLTR) PALANTIR JAN 15 27 $100 (100 SHS) (Margin), -PLTR270115C100,CALL (PLTR) PALANTIR JAN 15 27 $100 (100 SHS),Margin,0,,USD,49.9,1,0,,0.02,,-4990.02,2/12/2026
2/11/2026,IRA-Roll $462K,119072621,YOU BOUGHT CLOSING TRANSACTION CALL (SHOP) SHOPIFY INC COM NPV JAN 15 27 $85 (100 SHS) (Margin), -SHOP270115C85,CALL (SHOP) SHOPIFY INC COM NPV JAN 15 27 $85 (100 SHS),Margin,0,,USD,43.8,1,0,,0.02,,-4380.02,2/12/2026
2/11/2026,IRA-Roll $462K,119072621,YOU SOLD OPENING TRANSACTION CALL (SHOP) SHOPIFY INC COM NPV JAN 15 27 $85 (100 SHS) (Margin), -SHOP270115C85,CALL (SHOP) SHOPIFY INC COM NPV JAN 15 27 $85 (100 SHS),Margin,0,,USD,40.5,-1,0,,0.02,,4049.98,2/12/2026
2/11/2026,IRA-Roll $462K,119072621,YOU BOUGHT OPENING TRANSACTION CALL (CRM) SALESFORCE INC COM JAN 15 27 $150 (100 SHS) (Margin), -CRM270115C150,CALL (CRM) SALESFORCE INC COM JAN 15 27 $150 (100 SHS),Margin,0,,USD,51.89,1,0,,0.02,,-5189.02,2/12/2026
2/11/2026,IRA-Roll $462K,119072621,YOU SOLD FASTLY INC CL A (FSLY) (Margin),FSLY,FASTLY INC CL A,Margin,0,,USD,9.28,-78,0,,,,723.84,2/12/2026
2/11/2026,Trust PHT $988K,Z40402241,YOU BOUGHT OPENING TRANSACTION CALL (WDC) WESTERN DIGITAL JAN 15 27 $210 (100 SHS) (Margin), -WDC270115C210,CALL (WDC) WESTERN DIGITAL JAN 15 27 $210 (100 SHS),Margin,0,,USD,108.68,1,0,,0.02,,-10868.02,2/12/2026
2/12/2026,IRA-Roll $462K,119072621,REINVESTMENT APPLE INC (AAPL) (Margin),AAPL,APPLE INC,Margin,0,,USD,277.64,0.333,0,,,,-92.35,
2/12/2026,IRA-Roll $462K,119072621,DIVIDEND RECEIVED APPLE INC (AAPL) (Margin),AAPL,APPLE INC,Margin,0,,USD,,0,0,,,,92.35,
2/12/2026,IRA-Roll $462K,119072621,YOU SOLD OPENING TRANSACTION CALL (FSLY) FASTLY INC CL A MAR 20 26 $20 (100 SHS) (Margin), -FSLY260320C20,CALL (FSLY) FASTLY INC CL A MAR 20 26 $20 (100 SHS),Margin,0,,USD,1,-10,0,,0.24,,999.76,2/13/2026
2/12/2026,IRA-Roll $462K,119072621,YOU BOUGHT CLOSING TRANSACTION CALL (FSLY) FASTLY INC CL A MAR 20 26 $17.5 (100 SHS) (Margin), -FSLY260320C17.5,CALL (FSLY) FASTLY INC CL A MAR 20 26 $17.5 (100 SHS),Margin,0,,USD,1.05,10,0,,0.24,,-1050.24,2/13/2026
2/12/2026,IRA-Roll $462K,119072621,YOU SOLD OPENING TRANSACTION CALL (FSLY) FASTLY INC CL A MAR 20 26 $17.5 (100 SHS) (Margin), -FSLY260320C17.5,CALL (FSLY) FASTLY INC CL A MAR 20 26 $17.5 (100 SHS),Margin,0,,USD,1,-1,0,,0.02,,99.98,2/13/2026
2/12/2026,IRA-Roll $462K,119072621,YOU SOLD OPENING TRANSACTION CALL (FSLY) FASTLY INC CL A MAR 20 26 $17.5 (100 SHS) (Margin), -FSLY260320C17.5,CALL (FSLY) FASTLY INC CL A MAR 20 26 $17.5 (100 SHS),Margin,0,,USD,0.98,-9,0,,0.21,,881.79,2/13/2026
2/12/2026,IRA-Roll $462K,119072621,YOU SOLD OPENING TRANSACTION CALL (FSLY) FASTLY INC CL A MAR 20 26 $17.5 (100 SHS) (Margin), -FSLY260320C17.5,CALL (FSLY) FASTLY INC CL A MAR 20 26 $17.5 (100 SHS),Margin,0,,USD,0.9,-20,0,,0.48,,1799.52,2/13/2026
2/12/2026,IRA-Roll $462K,119072621,YOU BOUGHT OPENING TRANSACTION CALL (PLTR) PALANTIR JAN 15 27 $100 (100 SHS) (Margin), -PLTR270115C100,CALL (PLTR) PALANTIR JAN 15 27 $100 (100 SHS),Margin,0,,USD,45.5,1,0,,0.02,,-4550.02,2/13/2026
2/12/2026,Trust PHT $988K,Z40402241,REINVESTMENT APPLE INC (AAPL) (Margin),AAPL,APPLE INC,Margin,0,,USD,277.64,1.152,0,,,,-319.96,
2/12/2026,Trust PHT $988K,Z40402241,DIVIDEND RECEIVED APPLE INC (AAPL) (Margin),AAPL,APPLE INC,Margin,0,,USD,,0,0,,,,319.96,
2/12/2026,DI Ind. $83.5K,X69705290,YOU SOLD FASTLY INC CL A (FSLY) (Cash),FSLY,FASTLY INC CL A,Cash,0,,USD,15.1,-500,0,,,,7550,2/13/2026
2/13/2026,IRA-Roll $462K,119072621,YOU SOLD OPENING TRANSACTION CALL (FSLY) FASTLY INC CL A MAR 20 26 $22.5 (100 SHS) (Margin), -FSLY260320C22.5,CALL (FSLY) FASTLY INC CL A MAR 20 26 $22.5 (100 SHS),Margin,0,,USD,0.82,-14,0,,0.33,,1147.67,2/17/2026
2/13/2026,IRA-Roll $462K,119072621,YOU SOLD OPENING TRANSACTION CALL (MGNI) MAGNITE INC COM MAR 20 26 $14 (100 SHS) (Margin), -MGNI260320C14,CALL (MGNI) MAGNITE INC COM MAR 20 26 $14 (100 SHS),Margin,0,,USD,0.58,-40,0,,0.95,,2319.05,2/17/2026
2/13/2026,IRA-Roll $462K,119072621,YOU SOLD OPENING TRANSACTION CALL (MGNI) MAGNITE INC COM MAR 20 26 $15 (100 SHS) (Margin), -MGNI260320C15,CALL (MGNI) MAGNITE INC COM MAR 20 26 $15 (100 SHS),Margin,0,,USD,0.4,-40,0,,0.95,,1599.05,2/17/2026
2/13/2026,IRA-Roll $462K,119072621,YOU BOUGHT OPENING TRANSACTION CALL (SMCI) SUPER MICRO COMPUTER JAN 15 27 $25 (100 SHS) (Margin), -SMCI270115C25,CALL (SMCI) SUPER MICRO COMPUTER JAN 15 27 $25 (100 SHS),Margin,0,,USD,11.2,1,0,,0.02,,-1120.02,2/17/2026
2/13/2026,IRA-Roll $462K,119072621,YOU BOUGHT OPENING TRANSACTION CALL (NVDA) NVIDIA CORPORATION JAN 15 27 $150 (100 SHS) (Margin), -NVDA270115C150,CALL (NVDA) NVIDIA CORPORATION JAN 15 27 $150 (100 SHS),Margin,0,,USD,52.6,1,0,,0.02,,-5260.02,2/17/2026
2/13/2026,IRA-Roll $462K,119072621,YOU BOUGHT OPENING TRANSACTION CALL (NVDA) NVIDIA CORPORATION JAN 15 27 $150 (100 SHS) (Margin), -NVDA270115C150,CALL (NVDA) NVIDIA CORPORATION JAN 15 27 $150 (100 SHS),Margin,0,,USD,52.85,1,0,,0.02,,-5285.02,2/17/2026
2/13/2026,Trust PHT $988K,Z40402241,YOU BOUGHT OPENING TRANSACTION CALL (NVDA) NVIDIA CORPORATION JAN 15 27 $150 (100 SHS) (Margin), -NVDA270115C150,CALL (NVDA) NVIDIA CORPORATION JAN 15 27 $150 (100 SHS),Margin,0,,USD,52.87,1,0,,0.02,,-5287.02,2/17/2026
2/17/2026,Phil and Di,X65959334,BILL PAYMENT NORDSTROM (Cash), ,No Description,Cash,0,,USD,,0,0,,,,-500,
2/17/2026,Phil and Di,X65959334,TRANSFERRED FROM VS X69-705290-1 (Cash), ,No Description,Cash,0,,USD,,0,0,,,,3000,
2/17/2026,DI Ind. $83.5K,X69705290,TRANSFERRED TO VS X65-959334-1 (Cash), ,No Description,Cash,0,,USD,,0,0,,,,-3000,
2/18/2026,Phil and Di,X65959334,BILL PAYMENT BLOOMINGDALE'S (Cash), ,No Description,Cash,0,,USD,,0,0,,,,-382.5,
2/18/2026,IRA-Roll $462K,119072621,YOU BOUGHT OPENING TRANSACTION CALL (SMCI) SUPER MICRO COMPUTER JAN 15 27 $25 (100 SHS) (Margin), -SMCI270115C25,CALL (SMCI) SUPER MICRO COMPUTER JAN 15 27 $25 (100 SHS),Margin,0,,USD,10.7,1,0,,0.02,,-1070.02,2/19/2026
2/18/2026,Phil and Di,X65959334,"BILL PAYMENT CAPITAL ONE, NA (Cash)", ,No Description,Cash,0,,USD,,0,0,,,,-1487.67,
2/18/2026,IRA-Roll $462K,119072621,YOU BOUGHT OPENING TRANSACTION CALL (AMD) ADVANCED MICRO JAN 15 27 $160 (100 SHS) (Margin), -AMD270115C160,CALL (AMD) ADVANCED MICRO JAN 15 27 $160 (100 SHS),Margin,0,,USD,61.7,1,0,,0.02,,-6170.02,2/19/2026
2/20/2026,IRA-Roll $462K,119072621,YOU BOUGHT OPENING TRANSACTION CALL (ORCL) ORACLE CORP JAN 15 27 $110 (100 SHS) (Margin), -ORCL270115C110,CALL (ORCL) ORACLE CORP JAN 15 27 $110 (100 SHS),Margin,0,,USD,53,1,0,,0.02,,-5300.02,2/23/2026
2/20/2026,Trust PHT $988K,Z40402241,TRANSFERRED FROM VS Z40-402245-1 (Cash), ,No Description,Cash,0,,USD,,0,0,,,,300,
2/20/2026,Trust ETF $717K,Z40402245,TRANSFERRED TO VS Z40-402241-1 (Cash), ,No Description,Cash,0,,USD,,0,0,,,,-300,
2/20/2026,IRA-Roll $462K,119072621,YOU BOUGHT OPENING TRANSACTION CALL (CRM) SALESFORCE INC COM JAN 15 27 $150 (100 SHS) (Margin), -CRM270115C150,CALL (CRM) SALESFORCE INC COM JAN 15 27 $150 (100 SHS),Margin,0,,USD,52.3,1,0,,0.02,,-5230.02,2/23/2026
2/23/2026,IRA-Roll $462K,119072621,YOU BOUGHT OPENING TRANSACTION CALL (NET) CLOUDFLARE INC CL A MAR 20 26 $120 (100 SHS) (Margin), -NET260320C120,CALL (NET) CLOUDFLARE INC CL A MAR 20 26 $120 (100 SHS),Margin,0,,USD,42.39,1,0,,0.02,,-4239.02,2/24/2026
2/23/2026,IRA-Roll $462K,119072621,YOU BOUGHT OPENING TRANSACTION CALL (PLTR) PALANTIR JAN 15 27 $100 (100 SHS) (Margin), -PLTR270115C100,CALL (PLTR) PALANTIR JAN 15 27 $100 (100 SHS),Margin,0,,USD,45.85,1,0,,0.02,,-4585.02,2/24/2026
2/23/2026,IRA-Roll $462K,119072621,YOU BOUGHT OPENING TRANSACTION CALL (ORCL) ORACLE CORP JAN 15 27 $110 (100 SHS) (Margin), -ORCL270115C110,CALL (ORCL) ORACLE CORP JAN 15 27 $110 (100 SHS),Margin,0,,USD,48.06,1,0,,0.02,,-4806.02,2/24/2026
2/23/2026,IRA-Roll $462K,119072621,YOU BOUGHT OPENING TRANSACTION CALL (NET) CLOUDFLARE INC CL A JAN 15 27 $120 (100 SHS) (Margin), -NET270115C120,CALL (NET) CLOUDFLARE INC CL A JAN 15 27 $120 (100 SHS),Margin,0,,USD,58.7,1,0,,0.02,,-5870.02,2/24/2026
2/23/2026,IRA-Roll $462K,119072621,YOU BOUGHT OPENING TRANSACTION CALL (NET) CLOUDFLARE INC CL A JAN 15 27 $120 (100 SHS) (Margin), -NET270115C120,CALL (NET) CLOUDFLARE INC CL A JAN 15 27 $120 (100 SHS),Margin,0,,USD,60.1,1,0,,0.02,,-6010.02,2/24/2026
2/23/2026,IRA-Roll $462K,119072621,YOU BOUGHT OPENING TRANSACTION CALL (MSFT) MICROSOFT CORP JAN 15 27 $290 (100 SHS) (Margin), -MSFT270115C290,CALL (MSFT) MICROSOFT CORP JAN 15 27 $290 (100 SHS),Margin,0,,USD,112.48,1,0,,0.02,,-11248.02,2/24/2026
2/23/2026,IRA-Roll $462K,119072621,YOU BOUGHT OPENING TRANSACTION CALL (DDOG) DATADOG INC CL A COM JAN 15 27 $75 (100 SHS) (Margin), -DDOG270115C75,CALL (DDOG) DATADOG INC CL A COM JAN 15 27 $75 (100 SHS),Margin,0,,USD,38.2,1,0,,0.02,,-3820.02,2/24/2026
2/23/2026,IRA-Roll $462K,119072621,YOU BOUGHT OPENING TRANSACTION CALL (CRWD) CROWDSTRIKE HLDGS JAN 15 27 $260 (100 SHS) (Margin), -CRWD270115C260,CALL (CRWD) CROWDSTRIKE HLDGS JAN 15 27 $260 (100 SHS),Margin,0,,USD,122.01,1,0,,0.02,,-12201.02,2/24/2026
2/23/2026,Trust PHT $988K,Z40402241,YOU BOUGHT OPENING TRANSACTION CALL (MSFT) MICROSOFT CORP JAN 15 27 $290 (100 SHS) (Margin), -MSFT270115C290,CALL (MSFT) MICROSOFT CORP JAN 15 27 $290 (100 SHS),Margin,0,,USD,112.38,1,0,,0.02,,-11238.02,2/24/2026
2/23/2026,IRA-Roll $462K,119072621,YOU BOUGHT OPENING TRANSACTION CALL (AMD) ADVANCED MICRO JAN 15 27 $160 (100 SHS) (Margin), -AMD270115C160,CALL (AMD) ADVANCED MICRO JAN 15 27 $160 (100 SHS),Margin,0,,USD,61.6,1,0,,0.02,,-6160.02,2/24/2026
2/23/2026,Trust PHT $988K,Z40402241,MARGIN INTEREST as of Feb-22-2026 (Margin),,No Description,Margin,0,,USD,,0,0,,,,-299.17,
2/26/2026,Trust PHT $988K,Z40402241,YOU BOUGHT OPENING TRANSACTION CALL (NVDA) NVIDIA CORPORATION JAN 15 27 $150 (100 SHS) (Margin), -NVDA270115C150,CALL (NVDA) NVIDIA CORPORATION JAN 15 27 $150 (100 SHS),Margin,0,,USD,53.95,1,0,,0.02,,-5395.02,2/27/2026
2/26/2026,Phil and Di,X65959334,DIRECT DEPOSIT BrightBridgeACH 5680003472935 WEB (Cash), ,No Description,Cash,0,,USD,,0,0,,,,2000,
2/26/2026,IRA-Roll $462K,119072621,YOU BOUGHT OPENING TRANSACTION CALL (NVDA) NVIDIA CORPORATION JAN 15 27 $150 (100 SHS) (Margin), -NVDA270115C150,CALL (NVDA) NVIDIA CORPORATION JAN 15 27 $150 (100 SHS),Margin,0,,USD,55.41,1,0,,0.02,,-5541.02,2/27/2026
2/27/2026,IRA-Roll $462K,119072621,REINVESTMENT FIDELITY GOVERNMENT MONEY MARKET (SPAXX) (Cash),SPAXX,FIDELITY GOVERNMENT MONEY MARKET,Cash,0,,USD,1,154.18,0,,,,-154.18,
2/27/2026,IRA-Roll $462K,119072621,DIVIDEND RECEIVED FIDELITY GOVERNMENT MONEY MARKET (SPAXX) (Cash),SPAXX,FIDELITY GOVERNMENT MONEY MARKET,Cash,0,,USD,,0,0,,,,154.18,
2/27/2026,Trust PHT $988K,Z40402241,DIVIDEND RECEIVED FIDELITY GOVERNMENT MONEY MARKET (SPAXX) (Cash),SPAXX,FIDELITY GOVERNMENT MONEY MARKET,Cash,0,,USD,,0,0,,,,4.32,
2/27/2026,IRA-Roll $462K,119072621,YOU BOUGHT OPENING TRANSACTION CALL (NVDA) NVIDIA CORPORATION JAN 15 27 $150 (100 SHS) (Margin), -NVDA270115C150,CALL (NVDA) NVIDIA CORPORATION JAN 15 27 $150 (100 SHS),Margin,0,,USD,51.48,1,0,,0.02,,-5148.02,3/2/2026
2/27/2026,IRA-ROTH $321K,233267024,REINVESTMENT FIDELITY GOVERNMENT MONEY MARKET (SPAXX) (Cash),SPAXX,FIDELITY GOVERNMENT MONEY MARKET,Cash,0,,USD,1,123.99,0,,,,-123.99,
2/27/2026,IRA-ETF $203K,238174669,REINVESTMENT FIDELITY GOVERNMENT MONEY MARKET (SPAXX) (Cash),SPAXX,FIDELITY GOVERNMENT MONEY MARKET,Cash,0,,USD,1,2.98,0,,,,-2.98,
2/27/2026,DI IRA $40.6K,209435910,REINVESTMENT FIDELITY GOVERNMENT CASH RESERVES (FDRXX) (Cash),FDRXX,FIDELITY GOVERNMENT CASH RESERVES,Cash,0,,USD,1,0.06,0,,,,-0.06,
2/27/2026,Joint Account Steph,Z35441984,REINVESTMENT FIDELITY GOVERNMENT MONEY MARKET (SPAXX) (Cash),SPAXX,FIDELITY GOVERNMENT MONEY MARKET,Cash,0,,USD,1,2.6,0,,,,-2.6,
2/27/2026,Phil and Di,X65959334,INTEREST EARNED FDIC INSURED DEPOSIT AT BNY MELLON N... (QBNYQ) (Cash),QBNYQ,FDIC INSURED DEPOSIT AT BNY MELLON NOT ,Cash,0,,USD,,0,0,,,,0.06,
2/27/2026,DI Ind. $83.5K,X69705290,REINVESTMENT FIDELITY GOVERNMENT MONEY MARKET (SPAXX) (Cash),SPAXX,FIDELITY GOVERNMENT MONEY MARKET,Cash,0,,USD,1,237.71,0,,,,-237.71,
2/27/2026,Trust ETF $717K,Z40402245,REINVESTMENT FIDELITY GOVERNMENT MONEY MARKET (SPAXX) (Cash),SPAXX,FIDELITY GOVERNMENT MONEY MARKET,Cash,0,,USD,1,0.7,0,,,,-0.7,
2/27/2026,IRA-ROTH $321K,233267024,DIVIDEND RECEIVED FIDELITY GOVERNMENT MONEY MARKET (SPAXX) (Cash),SPAXX,FIDELITY GOVERNMENT MONEY MARKET,Cash,0,,USD,,0,0,,,,123.99,
2/27/2026,IRA-ETF $203K,238174669,DIVIDEND RECEIVED FIDELITY GOVERNMENT MONEY MARKET (SPAXX) (Cash),SPAXX,FIDELITY GOVERNMENT MONEY MARKET,Cash,0,,USD,,0,0,,,,2.98,
2/27/2026,DI IRA $40.6K,209435910,DIVIDEND RECEIVED FIDELITY GOVERNMENT CASH RESERVES (FDRXX) (Cash),FDRXX,FIDELITY GOVERNMENT CASH RESERVES,Cash,0,,USD,,0,0,,,,0.06,
2/27/2026,Jenn - $100K,Z20295116,DIVIDEND RECEIVED FIDELITY GOVERNMENT MONEY MARKET (SPAXX) (Cash),SPAXX,FIDELITY GOVERNMENT MONEY MARKET,Cash,0,,USD,,0,0,,,,9.2,
2/27/2026,Joint Account Steph,Z35441984,DIVIDEND RECEIVED FIDELITY GOVERNMENT MONEY MARKET (SPAXX) (Cash),SPAXX,FIDELITY GOVERNMENT MONEY MARKET,Cash,0,,USD,,0,0,,,,2.6,
2/27/2026,Phil and Di,X65959334,INTEREST EARNED FDIC INSURED DEPOSIT AT CITIBANK NOT... (QPCTQ) (Cash),QPCTQ,FDIC INSURED DEPOSIT AT CITIBANK NOT CO,Cash,0,,USD,,0,0,,,,2.89,
2/27/2026,DI Ind. $83.5K,X69705290,DIVIDEND RECEIVED FIDELITY GOVERNMENT MONEY MARKET (SPAXX) (Cash),SPAXX,FIDELITY GOVERNMENT MONEY MARKET,Cash,0,,USD,,0,0,,,,237.71,
2/27/2026,Pyramid Poker,X84790673,INTEREST EARNED FDIC INSURED DEPOSIT AT WELLS FARGO ... (QPIQQ) (Cash),QPIQQ,FDIC INSURED DEPOSIT AT WELLS FARGO BK ,Cash,0,,USD,,0,0,,,,2.68,
2/27/2026,Trust ETF $717K,Z40402245,DIVIDEND RECEIVED FIDELITY GOVERNMENT MONEY MARKET (SPAXX) (Cash),SPAXX,FIDELITY GOVERNMENT MONEY MARKET,Cash,0,,USD,,0,0,,,,0.7,
2/27/2026,IRA-ROTH $321K,233267024,YOU BOUGHT OPENING TRANSACTION CALL (SOXX) ISHARES TR ISHARES JAN 15 27 $275 (100 SHS) (Margin), -SOXX270115C275,CALL (SOXX) ISHARES TR ISHARES JAN 15 27 $275 (100 SHS),Margin,0,,USD,103,1,0,,0.02,,-10300.02,3/2/2026
3/2/2026,IRA-ROTH $321K,233267024,YOU BOUGHT OPENING TRANSACTION CALL (SOXX) ISHARES TR ISHARES JAN 15 27 $275 (100 SHS) (Margin), -SOXX270115C275,CALL (SOXX) ISHARES TR ISHARES JAN 15 27 $275 (100 SHS),Margin,0,,USD,101.8,1,0,,0.02,,-10180.02,3/3/2026
3/2/2026,Phil and Lynn,X82843893,DIVIDEND RECEIVED as of Mar-01-2026 KROGER CO COM USD1.00 (KR) (Cash),KR,KROGER CO COM USD1.00,Cash,0,,USD,,0,0,,,,0.35,
3/3/2026,Trust PHT $988K,Z40402241,REINVESTMENT KLA CORP COM NEW (KLAC) (Margin),KLAC,KLA CORP COM NEW,Margin,0,,USD,1521.21,0.117,0,,,,-178.29,
3/3/2026,Trust PHT $988K,Z40402241,DIVIDEND RECEIVED KLA CORP COM NEW (KLAC) (Margin),KLAC,KLA CORP COM NEW,Margin,0,,USD,,0,0,,,,178.29,
3/3/2026,Trust PHT $988K,Z40402241,YOU BOUGHT OPENING TRANSACTION CALL (WDC) WESTERN DIGITAL JAN 15 27 $210 (100 SHS) (Margin), -WDC270115C210,CALL (WDC) WESTERN DIGITAL JAN 15 27 $210 (100 SHS),Margin,0,,USD,93.75,1,0,,0.02,,-9375.02,3/4/2026
3/3/2026,Trust PHT $988K,Z40402241,YOU BOUGHT OPENING TRANSACTION CALL (SMCI) SUPER MICRO COMPUTER JAN 15 27 $25 (100 SHS) (Margin), -SMCI270115C25,CALL (SMCI) SUPER MICRO COMPUTER JAN 15 27 $25 (100 SHS),Margin,0,,USD,10.73,1,0,,0.02,,-1073.02,3/4/2026
3/3/2026,Trust PHT $988K,Z40402241,YOU BOUGHT OPENING TRANSACTION CALL (NVDA) NVIDIA CORPORATION JAN 15 27 $150 (100 SHS) (Margin), -NVDA270115C150,CALL (NVDA) NVIDIA CORPORATION JAN 15 27 $150 (100 SHS),Margin,0,,USD,49.63,1,0,,0.02,,-4963.02,3/4/2026
3/3/2026,Trust PHT $988K,Z40402241,YOU BOUGHT OPENING TRANSACTION CALL (AMD) ADVANCED MICRO JAN 15 27 $160 (100 SHS) (Margin), -AMD270115C160,CALL (AMD) ADVANCED MICRO JAN 15 27 $160 (100 SHS),Margin,0,,USD,57.9,1,0,,0.02,,-5790.02,3/4/2026
3/3/2026,Trust PHT $988K,Z40402241,YOU BOUGHT OPENING TRANSACTION CALL (AMD) ADVANCED MICRO JAN 15 27 $150 (100 SHS) (Margin), -AMD270115C150,CALL (AMD) ADVANCED MICRO JAN 15 27 $150 (100 SHS),Margin,0,,USD,63.1,1,0,,0.02,,-6310.02,3/4/2026
3/3/2026,IRA-ROTH $321K,233267024,YOU BOUGHT OPENING TRANSACTION CALL (SOXX) ISHARES TR ISHARES JAN 15 27 $275 (100 SHS) (Margin), -SOXX270115C275,CALL (SOXX) ISHARES TR ISHARES JAN 15 27 $275 (100 SHS),Margin,0,,USD,91,1,0,,0.02,,-9100.02,3/4/2026
3/3/2026,Trust PHT $988K,Z40402241,Electronic Funds Transfer Paid (Cash),,No Description,Cash,0,,USD,,0,0,,,,-15000,
3/6/2026,IRA-ROTH $321K,233267024,YOU BOUGHT OPENING TRANSACTION CALL (SOXX) ISHARES TR ISHARES JAN 15 27 $275 (100 SHS) (Margin), -SOXX270115C275,CALL (SOXX) ISHARES TR ISHARES JAN 15 27 $275 (100 SHS),Margin,0,,USD,80.8,1,0,,0.02,,-8080.02,3/9/2026
3/6/2026,IRA-ROTH $321K,233267024,YOU BOUGHT OPENING TRANSACTION CALL (SOXX) ISHARES TR ISHARES JAN 15 27 $275 (100 SHS) (Margin), -SOXX270115C275,CALL (SOXX) ISHARES TR ISHARES JAN 15 27 $275 (100 SHS),Margin,0,,USD,84,1,0,,0.02,,-8400.02,3/9/2026
3/11/2026,IRA-Roll $462K,119072621,YOU SOLD CLOSING TRANSACTION CALL (NET) CLOUDFLARE INC CL A MAR 20 26 $120 (100 SHS) (Margin), -NET260320C120,CALL (NET) CLOUDFLARE INC CL A MAR 20 26 $120 (100 SHS),Margin,0,,USD,90.22,-1,0,,0.02,,9021.98,3/12/2026
3/11/2026,IRA-Roll $462K,119072621,YOU SOLD CLOSING TRANSACTION CALL (NET) CLOUDFLARE INC CL A JAN 15 27 $120 (100 SHS) (Margin), -NET270115C120,CALL (NET) CLOUDFLARE INC CL A JAN 15 27 $120 (100 SHS),Margin,0,,USD,102.59,-1,0,,0.02,,10258.98,3/12/2026
3/11/2026,IRA-Roll $462K,119072621,YOU SOLD CLOSING TRANSACTION CALL (NET) CLOUDFLARE INC CL A JAN 15 27 $120 (100 SHS) (Margin), -NET270115C120,CALL (NET) CLOUDFLARE INC CL A JAN 15 27 $120 (100 SHS),Margin,0,,USD,102.98,-1,0,,0.02,,10297.98,3/12/2026
3/11/2026,Trust PHT $988K,Z40402241,YOU SOLD CLOSING TRANSACTION CALL (SMCI) SUPER MICRO COMPUTER JAN 15 27 $25 (100 SHS) (Margin), -SMCI270115C25,CALL (SMCI) SUPER MICRO COMPUTER JAN 15 27 $25 (100 SHS),Margin,0,,USD,11.87,-4,0,,0.09,,4747.91,3/12/2026
3/11/2026,IRA-Roll $462K,119072621,YOU SOLD CLOSING TRANSACTION CALL (CRWD) CROWDSTRIKE HLDGS JAN 15 27 $260 (100 SHS) (Margin), -CRWD270115C260,CALL (CRWD) CROWDSTRIKE HLDGS JAN 15 27 $260 (100 SHS),Margin,0,,USD,200.58,-1,0,,0.02,,20057.98,3/12/2026
3/12/2026,IRA-Roll $462K,119072621,YOU BOUGHT OPENING TRANSACTION CALL (WDC) WESTERN DIGITAL JAN 15 27 $210 (100 SHS) (Margin), -WDC270115C210,CALL (WDC) WESTERN DIGITAL JAN 15 27 $210 (100 SHS),Margin,0,,USD,99.5,1,0,,0.02,,-9950.02,3/13/2026
3/12/2026,IRA-Roll $462K,119072621,YOU BOUGHT OPENING TRANSACTION CALL (STX) SEAGATE TECHNOLOGY JAN 15 27 $320 (100 SHS) (Margin), -STX270115C320,CALL (STX) SEAGATE TECHNOLOGY JAN 15 27 $320 (100 SHS),Margin,0,,USD,122.8,1,0,,0.02,,-12280.02,3/13/2026
3/12/2026,Trust PHT $988K,Z40402241,REINVESTMENT MICROSOFT CORP (MSFT) (Margin),MSFT,MICROSOFT CORP,Margin,0,,USD,404.57,0.232,0,,,,-94.05,
3/12/2026,IRA-Roll $462K,119072621,YOU BOUGHT OPENING TRANSACTION CALL (NVDA) NVIDIA CORPORATION JAN 15 27 $150 (100 SHS) (Margin), -NVDA270115C150,CALL (NVDA) NVIDIA CORPORATION JAN 15 27 $150 (100 SHS),Margin,0,,USD,51.2,1,0,,0.02,,-5120.02,3/13/2026
3/12/2026,Trust PHT $988K,Z40402241,DIVIDEND RECEIVED MICROSOFT CORP (MSFT) (Margin),MSFT,MICROSOFT CORP,Margin,0,,USD,,0,0,,,,94.05,
3/12/2026,IRA-Roll $462K,119072621,YOU BOUGHT OPENING TRANSACTION CALL (NVDA) NVIDIA CORPORATION JAN 15 27 $150 (100 SHS) (Margin), -NVDA270115C150,CALL (NVDA) NVIDIA CORPORATION JAN 15 27 $150 (100 SHS),Margin,0,,USD,52.05,1,0,,0.02,,-5205.02,3/13/2026
3/12/2026,IRA-Roll $462K,119072621,YOU BOUGHT OPENING TRANSACTION CALL (AMD) ADVANCED MICRO JAN 15 27 $160 (100 SHS) (Margin), -AMD270115C160,CALL (AMD) ADVANCED MICRO JAN 15 27 $160 (100 SHS),Margin,0,,USD,63.6,1,0,,0.02,,-6360.02,3/13/2026
3/13/2026,IRA-Roll $462K,119072621,YOU BOUGHT OPENING TRANSACTION CALL (NVDA) NVIDIA CORPORATION JAN 15 27 $150 (100 SHS) (Margin), -NVDA270115C150,CALL (NVDA) NVIDIA CORPORATION JAN 15 27 $150 (100 SHS),Margin,0,,USD,49.93,1,0,,0.02,,-4993.02,3/16/2026
3/13/2026,DI Ind. $83.5K,X69705290,YOU BOUGHT OPENING TRANSACTION CALL (META) META PLATFORMS INC JAN 21 28 $500 (100 SHS) (Margin), -META280121C500,CALL (META) META PLATFORMS INC JAN 21 28 $500 (100 SHS),Margin,0,,USD,205.4,1,0,0.65,0.02,,-20540.67,3/16/2026
3/13/2026,IRA-Roll $462K,119072621,YOU SOLD CLOSING TRANSACTION CALL (NVDA) NVIDIA CORPORATION JAN 15 27 $150 (100 SHS) (Margin), -NVDA270115C150,CALL (NVDA) NVIDIA CORPORATION JAN 15 27 $150 (100 SHS),Margin,0,,USD,50.08,-1,0,,0.02,,5007.98,3/16/2026
3/13/2026,DI Ind. $83.5K,X69705290,YOU BOUGHT OPENING TRANSACTION CALL (TSLA) TESLA INC COM JAN 21 28 $300 (100 SHS) (Margin), -TSLA280121C300,CALL (TSLA) TESLA INC COM JAN 21 28 $300 (100 SHS),Margin,0,,USD,161.21,1,0,0.65,0.02,,-16121.67,3/16/2026
3/13/2026,IRA-Roll $462K,119072621,YOU BOUGHT OPENING TRANSACTION CALL (AMD) ADVANCED MICRO JAN 15 27 $160 (100 SHS) (Margin), -AMD270115C160,CALL (AMD) ADVANCED MICRO JAN 15 27 $160 (100 SHS),Margin,0,,USD,59.27,1,0,,0.02,,-5927.02,3/16/2026
3/13/2026,DI Ind. $83.5K,X69705290,YOU BOUGHT OPENING TRANSACTION CALL (SOXX) ISHARES TR ISHARES JAN 15 27 $275 (100 SHS) (Margin), -SOXX270115C275,CALL (SOXX) ISHARES TR ISHARES JAN 15 27 $275 (100 SHS),Margin,0,,USD,85.81,1,0,0.65,0.02,,-8581.67,3/16/2026
3/13/2026,Trust PHT $988K,Z40402241,YOU SOLD CLOSING TRANSACTION CALL (WDC) WESTERN DIGITAL JAN 15 27 $210 (100 SHS) (Margin), -WDC270115C210,CALL (WDC) WESTERN DIGITAL JAN 15 27 $210 (100 SHS),Margin,0,,USD,111.05,-2,0,,0.05,,22209.95,3/16/2026
3/13/2026,DI Ind. $83.5K,X69705290,YOU BOUGHT OPENING TRANSACTION CALL (NVDA) NVIDIA CORPORATION JAN 15 27 $150 (100 SHS) (Margin), -NVDA270115C150,CALL (NVDA) NVIDIA CORPORATION JAN 15 27 $150 (100 SHS),Margin,0,,USD,50.18,1,0,0.65,0.02,,-5018.67,3/16/2026
3/13/2026,Trust PHT $988K,Z40402241,YOU SOLD 26072JWN1S PAR TECHNOLOGY CORP (PAR) (Margin),PAR,PAR TECHNOLOGY CORP,Margin,0,,USD,13.68,-850,0,,,,11628,3/16/2026
3/13/2026,DI Ind. $83.5K,X69705290,YOU BOUGHT OPENING TRANSACTION CALL (AMD) ADVANCED MICRO JAN 15 27 $160 (100 SHS) (Margin), -AMD270115C160,CALL (AMD) ADVANCED MICRO JAN 15 27 $160 (100 SHS),Margin,0,,USD,58.78,1,0,0.65,0.02,,-5878.67,3/16/2026
3/16/2026,DI Ind. $83.5K,X69705290,YOU BOUGHT OPENING TRANSACTION CALL (NET) CLOUDFLARE INC CL A JAN 15 27 $150 (100 SHS) (Margin), -NET270115C150,CALL (NET) CLOUDFLARE INC CL A JAN 15 27 $150 (100 SHS),Margin,0,,USD,78.83,1,0,0.65,0.02,,-7883.67,3/17/2026
3/16/2026,IRA-Roll $462K,119072621,REINVESTMENT ALPHABET INC CAP STK CL C (GOOG) (Margin),GOOG,ALPHABET INC CAP STK CL C,Margin,0,,USD,303.81,0.19,0,,,,-57.75,
3/16/2026,IRA-Roll $462K,119072621,DIVIDEND RECEIVED ALPHABET INC CAP STK CL C (GOOG) (Margin),GOOG,ALPHABET INC CAP STK CL C,Margin,0,,USD,,0,0,,,,57.75,
3/16/2026,Trust PHT $988K,Z40402241,REINVESTMENT ALPHABET INC CAP STK CL A (GOOGL) (Margin),GOOGL,ALPHABET INC CAP STK CL A,Margin,0,,USD,304.32,0.097,0,,,,-29.41,
3/16/2026,DI Ind. $83.5K,X69705290,YOU BOUGHT OPENING TRANSACTION CALL (CRWD) CROWDSTRIKE HLDGS JAN 15 27 $350 (100 SHS) (Margin), -CRWD270115C350,CALL (CRWD) CROWDSTRIKE HLDGS JAN 15 27 $350 (100 SHS),Margin,0,,USD,124.31,1,0,0.65,0.02,,-12431.67,3/17/2026
3/16/2026,Trust PHT $988K,Z40402241,DIVIDEND RECEIVED ALPHABET INC CAP STK CL A (GOOGL) (Margin),GOOGL,ALPHABET INC CAP STK CL A,Margin,0,,USD,,0,0,,,,29.41,
3/16/2026,Trust PHT $988K,Z40402241,REINVESTMENT ALPHABET INC CAP STK CL C (GOOG) (Margin),GOOG,ALPHABET INC CAP STK CL C,Margin,0,,USD,303.81,0.097,0,,,,-29.41,
3/16/2026,DI Ind. $83.5K,X69705290,YOU BOUGHT ISHARES MSCI SOUTH KOREA ETF (EWY) (Cash),EWY,ISHARES MSCI SOUTH KOREA ETF,Cash,0,,USD,131.57,20,0,,,,-2631.4,3/17/2026
3/16/2026,Trust PHT $988K,Z40402241,DIVIDEND RECEIVED ALPHABET INC CAP STK CL C (GOOG) (Margin),GOOG,ALPHABET INC CAP STK CL C,Margin,0,,USD,,0,0,,,,29.41,
3/16/2026,DI Ind. $83.5K,X69705290,YOU BOUGHT ISHARES MSCI SOUTH KOREA ETF (EWY) (Cash),EWY,ISHARES MSCI SOUTH KOREA ETF,Cash,0,,USD,131.73,10,0,,,,-1317.3,3/17/2026
3/16/2026,IRA-Roll $462K,119072621,YOU BOUGHT ISHARES MSCI SOUTH KOREA ETF (EWY) (Cash),EWY,ISHARES MSCI SOUTH KOREA ETF,Cash,0,,USD,131.54,20,0,,,,-2630.87,3/17/2026
3/16/2026,DI Ind. $83.5K,X69705290,YOU BOUGHT ISHARES MSCI SOUTH KOREA ETF (EWY) (Cash),EWY,ISHARES MSCI SOUTH KOREA ETF,Cash,0,,USD,131.89,10,0,,,,-1318.9,3/17/2026
3/16/2026,IRA-Roll $462K,119072621,YOU BOUGHT ISHARES MSCI SOUTH KOREA ETF (EWY) (Cash),EWY,ISHARES MSCI SOUTH KOREA ETF,Cash,0,,USD,131.9,10,0,,,,-1319,3/17/2026
3/16/2026,DI Ind. $83.5K,X69705290,YOU BOUGHT ISHARES MSCI SOUTH KOREA ETF (EWY) (Cash),EWY,ISHARES MSCI SOUTH KOREA ETF,Cash,0,,USD,131.96,10,0,,,,-1319.59,3/17/2026
3/16/2026,IRA-Roll $462K,119072621,YOU BOUGHT ISHARES MSCI SOUTH KOREA ETF (EWY) (Cash),EWY,ISHARES MSCI SOUTH KOREA ETF,Cash,0,,USD,131.97,10,0,,,,-1319.7,3/17/2026
3/17/2026,Trust PHT $988K,Z40402241,YOU SOLD V2X INC COM (VVX) (Margin),VVX,V2X INC COM,Margin,0,,USD,68,-600,0,,,,40800,3/18/2026
3/17/2026,Trust PHT $988K,Z40402241,YOU SOLD CIRRUS LOGIC INC (CRUS) (Margin),CRUS,CIRRUS LOGIC INC,Margin,0,,USD,138,-60,0,,,,8280,3/18/2026
3/17/2026,Trust PHT $988K,Z40402241,YOU SOLD CIRRUS LOGIC INC (CRUS) (Margin),CRUS,CIRRUS LOGIC INC,Margin,0,,USD,135.72,-80,0,,,,10857.6,3/18/2026
3/17/2026,Trust PHT $988K,Z40402241,YOU SOLD CIRRUS LOGIC INC (CRUS) (Margin),CRUS,CIRRUS LOGIC INC,Margin,0,,USD,138,-100,0,,,,13800,3/18/2026
3/18/2026,IRA-Roll $462K,119072621,YOU SOLD TELADOC HEALTH INC COM (TDOC) (Margin),TDOC,TELADOC HEALTH INC COM,Margin,0,,USD,5.55,-1292,0,,,,7170.6,3/19/2026
3/18/2026,IRA-Roll $462K,119072621,YOU SOLD C3 AI INC CL A (AI) (Margin),AI,C3 AI INC CL A,Margin,0,,USD,8.68,-1000,0,,,,8680,3/19/2026
3/18/2026,IRA-Roll $462K,119072621,YOU SOLD C3 AI INC CL A (AI) (Margin),AI,C3 AI INC CL A,Margin,0,,USD,8.7,-1000,0,,,,8700,3/19/2026
3/18/2026,DI Ind. $83.5K,X69705290,YOU BOUGHT OPENING TRANSACTION CALL (AVGO) BROADCOM INC COM JAN 15 27 $240 (100 SHS) (Margin), -AVGO270115C240,CALL (AVGO) BROADCOM INC COM JAN 15 27 $240 (100 SHS),Margin,0,,USD,103.66,1,0,0.65,0.02,,-10366.67,3/19/2026
3/18/2026,IRA-Roll $462K,119072621,YOU SOLD C3 AI INC CL A (AI) (Margin),AI,C3 AI INC CL A,Margin,0,,USD,8.64,-1517,0,,,,13106.88,3/19/2026
3/19/2026,IRA-Roll $462K,119072621,YOU BOUGHT OPENING TRANSACTION CALL (AVGO) BROADCOM INC COM JAN 15 27 $240 (100 SHS) (Margin), -AVGO270115C240,CALL (AVGO) BROADCOM INC COM JAN 15 27 $240 (100 SHS),Margin,0,,USD,99.41,1,0,,0.02,,-9941.02,3/20/2026
3/19/2026,IRA-Roll $462K,119072621,YOU BOUGHT OPENING TRANSACTION CALL (NVDA) NVIDIA CORPORATION JAN 15 27 $150 (100 SHS) (Margin), -NVDA270115C150,CALL (NVDA) NVIDIA CORPORATION JAN 15 27 $150 (100 SHS),Margin,0,,USD,46.8,1,0,,0.02,,-4680.02,3/20/2026
3/19/2026,IRA-Roll $462K,119072621,YOU BOUGHT OPENING TRANSACTION CALL (AMD) ADVANCED MICRO JAN 15 27 $160 (100 SHS) (Margin), -AMD270115C160,CALL (AMD) ADVANCED MICRO JAN 15 27 $160 (100 SHS),Margin,0,,USD,61.23,1,0,,0.02,,-6123.02,3/20/2026
3/19/2026,IRA-ROTH $321K,233267024,YOU SOLD ALARUM TECHNOLOGIES LTD SPON ADS EAC... (ALAR) (Cash),ALAR,ALARUM TECHNOLOGIES LTD SPON ADS EACH R,Cash,0,,USD,6.14,-150,0,,,,921,3/20/2026
3/19/2026,IRA-Roll $462K,119072621,YOU BOUGHT ISHARES MSCI SOUTH KOREA ETF (EWY) (Cash),EWY,ISHARES MSCI SOUTH KOREA ETF,Cash,0,,USD,128.6,50,0,,,,-6430,3/20/2026
3/19/2026,IRA-ROTH $321K,233267024,YOU SOLD ALARUM TECHNOLOGIES LTD SPON ADS EAC... (ALAR) (Cash),ALAR,ALARUM TECHNOLOGIES LTD SPON ADS EACH R,Cash,0,,USD,6.14,-250,0,,,,1535,3/20/2026
3/19/2026,IRA-ROTH $321K,233267024,YOU SOLD ALARUM TECHNOLOGIES LTD SPON ADS EAC... (ALAR) (Cash),ALAR,ALARUM TECHNOLOGIES LTD SPON ADS EACH R,Cash,0,,USD,6.14,-700,0,,,,4298,3/20/2026
3/19/2026,IRA-ROTH $321K,233267024,YOU SOLD EX-DIV DATE 03/20/26RECORD DATE 03/20/26PAYABLE DTE 04/30/26 STATE STREET SPDR S&P 500 ETF UNITS (SPY) (Cash),SPY,STATE STREET SPDR S&P 500 ETF UNITS,Cash,0,,USD,662.03,-0.241,0,,,,159.55,3/20/2026
3/19/2026,IRA-ROTH $321K,233267024,YOU SOLD EX-DIV DATE 03/20/26RECORD DATE 03/20/26PAYABLE DTE 04/30/26 STATE STREET SPDR S&P 500 ETF UNITS (SPY) (Cash),SPY,STATE STREET SPDR S&P 500 ETF UNITS,Cash,0,,USD,662.03,-18,0,,,,11916.45,3/20/2026
3/19/2026,IRA-ROTH $321K,233267024,YOU SOLD CEVA INC (CEVA) (Cash),CEVA,CEVA INC,Cash,0,,USD,18.73,-225,0,,,,4214.25,3/20/2026
3/20/2026,IRA-Roll $462K,119072621,YOU SOLD CLOSING TRANSACTION CALL (SMCI) SUPER MICRO COMPUTER JAN 15 27 $25 (100 SHS) (Margin), -SMCI270115C25,CALL (SMCI) SUPER MICRO COMPUTER JAN 15 27 $25 (100 SHS),Margin,0,,USD,5.74,-2,0,,0.05,,1147.95,3/23/2026
3/20/2026,IRA-ROTH $321K,233267024,REINVESTMENT ISHARES TR EXPND TEC SC ETF (IGM) (Margin),IGM,ISHARES TR EXPND TEC SC ETF,Margin,0,,USD,122.68,0.038,0,,,,-4.7,
3/20/2026,IRA-Roll $462K,119072621,YOU BOUGHT OPENING TRANSACTION CALL (NVDA) NVIDIA CORPORATION JAN 15 27 $150 (100 SHS) (Margin), -NVDA270115C150,CALL (NVDA) NVIDIA CORPORATION JAN 15 27 $150 (100 SHS),Margin,0,,USD,45.37,1,0,,0.02,,-4537.02,3/23/2026
3/20/2026,IRA-ROTH $321K,233267024,DIVIDEND RECEIVED ISHARES TR EXPND TEC SC ETF (IGM) (Margin),IGM,ISHARES TR EXPND TEC SC ETF,Margin,0,,USD,,0,0,,,,4.7,
3/20/2026,IRA-ROTH $321K,233267024,REINVESTMENT ISHARES TR ISHARES SEMICDTR (SOXX) (Margin),SOXX,ISHARES TR ISHARES SEMICDTR,Margin,0,,USD,336.13,0.606,0,,,,-203.78,
3/20/2026,IRA-ROTH $321K,233267024,DIVIDEND RECEIVED ISHARES TR ISHARES SEMICDTR (SOXX) (Margin),SOXX,ISHARES TR ISHARES SEMICDTR,Margin,0,,USD,,0,0,,,,203.78,
3/20/2026,IRA-Roll $462K,119072621,YOU SOLD PINTEREST INC CL A (PINS) (Margin),PINS,PINTEREST INC CL A,Margin,0,,USD,18.81,-0.541,0,,,,10.18,3/23/2026
3/20/2026,IRA-ROTH $321K,233267024,YOU SOLD SUPER MICRO COMPUTER INC COM NEW (SMCI) (Margin),SMCI,SUPER MICRO COMPUTER INC COM NEW,Margin,0,,USD,22.2,-650,0,,,,14430,3/23/2026
3/20/2026,IRA-Roll $462K,119072621,YOU SOLD PINTEREST INC CL A (PINS) (Margin),PINS,PINTEREST INC CL A,Margin,0,,USD,18.81,-871,0,,,,16383.51,3/23/2026
3/20/2026,Trust ETF $717K,Z40402245,DIVIDEND RECEIVED ISHARES US TECHNOLOGY ETF (IYW) (Cash),IYW,ISHARES US TECHNOLOGY ETF,Cash,0,,USD,,0,0,,,,40.53,
3/20/2026,Trust ETF $717K,Z40402245,DIVIDEND RECEIVED ISHARES TR RUS 2000 GRW ETF (IWO) (Cash),IWO,ISHARES TR RUS 2000 GRW ETF,Cash,0,,USD,,0,0,,,,5.73,
3/20/2026,IRA-Roll $462K,119072621,YOU BOUGHT ISHARES MSCI SOUTH KOREA ETF (EWY) (Cash),EWY,ISHARES MSCI SOUTH KOREA ETF,Cash,0,,USD,127.24,40,0,,,,-5089.6,3/23/2026
3/20/2026,IRA-ETF $203K,238174669,REINVESTMENT ISHARES TR EXPND TEC SC ETF (IGM) (Cash),IGM,ISHARES TR EXPND TEC SC ETF,Cash,0,,USD,122.68,0.175,0,,,,-21.44,
3/20/2026,Trust ETF $717K,Z40402245,DIVIDEND RECEIVED ISHARES TR EXPND TEC SC ETF (IGM) (Cash),IGM,ISHARES TR EXPND TEC SC ETF,Cash,0,,USD,,0,0,,,,28.36,
3/20/2026,IRA-Roll $462K,119072621,YOU BOUGHT ISHARES MSCI SOUTH KOREA ETF (EWY) (Cash),EWY,ISHARES MSCI SOUTH KOREA ETF,Cash,0,,USD,129.07,40,0,,,,-5162.8,3/23/2026
3/20/2026,IRA-ETF $203K,238174669,DIVIDEND RECEIVED ISHARES TR EXPND TEC SC ETF (IGM) (Cash),IGM,ISHARES TR EXPND TEC SC ETF,Cash,0,,USD,,0,0,,,,21.44,
3/20/2026,Jenn - $100K,Z20295116,REINVESTMENT ISHARES TR EXPND TEC SC ETF (IGM) (Cash),IGM,ISHARES TR EXPND TEC SC ETF,Cash,0,,USD,122.68,0.008,0,,,,-1.04,
3/20/2026,Trust ETF $717K,Z40402245,DIVIDEND RECEIVED ISHARES TR ISHARES SEMICDTR (SOXX) (Cash),SOXX,ISHARES TR ISHARES SEMICDTR,Cash,0,,USD,,0,0,,,,289.69,
3/20/2026,IRA-Roll $462K,119072621,YOU SOLD ADOBE INC COM (ADBE) (Margin),ADBE,ADOBE INC COM,Margin,0,,USD,247.24,-66,0,,,,16317.84,3/23/2026
3/20/2026,IRA-ETF $203K,238174669,REINVESTMENT ISHARES CORE S&P 500 ETF (IVV) (Cash),IVV,ISHARES CORE S&P 500 ETF,Cash,0,,USD,659.1,0.13,0,,,,-85.88,
3/20/2026,Jenn - $100K,Z20295116,DIVIDEND RECEIVED ISHARES TR EXPND TEC SC ETF (IGM) (Cash),IGM,ISHARES TR EXPND TEC SC ETF,Cash,0,,USD,,0,0,,,,1.04,
3/20/2026,Trust ETF $717K,Z40402245,DIVIDEND RECEIVED ISHARES TR RUS MD CP GR ETF (IWP) (Cash),IWP,ISHARES TR RUS MD CP GR ETF,Cash,0,,USD,,0,0,,,,5.16,
3/20/2026,IRA-ETF $203K,238174669,DIVIDEND RECEIVED ISHARES CORE S&P 500 ETF (IVV) (Cash),IVV,ISHARES CORE S&P 500 ETF,Cash,0,,USD,,0,0,,,,85.88,
3/20/2026,DI IRA $40.6K,209435910,DIVIDEND RECEIVED ISHARES TR ISHARES SEMICDTR (SOXX) (Cash),SOXX,ISHARES TR ISHARES SEMICDTR,Cash,0,,USD,,0,0,,,,10.21,
3/20/2026,Jenn - $100K,Z20295116,DIVIDEND RECEIVED ISHARES TR ISHARES SEMICDTR (SOXX) (Cash),SOXX,ISHARES TR ISHARES SEMICDTR,Cash,0,,USD,,0,0,,,,31.78,
3/20/2026,DI Ind. $83.5K,X69705290,DIVIDEND RECEIVED ISHARES TR ISHARES SEMICDTR (SOXX) (Margin),SOXX,ISHARES TR ISHARES SEMICDTR,Margin,0,,USD,,0,0,,,,31.45,
3/20/2026,Trust ETF $717K,Z40402245,DIVIDEND RECEIVED ISHARES CORE S&P 500 ETF (IVV) (Cash),IVV,ISHARES CORE S&P 500 ETF,Cash,0,,USD,,0,0,,,,317.72,
3/23/2026,IRA-Roll $462K,119072621,ASSIGNED as of Mar-20-2026 CALL (FSLY) FASTLY INC CL A MAR 20 26 $22.5 (100 SHS) (Margin), -FSLY260320C22.5,CALL (FSLY) FASTLY INC CL A MAR 20 26 $22.5 (100 SHS),Margin,0,,USD,,14,0,,,,0,
3/23/2026,IRA-Roll $462K,119072621,ASSIGNED as of Mar-20-2026 CALL (FSLY) FASTLY INC CL A MAR 20 26 $20 (100 SHS) (Margin), -FSLY260320C20,CALL (FSLY) FASTLY INC CL A MAR 20 26 $20 (100 SHS),Margin,0,,USD,,10,0,,,,0,
3/23/2026,IRA-Roll $462K,119072621,ASSIGNED as of Mar-20-2026 CALL (FSLY) FASTLY INC CL A MAR 20 26 $17.5 (100 SHS) (Margin), -FSLY260320C17.5,CALL (FSLY) FASTLY INC CL A MAR 20 26 $17.5 (100 SHS),Margin,0,,USD,,20,0,,,,0,
3/23/2026,IRA-Roll $462K,119072621,EXPIRED CALL (MGNI) MAGNITE INC COM MAR 20 26 $14 as of Mar-20-2026 CALL (MGNI) MAGNITE INC COM MAR 20 26 $14 (100 SHS) (Margin), -MGNI260320C14,CALL (MGNI) MAGNITE INC COM MAR 20 26 $14 (100 SHS),Margin,0,,USD,,40,0,,,,0,
3/23/2026,IRA-Roll $462K,119072621,EXPIRED CALL (MGNI) MAGNITE INC COM MAR 20 26 $15 as of Mar-20-2026 CALL (MGNI) MAGNITE INC COM MAR 20 26 $15 (100 SHS) (Margin), -MGNI260320C15,CALL (MGNI) MAGNITE INC COM MAR 20 26 $15 (100 SHS),Margin,0,,USD,,40,0,,,,0,
3/23/2026,IRA-Roll $462K,119072621,YOU SOLD TESLA INC COM (TSLA) (Margin),TSLA,TESLA INC COM,Margin,0,,USD,382,-50,0,,,,19100,3/24/2026
3/23/2026,IRA-Roll $462K,119072621,YOU SOLD TESLA INC COM (TSLA) (Margin),TSLA,TESLA INC COM,Margin,0,,USD,385,-50,0,,,,19250,3/24/2026
3/23/2026,IRA-Roll $462K,119072621,YOU SOLD CLOSING TRANSACTION CALL (PLTR) PALANTIR JAN 15 27 $100 (100 SHS) (Margin), -PLTR270115C100,CALL (PLTR) PALANTIR JAN 15 27 $100 (100 SHS),Margin,0,,USD,71,-1,0,,0.02,,7099.98,3/24/2026
3/23/2026,IRA-Roll $462K,119072621,YOU SOLD CLOSING TRANSACTION CALL (DDOG) DATADOG INC CL A COM JAN 15 27 $75 (100 SHS) (Margin), -DDOG270115C75,CALL (DDOG) DATADOG INC CL A COM JAN 15 27 $75 (100 SHS),Margin,0,,USD,62.5,-1,0,,0.02,,6249.98,3/24/2026
3/23/2026,IRA-Roll $462K,119072621,YOU SOLD PALANTIR TECHNOLOGIES INC CL A (PLTR) (Margin),PLTR,PALANTIR TECHNOLOGIES INC CL A,Margin,0,,USD,159,-100,0,,,,15900,3/24/2026
3/23/2026,IRA-Roll $462K,119072621,YOU SOLD PALANTIR TECHNOLOGIES INC CL A (PLTR) (Margin),PLTR,PALANTIR TECHNOLOGIES INC CL A,Margin,0,,USD,160,-100,0,,,,16000,3/24/2026
3/23/2026,IRA-Roll $462K,119072621,YOU SOLD ASSIGNED CALLS AS OF 03-20-26 FASTLY INC CL A (FSLY) (Margin),FSLY,FASTLY INC CL A,Margin,0,,USD,20,-1000,0,,,,20000,3/23/2026
3/23/2026,IRA-ROTH $321K,233267024,YOU SOLD CLOSING TRANSACTION CALL (SOXX) ISHARES TR ISHARES JAN 15 27 $275 (100 SHS) (Margin), -SOXX270115C275,CALL (SOXX) ISHARES TR ISHARES JAN 15 27 $275 (100 SHS),Margin,0,,USD,93.5,-1,0,,0.02,,9349.98,3/24/2026
3/23/2026,IRA-ROTH $321K,233267024,YOU SOLD CLOSING TRANSACTION CALL (SOXX) ISHARES TR ISHARES JAN 15 27 $275 (100 SHS) (Margin), -SOXX270115C275,CALL (SOXX) ISHARES TR ISHARES JAN 15 27 $275 (100 SHS),Margin,0,,USD,93.6,-1,0,,0.02,,9359.98,3/24/2026
3/23/2026,IRA-Roll $462K,119072621,YOU SOLD ASSIGNED CALLS AS OF 03-20-26 FASTLY INC CL A (FSLY) (Margin),FSLY,FASTLY INC CL A,Margin,0,,USD,22.5,-1400,0,,,,31500,3/23/2026
3/23/2026,IRA-ROTH $321K,233267024,YOU SOLD CLOSING TRANSACTION CALL (SOXX) ISHARES TR ISHARES JAN 15 27 $275 (100 SHS) (Margin), -SOXX270115C275,CALL (SOXX) ISHARES TR ISHARES JAN 15 27 $275 (100 SHS),Margin,0,,USD,93.8,-1,0,,0.02,,9379.98,3/24/2026
3/23/2026,DI Ind. $83.5K,X69705290,YOU SOLD CLOSING TRANSACTION CALL (SOXX) ISHARES TR ISHARES JAN 15 27 $275 (100 SHS) (Margin), -SOXX270115C275,CALL (SOXX) ISHARES TR ISHARES JAN 15 27 $275 (100 SHS),Margin,0,,USD,93,-1,0,0.65,0.02,,9299.33,3/24/2026
3/23/2026,IRA-ROTH $321K,233267024,YOU SOLD CLOSING TRANSACTION CALL (SOXX) ISHARES TR ISHARES JAN 15 27 $275 (100 SHS) (Margin), -SOXX270115C275,CALL (SOXX) ISHARES TR ISHARES JAN 15 27 $275 (100 SHS),Margin,0,,USD,93.8,-1,0,,0.02,,9379.98,3/24/2026
3/23/2026,IRA-Roll $462K,119072621,YOU SOLD ASSIGNED CALLS AS OF 03-20-26 FASTLY INC CL A (FSLY) (Margin),FSLY,FASTLY INC CL A,Margin,0,,USD,17.5,-2000,0,,,,35000,3/23/2026
3/23/2026,DI Ind. $83.5K,X69705290,YOU SOLD CLOSING TRANSACTION CALL (AMD) ADVANCED MICRO JAN 15 27 $160 (100 SHS) (Margin), -AMD270115C160,CALL (AMD) ADVANCED MICRO JAN 15 27 $160 (100 SHS),Margin,0,,USD,69.18,-1,0,0.65,0.02,,6917.33,3/24/2026
3/23/2026,IRA-ROTH $321K,233267024,YOU SOLD CLOSING TRANSACTION CALL (SOXX) ISHARES TR ISHARES JAN 15 27 $275 (100 SHS) (Margin), -SOXX270115C275,CALL (SOXX) ISHARES TR ISHARES JAN 15 27 $275 (100 SHS),Margin,0,,USD,94,-1,0,,0.02,,9399.98,3/24/2026
3/23/2026,Trust PHT $988K,Z40402241,YOU SOLD CLOSING TRANSACTION CALL (VRT) VERTIV HOLDINGS CO JAN 15 27 $140 (100 SHS) (Margin), -VRT270115C140,CALL (VRT) VERTIV HOLDINGS CO JAN 15 27 $140 (100 SHS),Margin,0,,USD,142.37,-1,0,,0.02,,14236.98,3/24/2026
3/23/2026,Trust PHT $988K,Z40402241,MARGIN INTEREST as of Mar-22-2026 (Margin),,No Description,Margin,0,,USD,,0,0,,,,-584.7,
3/23/2026,Phil and Di,X65959334,DIRECT DEPOSIT BrightBridgeACH 5680003472935 WEB (Cash), ,No Description,Cash,0,,USD,,0,0,,,,2000,
3/24/2026,IRA-Roll $462K,119072621,YOU BOUGHT OPENING TRANSACTION CALL (CRWD) CROWDSTRIKE HLDGS JAN 15 27 $350 (100 SHS) (Margin), -CRWD270115C350,CALL (CRWD) CROWDSTRIKE HLDGS JAN 15 27 $350 (100 SHS),Margin,0,,USD,98,1,0,,0.02,,-9800.02,3/25/2026
3/24/2026,Phil and Di,X65959334,BILL PAYMENT BLOOMINGDALE'S (Cash), ,No Description,Cash,0,,USD,,0,0,,,,-663.13,
3/25/2026,IRA-Roll $462K,119072621,YOU BOUGHT OPENING TRANSACTION CALL (MU) MICRON TECHNOLOGY JAN 15 27 $280 (100 SHS) (Margin), -MU270115C280,CALL (MU) MICRON TECHNOLOGY JAN 15 27 $280 (100 SHS),Margin,0,,USD,145,1,0,,0.02,,-14500.02,3/26/2026
3/25/2026,IRA-Roll $462K,119072621,YOU BOUGHT OPENING TRANSACTION CALL (ORCL) ORACLE CORP JAN 15 27 $110 (100 SHS) (Margin), -ORCL270115C110,CALL (ORCL) ORACLE CORP JAN 15 27 $110 (100 SHS),Margin,0,,USD,49.3,1,0,,0.02,,-4930.02,3/26/2026
3/25/2026,IRA-Roll $462K,119072621,YOU BOUGHT OPENING TRANSACTION CALL (CRWD) CROWDSTRIKE HLDGS JAN 15 27 $350 (100 SHS) (Margin), -CRWD270115C350,CALL (CRWD) CROWDSTRIKE HLDGS JAN 15 27 $350 (100 SHS),Margin,0,,USD,92.3,1,0,,0.02,,-9230.02,3/26/2026
3/25/2026,IRA-Roll $462K,119072621,YOU SOLD CLOSING TRANSACTION CALL (AMD) ADVANCED MICRO JAN 15 27 $160 (100 SHS) (Margin), -AMD270115C160,CALL (AMD) ADVANCED MICRO JAN 15 27 $160 (100 SHS),Margin,0,,USD,79.9,-2,0,,0.05,,15979.95,3/26/2026
3/25/2026,IRA-Roll $462K,119072621,YOU SOLD CLOSING TRANSACTION CALL (AMD) ADVANCED MICRO JAN 15 27 $160 (100 SHS) (Margin), -AMD270115C160,CALL (AMD) ADVANCED MICRO JAN 15 27 $160 (100 SHS),Margin,0,,USD,80.6,-3,0,,0.07,,24179.93,3/26/2026
3/25/2026,IRA-Roll $462K,119072621,YOU BOUGHT ISHARES MSCI SOUTH KOREA ETF (EWY) (Cash),EWY,ISHARES MSCI SOUTH KOREA ETF,Cash,0,,USD,127.59,30,0,,,,-3827.7,3/26/2026
3/25/2026,IRA-ETF $203K,238174669,REINVESTMENT SPDR SERIES TRUST STATE STREET S&P S... (XSD) (Cash),XSD,SPDR SERIES TRUST STATE STREET S&P SEMI,Cash,0,,USD,330.27,0.118,0,,,,-39.13,
3/25/2026,IRA-ROTH $321K,233267024,REINVESTMENT SPDR SERIES TRUST STATE STREET S&P S... (XSD) (Margin),XSD,SPDR SERIES TRUST STATE STREET S&P SEMI,Margin,0,,USD,330.27,0.156,0,,,,-51.43,
3/25/2026,Trust PHT $988K,Z40402241,YOU SOLD CLOSING TRANSACTION CALL (AMD) ADVANCED MICRO JAN 15 27 $150 (100 SHS) (Margin), -AMD270115C150,CALL (AMD) ADVANCED MICRO JAN 15 27 $150 (100 SHS),Margin,0,,USD,86.45,-1,0,,0.02,,8644.98,3/26/2026
3/25/2026,IRA-ETF $203K,238174669,DIVIDEND RECEIVED SPDR SERIES TRUST STATE STREET S&P S... (XSD) (Cash),XSD,SPDR SERIES TRUST STATE STREET S&P SEMI,Cash,0,,USD,,0,0,,,,39.13,
3/25/2026,Jenn - $100K,Z20295116,DIVIDEND RECEIVED SPDR SERIES TRUST STATE STREET S&P S... (XSD) (Cash),XSD,SPDR SERIES TRUST STATE STREET S&P SEMI,Cash,0,,USD,,0,0,,,,32.13,
3/25/2026,Trust ETF $717K,Z40402245,DIVIDEND RECEIVED SPDR SERIES TRUST STATE STREET S&P S... (XSD) (Cash),XSD,SPDR SERIES TRUST STATE STREET S&P SEMI,Cash,0,,USD,,0,0,,,,203.34,
3/25/2026,IRA-ROTH $321K,233267024,DIVIDEND RECEIVED SPDR SERIES TRUST STATE STREET S&P S... (XSD) (Margin),XSD,SPDR SERIES TRUST STATE STREET S&P SEMI,Margin,0,,USD,,0,0,,,,51.43,
3/26/2026,IRA-Roll $462K,119072621,YOU SOLD SHOPIFY INC COM NPV CL A ISIN #CA825... (SHOP) (Margin),SHOP,SHOPIFY INC COM NPV CL A ISIN #CA82509L,Margin,0,,USD,119.92,-200,0,,,,23984,3/27/2026
3/26/2026,IRA-Roll $462K,119072621,YOU SOLD CLOSING TRANSACTION CALL (WDC) WESTERN DIGITAL JAN 15 27 $210 (100 SHS) (Margin), -WDC270115C210,CALL (WDC) WESTERN DIGITAL JAN 15 27 $210 (100 SHS),Margin,0,,USD,113.9,-2,0,,0.05,,22779.95,3/27/2026
3/26/2026,IRA-Roll $462K,119072621,YOU SOLD CLOSING TRANSACTION CALL (PLTR) PALANTIR JAN 15 27 $100 (100 SHS) (Margin), -PLTR270115C100,CALL (PLTR) PALANTIR JAN 15 27 $100 (100 SHS),Margin,0,,USD,61.33,-1,0,,0.02,,6132.98,3/27/2026
3/26/2026,IRA-Roll $462K,119072621,YOU SOLD CLOSING TRANSACTION CALL (PLTR) PALANTIR JAN 15 27 $100 (100 SHS) (Margin), -PLTR270115C100,CALL (PLTR) PALANTIR JAN 15 27 $100 (100 SHS),Margin,0,,USD,61.43,-1,0,,0.02,,6142.98,3/27/2026
3/26/2026,IRA-Roll $462K,119072621,YOU SOLD CLOSING TRANSACTION CALL (AVGO) BROADCOM INC COM JAN 15 27 $240 (100 SHS) (Margin), -AVGO270115C240,CALL (AVGO) BROADCOM INC COM JAN 15 27 $240 (100 SHS),Margin,0,,USD,99.2,-1,0,,0.02,,9919.98,3/27/2026
3/26/2026,IRA-Roll $462K,119072621,YOU SOLD CLOSING TRANSACTION CALL (CRWD) CROWDSTRIKE HLDGS JAN 15 27 $350 (100 SHS) (Margin), -CRWD270115C350,CALL (CRWD) CROWDSTRIKE HLDGS JAN 15 27 $350 (100 SHS),Margin,0,,USD,96.59,-2,0,,0.05,,19317.95,3/27/2026
3/26/2026,IRA-Roll $462K,119072621,YOU SOLD CLOSING TRANSACTION CALL (CRM) SALESFORCE INC COM JAN 15 27 $150 (100 SHS) (Margin), -CRM270115C150,CALL (CRM) SALESFORCE INC COM JAN 15 27 $150 (100 SHS),Margin,0,,USD,51.8,-3,0,,0.07,,15539.93,3/27/2026
3/26/2026,IRA-ROTH $321K,233267024,REINVESTMENT VANGUARD WORLD FD INF TECH ETF (VGT) (Margin),VGT,VANGUARD WORLD FD INF TECH ETF,Margin,0,,USD,718.03,0.05,0,,,,-36.19,
3/26/2026,IRA-ROTH $321K,233267024,DIVIDEND RECEIVED VANGUARD WORLD FD INF TECH ETF (VGT) (Margin),VGT,VANGUARD WORLD FD INF TECH ETF,Margin,0,,USD,,0,0,,,,36.19,
3/26/2026,Trust PHT $988K,Z40402241,DIVIDEND RECEIVED VERTIV HOLDINGS CO COM CL A (VRT) (Margin),VRT,VERTIV HOLDINGS CO COM CL A,Margin,0,,USD,,0,0,,,,17.06,
3/26/2026,IRA-ETF $203K,238174669,YOU SOLD SPDR SERIES TRUST STATE STREET S&P S... (XSD) (Cash),XSD,SPDR SERIES TRUST STATE STREET S&P SEMI,Cash,0,,USD,336.45,-0.412,0,,,,138.62,3/27/2026
3/26/2026,IRA-ROTH $321K,233267024,YOU SOLD SPDR SERIES TRUST STATE STREET S&P S... (XSD) (Margin),XSD,SPDR SERIES TRUST STATE STREET S&P SEMI,Margin,0,,USD,335.91,-0.766,0,,,,257.31,3/27/2026
3/26/2026,IRA-Roll $462K,119072621,YOU SOLD MAGNITE INC COM (MGNI) (Margin),MGNI,MAGNITE INC COM,Margin,0,,USD,12.19,-4000,0,,,,48760,3/27/2026
3/26/2026,Trust PHT $988K,Z40402241,YOU SOLD CLOSING TRANSACTION CALL (MRVL) MARVELL TECHNOLOGY JAN 15 27 $55 (100 SHS) (Margin), -MRVL270115C55,CALL (MRVL) MARVELL TECHNOLOGY JAN 15 27 $55 (100 SHS),Margin,0,,USD,49.15,-1,0,,0.02,,4914.98,3/27/2026
3/26/2026,IRA-ETF $203K,238174669,YOU SOLD SPDR SERIES TRUST STATE STREET S&P S... (XSD) (Cash),XSD,SPDR SERIES TRUST STATE STREET S&P SEMI,Cash,0,,USD,336.45,-217,0,,,,73009.65,3/27/2026
3/26/2026,IRA-ROTH $321K,233267024,YOU SOLD SPDR SERIES TRUST STATE STREET S&P S... (XSD) (Margin),XSD,SPDR SERIES TRUST STATE STREET S&P SEMI,Margin,0,,USD,335.91,-285,0,,,,95734.35,3/27/2026
3/26/2026,IRA-Roll $462K,119072621,YOU SOLD MAGNITE INC COM (MGNI) (Margin),MGNI,MAGNITE INC COM,Margin,0,,USD,12.18,-4024,0,,,,49012.32,3/27/2026
3/26/2026,Trust PHT $988K,Z40402241,YOU SOLD CLOSING TRANSACTION CALL (AMD) ADVANCED MICRO JAN 15 27 $160 (100 SHS) (Margin), -AMD270115C160,CALL (AMD) ADVANCED MICRO JAN 15 27 $160 (100 SHS),Margin,0,,USD,76.08,-2,0,,0.05,,15215.95,3/27/2026
3/26/2026,IRA-ETF $203K,238174669,YOU SOLD ISHARES CORE S&P 500 ETF (IVV) (Cash),IVV,ISHARES CORE S&P 500 ETF,Cash,0,,USD,656.82,-0.282,0,,,,185.22,3/27/2026
3/26/2026,IRA-ROTH $321K,233267024,YOU SOLD MAGNITE INC COM (MGNI) (Margin),MGNI,MAGNITE INC COM,Margin,0,,USD,12.19,-2513,0,,,,30633.47,3/27/2026
3/26/2026,Trust PHT $988K,Z40402241,YOU SOLD CLOSING TRANSACTION CALL (AMD) ADVANCED MICRO JAN 15 27 $150 (100 SHS) (Margin), -AMD270115C150,CALL (AMD) ADVANCED MICRO JAN 15 27 $150 (100 SHS),Margin,0,,USD,82.95,-1,0,,0.02,,8294.98,3/27/2026
3/26/2026,IRA-ETF $203K,238174669,YOU SOLD ISHARES CORE S&P 500 ETF (IVV) (Cash),IVV,ISHARES CORE S&P 500 ETF,Cash,0,,USD,656.81,-48,0,,,,31526.88,3/27/2026
3/26/2026,IRA-ROTH $321K,233267024,YOU SOLD ISHARES TR EXPND TEC SC ETF (IGM) (Margin),IGM,ISHARES TR EXPND TEC SC ETF,Margin,0,,USD,118.19,-0.817,0,,,,96.56,3/27/2026
3/26/2026,IRA-Roll $462K,119072621,YOU SOLD FASTLY INC CL A (FSLY) (Margin),FSLY,FASTLY INC CL A,Margin,0,,USD,30.22,-0.517,0,,,,15.62,3/27/2026
3/26/2026,IRA-ETF $203K,238174669,YOU SOLD FIRST TR NASDAQ 100 TECH INDX SHS (QTEC) (Cash),QTEC,FIRST TR NASDAQ 100 TECH INDX SHS,Cash,0,,USD,220,-0.103,0,,,,22.66,3/27/2026
3/26/2026,IRA-ROTH $321K,233267024,YOU SOLD ISHARES TR EXPND TEC SC ETF (IGM) (Margin),IGM,ISHARES TR EXPND TEC SC ETF,Margin,0,,USD,118.19,-113,0,,,,13355.47,3/27/2026
3/26/2026,IRA-Roll $462K,119072621,YOU SOLD FASTLY INC CL A (FSLY) (Margin),FSLY,FASTLY INC CL A,Margin,0,,USD,30.22,-17,0,,,,513.74,3/27/2026
3/26/2026,IRA-ETF $203K,238174669,YOU SOLD FIRST TR NASDAQ 100 TECH INDX SHS (QTEC) (Cash),QTEC,FIRST TR NASDAQ 100 TECH INDX SHS,Cash,0,,USD,220,-73,0,,,,16060,3/27/2026
3/26/2026,IRA-ROTH $321K,233267024,YOU SOLD INVESCO EXCHANGE TRADED FD TR AI AND... (IGPT) (Margin),IGPT,INVESCO EXCHANGE TRADED FD TR AI AND NE,Margin,0,,USD,59.03,-0.349,0,,,,20.6,3/27/2026
3/26/2026,IRA-Roll $462K,119072621,YOU SOLD ADVANCED MICRO DEVICES INC (AMD) (Margin),AMD,ADVANCED MICRO DEVICES INC,Margin,0,,USD,218,-58,0,,,,12644,3/27/2026
3/26/2026,IRA-ETF $203K,238174669,YOU SOLD FIRST TR EXCHANGE TRADED FD II TECHN... (FXL) (Cash),FXL,FIRST TR EXCHANGE TRADED FD II TECHNOLO,Cash,0,,USD,160.1,-0.938,0,,,,150.17,3/27/2026
3/26/2026,Phil and Di,X65959334,WIRE TRANSFER TO BANK (Cash),,No Description,Cash,0,,USD,,0,0,,,,-8600,
3/26/2026,IRA-ROTH $321K,233267024,YOU SOLD INVESCO EXCHANGE TRADED FD TR AI AND... (IGPT) (Margin),IGPT,INVESCO EXCHANGE TRADED FD TR AI AND NE,Margin,0,,USD,59,-150,0,,,,8850,3/27/2026
3/26/2026,Trust PHT $988K,Z40402241,TRANSFERRED TO VS X65-959334-1 (Cash), ,No Description,Cash,0,,USD,,0,0,,,,-4000,
3/26/2026,IRA-ETF $203K,238174669,YOU SOLD FIRST TR EXCHANGE TRADED FD II TECHN... (FXL) (Cash),FXL,FIRST TR EXCHANGE TRADED FD II TECHNOLO,Cash,0,,USD,160,-136,0,,,,21760,3/27/2026
3/26/2026,Phil and Di,X65959334,TRANSFERRED FROM VS Z40-402241-1 (Cash), ,No Description,Cash,0,,USD,,0,0,,,,4000,
3/26/2026,Trust ETF $717K,Z40402245,DIVIDEND RECEIVED VANGUARD WORLD FD INF TECH ETF (VGT) (Cash),VGT,VANGUARD WORLD FD INF TECH ETF,Cash,0,,USD,,0,0,,,,77.67,
3/26/2026,IRA-ROTH $321K,233267024,YOU SOLD FIGMA INC CLASS A COM STK (FIG) (Cash),FIG,FIGMA INC CLASS A COM STK,Cash,0,,USD,22.11,-150,0,,,,3316.5,3/27/2026
3/27/2026,IRA-ROTH $321K,233267024,REINVESTMENT INVESCO EXCHANGE TRADED FD TR SEMICO... (PSI) (Margin),PSI,INVESCO EXCHANGE TRADED FD TR SEMICONDU,Margin,0,,USD,97.97,0.014,0,,,,-1.39,
3/27/2026,IRA-ROTH $321K,233267024,DIVIDEND RECEIVED INVESCO EXCHANGE TRADED FD TR SEMICO... (PSI) (Margin),PSI,INVESCO EXCHANGE TRADED FD TR SEMICONDU,Margin,0,,USD,,0,0,,,,1.39,
3/27/2026,IRA-Roll $462K,119072621,YOU BOUGHT OPENING TRANSACTION CALL (MSFT) MICROSOFT CORP JAN 15 27 $290 (100 SHS) (Margin), -MSFT270115C290,CALL (MSFT) MICROSOFT CORP JAN 15 27 $290 (100 SHS),Margin,0,,USD,90.4,1,0,0.65,0.02,,-9040.67,3/30/2026
3/27/2026,IRA-Roll $462K,119072621,YOU BOUGHT OPENING TRANSACTION CALL (NVDA) NVIDIA CORPORATION JAN 15 27 $150 (100 SHS) (Margin), -NVDA270115C150,CALL (NVDA) NVIDIA CORPORATION JAN 15 27 $150 (100 SHS),Margin,0,,USD,39.46,2,0,1.3,0.05,,-7893.35,3/30/2026
3/27/2026,IRA-ETF $203K,238174669,REINVESTMENT INVESCO EXCHANGE TRADED FD TR SEMICO... (PSI) (Cash),PSI,INVESCO EXCHANGE TRADED FD TR SEMICONDU,Cash,0,,USD,97.97,0.031,0,,,,-3,
3/27/2026,IRA-Roll $462K,119072621,YOU BOUGHT OPENING TRANSACTION CALL (NVDA) NVIDIA CORPORATION JAN 15 27 $150 (100 SHS) (Margin), -NVDA270115C150,CALL (NVDA) NVIDIA CORPORATION JAN 15 27 $150 (100 SHS),Margin,0,,USD,38.81,1,0,0.65,0.02,,-3881.67,3/30/2026
3/27/2026,IRA-ETF $203K,238174669,DIVIDEND RECEIVED INVESCO EXCHANGE TRADED FD TR SEMICO... (PSI) (Cash),PSI,INVESCO EXCHANGE TRADED FD TR SEMICONDU,Cash,0,,USD,,0,0,,,,3,
3/27/2026,Jenn - $100K,Z20295116,REINVESTMENT INVESCO EXCHANGE TRADED FD TR SEMICO... (PSI) (Cash),PSI,INVESCO EXCHANGE TRADED FD TR SEMICONDU,Cash,0,,USD,97.97,0.02,0,,,,-1.92,
3/27/2026,DI IRA $40.6K,209435910,DIVIDEND RECEIVED INVESCO EXCHANGE TRADED FD TR SEMICO... (PSI) (Cash),PSI,INVESCO EXCHANGE TRADED FD TR SEMICONDU,Cash,0,,USD,,0,0,,,,0.65,
3/27/2026,Jenn - $100K,Z20295116,DIVIDEND RECEIVED INVESCO EXCHANGE TRADED FD TR SEMICO... (PSI) (Cash),PSI,INVESCO EXCHANGE TRADED FD TR SEMICONDU,Cash,0,,USD,,0,0,,,,1.92,
3/27/2026,Trust ETF $717K,Z40402245,DIVIDEND RECEIVED INVESCO EXCHANGE TRADED FD TR SEMICO... (PSI) (Cash),PSI,INVESCO EXCHANGE TRADED FD TR SEMICONDU,Cash,0,,USD,,0,0,,,,15.84,
3/30/2026,IRA-Roll $462K,119072621,YOU BOUGHT OPENING TRANSACTION CALL (WDC) WESTERN DIGITAL JAN 15 27 $190 (100 SHS) (Margin), -WDC270115C190,CALL (WDC) WESTERN DIGITAL JAN 15 27 $190 (100 SHS),Margin,0,,USD,104.5,1,0,0.65,0.02,,-10450.67,3/31/2026
3/30/2026,IRA-Roll $462K,119072621,YOU BOUGHT OPENING TRANSACTION CALL (MU) MICRON TECHNOLOGY JAN 15 27 $260 (100 SHS) (Margin), -MU270115C260,CALL (MU) MICRON TECHNOLOGY JAN 15 27 $260 (100 SHS),Margin,0,,USD,118,1,0,0.65,0.02,,-11800.67,3/31/2026
3/30/2026,IRA-Roll $462K,119072621,YOU BOUGHT OPENING TRANSACTION CALL (BE) BLOOM ENERGY CORP JAN 15 27 $90 (100 SHS) (Margin), -BE270115C90,CALL (BE) BLOOM ENERGY CORP JAN 15 27 $90 (100 SHS),Margin,0,,USD,54.5,1,0,0.65,0.02,,-5450.67,3/31/2026
3/30/2026,IRA-Roll $462K,119072621,YOU BOUGHT OPENING TRANSACTION CALL (STX) SEAGATE TECHNOLOGY JAN 15 27 $280 (100 SHS) (Margin), -STX270115C280,CALL (STX) SEAGATE TECHNOLOGY JAN 15 27 $280 (100 SHS),Margin,0,,USD,131.26,1,0,0.65,0.02,,-13126.67,3/31/2026
3/30/2026,IRA-Roll $462K,119072621,YOU BOUGHT OPENING TRANSACTION CALL (CRWV) COREWEAVE INC COM CL JAN 15 27 $50 (100 SHS) (Margin), -CRWV270115C50,CALL (CRWV) COREWEAVE INC COM CL JAN 15 27 $50 (100 SHS),Margin,0,,USD,29.1,1,0,0.65,0.02,,-2910.67,3/31/2026
3/30/2026,IRA-Roll $462K,119072621,YOU BOUGHT OPENING TRANSACTION CALL (PANW) PALO ALTO NETWORKS JAN 15 27 $105 (100 SHS) (Margin), -PANW270115C105,CALL (PANW) PALO ALTO NETWORKS JAN 15 27 $105 (100 SHS),Margin,0,,USD,57,1,0,0.65,0.02,,-5700.67,3/31/2026
3/30/2026,IRA-Roll $462K,119072621,YOU BOUGHT OPENING TRANSACTION CALL (PLTR) PALANTIR JAN 15 27 $100 (100 SHS) (Margin), -PLTR270115C100,CALL (PLTR) PALANTIR JAN 15 27 $100 (100 SHS),Margin,0,,USD,50.75,1,0,0.65,0.02,,-5075.67,3/31/2026
3/30/2026,IRA-Roll $462K,119072621,YOU BOUGHT OPENING TRANSACTION CALL (VRT) VERTIV HOLDINGS CO JAN 15 27 $190 (100 SHS) (Margin), -VRT270115C190,CALL (VRT) VERTIV HOLDINGS CO JAN 15 27 $190 (100 SHS),Margin,0,,USD,79,1,0,0.65,0.02,,-7900.67,3/31/2026
3/30/2026,IRA-Roll $462K,119072621,YOU BOUGHT OPENING TRANSACTION CALL (NET) CLOUDFLARE INC CL A JAN 15 27 $135 (100 SHS) (Margin), -NET270115C135,CALL (NET) CLOUDFLARE INC CL A JAN 15 27 $135 (100 SHS),Margin,0,,USD,75,1,0,0.65,0.02,,-7500.67,3/31/2026
3/30/2026,IRA-Roll $462K,119072621,YOU BOUGHT OPENING TRANSACTION CALL (ORCL) ORACLE CORP JAN 15 27 $110 (100 SHS) (Margin), -ORCL270115C110,CALL (ORCL) ORACLE CORP JAN 15 27 $110 (100 SHS),Margin,0,,USD,43.3,1,0,0.65,0.02,,-4330.67,3/31/2026
3/30/2026,IRA-Roll $462K,119072621,YOU BOUGHT OPENING TRANSACTION CALL (AVGO) BROADCOM INC COM JAN 15 27 $240 (100 SHS) (Margin), -AVGO270115C240,CALL (AVGO) BROADCOM INC COM JAN 15 27 $240 (100 SHS),Margin,0,,USD,82,1,0,0.65,0.02,,-8200.67,3/31/2026
3/30/2026,IRA-Roll $462K,119072621,YOU BOUGHT OPENING TRANSACTION CALL (TSM) TAIWAN SEMICONDUCTOR JAN 15 27 $220 (100 SHS) (Margin), -TSM270115C220,CALL (TSM) TAIWAN SEMICONDUCTOR JAN 15 27 $220 (100 SHS),Margin,0,,USD,113.5,1,0,0.65,0.02,,-11350.67,3/31/2026
3/30/2026,IRA-ROTH $321K,233267024,YOU SOLD VANGUARD WORLD FD INF TECH ETF (VGT) (Margin),VGT,VANGUARD WORLD FD INF TECH ETF,Margin,0,,USD,679.17,-0.704,0,,,,478.13,3/31/2026
3/30/2026,IRA-Roll $462K,119072621,YOU BOUGHT OPENING TRANSACTION CALL (NVDA) NVIDIA CORPORATION JAN 15 27 $150 (100 SHS) (Margin), -NVDA270115C150,CALL (NVDA) NVIDIA CORPORATION JAN 15 27 $150 (100 SHS),Margin,0,,USD,37,1,0,0.65,0.02,,-3700.67,3/31/2026
3/30/2026,IRA-ROTH $321K,233267024,YOU SOLD VANGUARD WORLD FD INF TECH ETF (VGT) (Margin),VGT,VANGUARD WORLD FD INF TECH ETF,Margin,0,,USD,679,-48,0,,,,32592,3/31/2026
3/30/2026,IRA-ROTH $321K,233267024,YOU SOLD VANECK ETF TRUST SEMICONDUCTR ETF (SMH) (Margin),SMH,VANECK ETF TRUST SEMICONDUCTR ETF,Margin,0,,USD,370.8,-0.261,0,,,,96.78,3/31/2026
3/30/2026,IRA-Roll $462K,119072621,YOU BOUGHT OPENING TRANSACTION CALL (MRVL) MARVELL TECHNOLOGY JAN 15 27 $60 (100 SHS) (Margin), -MRVL270115C60,CALL (MRVL) MARVELL TECHNOLOGY JAN 15 27 $60 (100 SHS),Margin,0,,USD,34.7,1,0,0.65,0.02,,-3470.67,3/31/2026
3/30/2026,IRA-ETF $203K,238174669,YOU SOLD VANECK ETF TRUST SEMICONDUCTR ETF (SMH) (Cash),SMH,VANECK ETF TRUST SEMICONDUCTR ETF,Cash,0,,USD,370.76,-100,0,,,,37076.01,3/31/2026
3/30/2026,IRA-ROTH $321K,233267024,YOU SOLD VANECK ETF TRUST SEMICONDUCTR ETF (SMH) (Margin),SMH,VANECK ETF TRUST SEMICONDUCTR ETF,Margin,0,,USD,370.8,-24,0,,,,8899.2,3/31/2026
3/30/2026,IRA-Roll $462K,119072621,YOU BOUGHT OPENING TRANSACTION CALL (AMAT) APPLIED MATERIALS JAN 15 27 $260 (100 SHS) (Margin), -AMAT270115C260,CALL (AMAT) APPLIED MATERIALS JAN 15 27 $260 (100 SHS),Margin,0,,USD,101,1,0,0.65,0.02,,-10100.67,3/31/2026
3/30/2026,Trust PHT $988K,Z40402241,REINVESTMENT DOMINO S PIZZA INC (DPZ) (Margin),DPZ,DOMINO S PIZZA INC,Margin,0,,USD,352.24,0.453,0,,,,-159.49,
3/30/2026,IRA-ETF $203K,238174669,YOU SOLD ISHARES TR EXPND TEC SC ETF (IGM) (Cash),IGM,ISHARES TR EXPND TEC SC ETF,Cash,0,,USD,115,-0.309,0,,,,35.54,3/31/2026
3/30/2026,IRA-ROTH $321K,233267024,YOU SOLD ISHARES TR ISHARES SEMICDTR (SOXX) (Margin),SOXX,ISHARES TR ISHARES SEMICDTR,Margin,0,,USD,325.09,-220,0,,,,71519.8,3/31/2026
3/30/2026,Trust PHT $988K,Z40402241,DIVIDEND RECEIVED DOMINO S PIZZA INC (DPZ) (Margin),DPZ,DOMINO S PIZZA INC,Margin,0,,USD,,0,0,,,,159.49,
3/30/2026,IRA-ETF $203K,238174669,YOU SOLD ISHARES TR EXPND TEC SC ETF (IGM) (Cash),IGM,ISHARES TR EXPND TEC SC ETF,Cash,0,,USD,115,-519,0,,,,59685,3/31/2026
3/30/2026,IRA-ROTH $321K,233267024,YOU SOLD ISHARES TR ISHARES SEMICDTR (SOXX) (Margin),SOXX,ISHARES TR ISHARES SEMICDTR,Margin,0,,USD,327.16,-400,0,,,,130864,3/31/2026
3/31/2026,IRA-Roll $462K,119072621,REINVESTMENT FIDELITY GOVERNMENT MONEY MARKET (SPAXX) (Cash),SPAXX,FIDELITY GOVERNMENT MONEY MARKET,Cash,0,,USD,1,252.87,0,,,,-252.87,
3/31/2026,IRA-Roll $462K,119072621,DIVIDEND RECEIVED FIDELITY GOVERNMENT MONEY MARKET (SPAXX) (Cash),SPAXX,FIDELITY GOVERNMENT MONEY MARKET,Cash,0,,USD,,0,0,,,,252.87,
3/31/2026,IRA-ROTH $321K,233267024,REINVESTMENT FIDELITY GOVERNMENT MONEY MARKET (SPAXX) (Cash),SPAXX,FIDELITY GOVERNMENT MONEY MARKET,Cash,0,,USD,1,191.46,0,,,,-191.46,
3/31/2026,IRA-ROTH $321K,233267024,DIVIDEND RECEIVED FIDELITY GOVERNMENT MONEY MARKET (SPAXX) (Cash),SPAXX,FIDELITY GOVERNMENT MONEY MARKET,Cash,0,,USD,,0,0,,,,191.46,
3/31/2026,IRA-ROTH $321K,233267024,FEE CHARGED as of Mar-10-2026 ALARUM TECHNOLOGIES LTD SPON ADS EAC... (ALAR) (Cash),ALAR,ALARUM TECHNOLOGIES LTD SPON ADS EACH R,Cash,0,,USD,,0,0,,,,-33,
3/31/2026,IRA-ETF $203K,238174669,REINVESTMENT FIDELITY GOVERNMENT MONEY MARKET (SPAXX) (Cash),SPAXX,FIDELITY GOVERNMENT MONEY MARKET,Cash,0,,USD,1,76.51,0,,,,-76.51,
3/31/2026,IRA-ETF $203K,238174669,DIVIDEND RECEIVED FIDELITY GOVERNMENT MONEY MARKET (SPAXX) (Cash),SPAXX,FIDELITY GOVERNMENT MONEY MARKET,Cash,0,,USD,,0,0,,,,76.51,
3/31/2026,IRA-Roll $462K,119072621,YOU BOUGHT OPENING TRANSACTION CALL (DELL) DELL TECHNOLOGIES JAN 15 27 $120 (100 SHS) (Margin), -DELL270115C120,CALL (DELL) DELL TECHNOLOGIES JAN 15 27 $120 (100 SHS),Margin,0,,USD,52.98,1,0,0.65,0.02,,-5298.67,4/1/2026
3/31/2026,Trust PHT $988K,Z40402241,REINVESTMENT FIDELITY GOVERNMENT MONEY MARKET (SPAXX) (Cash),SPAXX,FIDELITY GOVERNMENT MONEY MARKET,Cash,0,,USD,1,28.75,0,,,,-28.75,
3/31/2026,DI IRA $40.6K,209435910,REINVESTMENT FIDELITY GOVERNMENT CASH RESERVES (FDRXX) (Cash),FDRXX,FIDELITY GOVERNMENT CASH RESERVES,Cash,0,,USD,1,0.08,0,,,,-0.08,
3/31/2026,Joint Account Steph,Z35441984,REINVESTMENT FIDELITY GOVERNMENT MONEY MARKET (SPAXX) (Cash),SPAXX,FIDELITY GOVERNMENT MONEY MARKET,Cash,0,,USD,1,2.86,0,,,,-2.86,
3/31/2026,Phil and Di,X65959334,INTEREST EARNED FDIC INSURED DEPOSIT AT BNY MELLON N... (QBNYQ) (Cash),QBNYQ,FDIC INSURED DEPOSIT AT BNY MELLON NOT ,Cash,0,,USD,,0,0,,,,0.06,
3/31/2026,DI Ind. $83.5K,X69705290,REINVESTMENT FIDELITY GOVERNMENT MONEY MARKET (SPAXX) (Cash),SPAXX,FIDELITY GOVERNMENT MONEY MARKET,Cash,0,,USD,1,149.68,0,,,,-149.68,
3/31/2026,Trust ETF $717K,Z40402245,REINVESTMENT FIDELITY GOVERNMENT MONEY MARKET (SPAXX) (Cash),SPAXX,FIDELITY GOVERNMENT MONEY MARKET,Cash,0,,USD,1,1.04,0,,,,-1.04,
3/31/2026,Trust PHT $988K,Z40402241,DIVIDEND RECEIVED FIDELITY GOVERNMENT MONEY MARKET (SPAXX) (Cash),SPAXX,FIDELITY GOVERNMENT MONEY MARKET,Cash,0,,USD,,0,0,,,,28.75,
3/31/2026,DI IRA $40.6K,209435910,DIVIDEND RECEIVED FIDELITY GOVERNMENT CASH RESERVES (FDRXX) (Cash),FDRXX,FIDELITY GOVERNMENT CASH RESERVES,Cash,0,,USD,,0,0,,,,0.08,
3/31/2026,Jenn - $100K,Z20295116,DIVIDEND RECEIVED FIDELITY GOVERNMENT MONEY MARKET (SPAXX) (Cash),SPAXX,FIDELITY GOVERNMENT MONEY MARKET,Cash,0,,USD,,0,0,,,,10.19,
3/31/2026,Joint Account Steph,Z35441984,DIVIDEND RECEIVED FIDELITY GOVERNMENT MONEY MARKET (SPAXX) (Cash),SPAXX,FIDELITY GOVERNMENT MONEY MARKET,Cash,0,,USD,,0,0,,,,2.86,
3/31/2026,Phil and Di,X65959334,INTEREST EARNED FDIC INSURED DEPOSIT AT CITIBANK NOT... (QPCTQ) (Cash),QPCTQ,FDIC INSURED DEPOSIT AT CITIBANK NOT CO,Cash,0,,USD,,0,0,,,,6.59,
3/31/2026,DI Ind. $83.5K,X69705290,DIVIDEND RECEIVED FIDELITY GOVERNMENT MONEY MARKET (SPAXX) (Cash),SPAXX,FIDELITY GOVERNMENT MONEY MARKET,Cash,0,,USD,,0,0,,,,149.68,
3/31/2026,Pyramid Poker,X84790673,INTEREST EARNED FDIC INSURED DEPOSIT AT WELLS FARGO ... (QPIQQ) (Cash),QPIQQ,FDIC INSURED DEPOSIT AT WELLS FARGO BK ,Cash,0,,USD,,0,0,,,,2.97,
3/31/2026,Trust ETF $717K,Z40402245,DIVIDEND RECEIVED FIDELITY GOVERNMENT MONEY MARKET (SPAXX) (Cash),SPAXX,FIDELITY GOVERNMENT MONEY MARKET,Cash,0,,USD,,0,0,,,,1.04,
4/1/2026,Trust PHT $988K,Z40402241,REINVESTMENT NVIDIA CORPORATION COM (NVDA) (Margin),NVDA,NVIDIA CORPORATION COM,Margin,0,,USD,171.13,0.02,0,,,,-3.41,
4/1/2026,Trust PHT $988K,Z40402241,DIVIDEND RECEIVED NVIDIA CORPORATION COM (NVDA) (Margin),NVDA,NVIDIA CORPORATION COM,Margin,0,,USD,,0,0,,,,3.41,
4/2/2026,IRA-Roll $462K,119072621,YOU BOUGHT OPENING TRANSACTION CALL (PI) IMPINJ INC COM DEC 18 26 $70 (100 SHS) (Margin), -PI261218C70,CALL (PI) IMPINJ INC COM DEC 18 26 $70 (100 SHS),Margin,0,,USD,43.3,1,0,0.65,0.02,,-4330.67,4/6/2026
4/2/2026,IRA-Roll $462K,119072621,YOU SOLD CLOSING TRANSACTION CALL (STX) SEAGATE TECHNOLOGY JAN 15 27 $320 (100 SHS) (Margin), -STX270115C320,CALL (STX) SEAGATE TECHNOLOGY JAN 15 27 $320 (100 SHS),Margin,0,,USD,161.1,-3,0,1.95,1.07,,48326.98,4/6/2026
4/2/2026,IRA-Roll $462K,119072621,YOU SOLD CLOSING TRANSACTION CALL (STX) SEAGATE TECHNOLOGY JAN 15 27 $280 (100 SHS) (Margin), -STX270115C280,CALL (STX) SEAGATE TECHNOLOGY JAN 15 27 $280 (100 SHS),Margin,0,,USD,186.38,-1,0,0.65,0.41,,18636.94,4/6/2026
4/2/2026,IRA-Roll $462K,119072621,YOU BOUGHT OPENING TRANSACTION CALL (TSLA) TESLA INC COM JAN 15 27 $240 (100 SHS) (Margin), -TSLA270115C240,CALL (TSLA) TESLA INC COM JAN 15 27 $240 (100 SHS),Margin,0,,USD,142.35,1,0,0.65,0.02,,-14235.67,4/6/2026
4/2/2026,IRA-Roll $462K,119072621,YOU BOUGHT OPENING TRANSACTION CALL (ARM) ARM HOLDINGS PLC JAN 15 27 $105 (100 SHS) (Margin), -ARM270115C105,CALL (ARM) ARM HOLDINGS PLC JAN 15 27 $105 (100 SHS),Margin,0,,USD,56.95,1,0,0.65,0.02,,-5695.67,4/6/2026
4/2/2026,IRA-Roll $462K,119072621,YOU SOLD SEAGATE TECHNOLOGY HLDGS PUB LTD CO ... (STX) (Margin),STX,SEAGATE TECHNOLOGY HLDGS PUB LTD CO SEA,Margin,0,,USD,426,-0.067,0,,,,28.54,4/6/2026
4/2/2026,Trust PHT $988K,Z40402241,Electronic Funds Transfer Paid (Cash),,No Description,Cash,0,,USD,,0,0,,,,-15000,
4/2/2026,IRA-Roll $462K,119072621,YOU SOLD SEAGATE TECHNOLOGY HLDGS PUB LTD CO ... (STX) (Margin),STX,SEAGATE TECHNOLOGY HLDGS PUB LTD CO SEA,Margin,0,,USD,426,-143,0,,1.26,,60916.74,4/6/2026
4/6/2026,IRA-Roll $462K,119072621,YOU BOUGHT OPENING TRANSACTION CALL (TSLA) TESLA INC COM JAN 15 27 $240 (100 SHS) (Margin), -TSLA270115C240,CALL (TSLA) TESLA INC COM JAN 15 27 $240 (100 SHS),Margin,0,,USD,134.45,1,0,0.65,0.02,,-13445.67,4/7/2026
4/6/2026,Phil and Lynn,X82843893,DIRECT DEBIT 52-41 Center LWEB PMTS (Cash), ,No Description,Cash,0,,USD,,0,0,,,,-1000,
4/6/2026,Phil and Di,X65959334,TRANSFERRED TO VS X82-843893-1 (Cash), ,No Description,Cash,0,,USD,,0,0,,,,-1000,
4/6/2026,Phil and Lynn,X82843893,TRANSFERRED FROM VS X65-959334-1 (Cash), ,No Description,Cash,0,,USD,,0,0,,,,1000,
4/7/2026,IRA-Roll $462K,119072621,YOU BOUGHT OPENING TRANSACTION CALL (ARM) ARM HOLDINGS PLC JAN 15 27 $105 (100 SHS) (Margin), -ARM270115C105,CALL (ARM) ARM HOLDINGS PLC JAN 15 27 $105 (100 SHS),Margin,0,,USD,53,1,0,0.65,0.02,,-5300.67,4/8/2026
4/8/2026,IRA-Roll $462K,119072621,YOU BOUGHT VANGUARD WORLD FD INF TECH ETF (VGT) (Cash),VGT,VANGUARD WORLD FD INF TECH ETF,Cash,0,,USD,738,50,0,,,,-36900,4/9/2026
4/8/2026,IRA-Roll $462K,119072621,YOU BOUGHT VANECK ETF TRUST SEMICONDUCTR ETF (SMH) (Cash),SMH,VANECK ETF TRUST SEMICONDUCTR ETF,Cash,0,,USD,415,100,0,,,,-41500,4/9/2026
4/8/2026,IRA-Roll $462K,119072621,YOU BOUGHT OPENING TRANSACTION CALL (PLTR) PALANTIR JAN 15 27 $100 (100 SHS) (Margin), -PLTR270115C100,CALL (PLTR) PALANTIR JAN 15 27 $100 (100 SHS),Margin,0,,USD,53.8,1,0,0.65,0.02,,-5380.67,4/9/2026
4/8/2026,IRA-Roll $462K,119072621,YOU BOUGHT OPENING TRANSACTION CALL (PLTR) PALANTIR JAN 15 27 $100 (100 SHS) (Margin), -PLTR270115C100,CALL (PLTR) PALANTIR JAN 15 27 $100 (100 SHS),Margin,0,,USD,55,1,0,0.65,0.02,,-5500.67,4/9/2026
4/8/2026,IRA-Roll $462K,119072621,YOU BOUGHT OPENING TRANSACTION CALL (PLTR) PALANTIR JAN 15 27 $100 (100 SHS) (Margin), -PLTR270115C100,CALL (PLTR) PALANTIR JAN 15 27 $100 (100 SHS),Margin,0,,USD,56,1,0,0.65,0.02,,-5600.67,4/9/2026
4/8/2026,IRA-Roll $462K,119072621,YOU BOUGHT OPENING TRANSACTION CALL (PLTR) PALANTIR JAN 15 27 $100 (100 SHS) (Margin), -PLTR270115C100,CALL (PLTR) PALANTIR JAN 15 27 $100 (100 SHS),Margin,0,,USD,57,1,0,0.65,0.02,,-5700.67,4/9/2026
4/8/2026,IRA-Roll $462K,119072621,YOU BOUGHT OPENING TRANSACTION CALL (TSLA) TESLA INC COM JAN 15 27 $240 (100 SHS) (Margin), -TSLA270115C240,CALL (TSLA) TESLA INC COM JAN 15 27 $240 (100 SHS),Margin,0,,USD,123.9,1,0,0.65,0.02,,-12390.67,4/9/2026
4/8/2026,IRA-Roll $462K,119072621,YOU BOUGHT ISHARES TR ISHARES SEMICDTR (SOXX) (Cash),SOXX,ISHARES TR ISHARES SEMICDTR,Cash,0,,USD,362.5,100,0,,,,-36250,4/9/2026
4/8/2026,IRA-Roll $462K,119072621,YOU BOUGHT INVESCO EXCHANGE TRADED FD TR SEMICO... (PSI) (Cash),PSI,INVESCO EXCHANGE TRADED FD TR SEMICONDU,Cash,0,,USD,104.5,300,0,,,,-31350,4/9/2026
4/8/2026,IRA-ETF $203K,238174669,YOU BOUGHT VANECK ETF TRUST SEMICONDUCTR ETF (SMH) (Cash),SMH,VANECK ETF TRUST SEMICONDUCTR ETF,Cash,0,,USD,419.67,100,0,,,,-41967,4/9/2026
4/8/2026,IRA-Roll $462K,119072621,YOU BOUGHT DIREXION SHARES ETF TRUST DAILY SEMI... (SOXL) (Cash),SOXL,DIREXION SHARES ETF TRUST DAILY SEMICON,Cash,0,,USD,65.55,200,0,,,,-13110,4/9/2026
4/8/2026,IRA-ETF $203K,238174669,YOU BOUGHT VANECK ETF TRUST SEMICONDUCTR ETF (SMH) (Cash),SMH,VANECK ETF TRUST SEMICONDUCTR ETF,Cash,0,,USD,419.75,100,0,,,,-41975,4/9/2026
4/8/2026,IRA-ROTH $321K,233267024,YOU BOUGHT VANGUARD WORLD FD INF TECH ETF (VGT) (Cash),VGT,VANGUARD WORLD FD INF TECH ETF,Cash,0,,USD,741,50,0,,,,-37050,4/9/2026
4/8/2026,IRA-Roll $462K,119072621,YOU BOUGHT DIREXION SHARES ETF TRUST DAILY SEMI... (SOXL) (Cash),SOXL,DIREXION SHARES ETF TRUST DAILY SEMICON,Cash,0,,USD,65.67,200,0,,,,-13134,4/9/2026
4/8/2026,IRA-ETF $203K,238174669,YOU BOUGHT VANECK ETF TRUST SEMICONDUCTR ETF (SMH) (Cash),SMH,VANECK ETF TRUST SEMICONDUCTR ETF,Cash,0,,USD,420,100,0,,,,-42000,4/9/2026
4/8/2026,IRA-ROTH $321K,233267024,YOU BOUGHT VANGUARD WORLD FD INF TECH ETF (VGT) (Cash),VGT,VANGUARD WORLD FD INF TECH ETF,Cash,0,,USD,741.81,50,0,,,,-37090.5,4/9/2026
4/8/2026,IRA-Roll $462K,119072621,YOU BOUGHT DIREXION SHARES ETF TRUST DAILY SEMI... (SOXL) (Cash),SOXL,DIREXION SHARES ETF TRUST DAILY SEMICON,Cash,0,,USD,65.66,60,0,,,,-3939.6,4/9/2026
4/8/2026,IRA-ETF $203K,238174669,YOU BOUGHT ISHARES TR ISHARES SEMICDTR (SOXX) (Cash),SOXX,ISHARES TR ISHARES SEMICDTR,Cash,0,,USD,366.4,100,0,,,,-36640,4/9/2026
4/8/2026,IRA-ROTH $321K,233267024,YOU BOUGHT VANECK ETF TRUST SEMICONDUCTR ETF (SMH) (Cash),SMH,VANECK ETF TRUST SEMICONDUCTR ETF,Cash,0,,USD,416,100,0,,,,-41600,4/9/2026
4/8/2026,IRA-Roll $462K,119072621,YOU BOUGHT DIREXION SHARES ETF TRUST DAILY SEMI... (SOXL) (Cash),SOXL,DIREXION SHARES ETF TRUST DAILY SEMICON,Cash,0,,USD,65.67,40,0,,,,-2626.8,4/9/2026
4/8/2026,IRA-ETF $203K,238174669,YOU BOUGHT ISHARES TR ISHARES SEMICDTR (SOXX) (Cash),SOXX,ISHARES TR ISHARES SEMICDTR,Cash,0,,USD,366.62,100,0,,,,-36662,4/9/2026
4/8/2026,IRA-ROTH $321K,233267024,YOU BOUGHT ISHARES TR ISHARES SEMICDTR (SOXX) (Cash),SOXX,ISHARES TR ISHARES SEMICDTR,Cash,0,,USD,363,100,0,,,,-36300,4/9/2026
4/8/2026,IRA-ETF $203K,238174669,YOU BOUGHT ISHARES TR ISHARES SEMICDTR (SOXX) (Cash),SOXX,ISHARES TR ISHARES SEMICDTR,Cash,0,,USD,367.36,100,0,,,,-36736,4/9/2026
4/8/2026,DI Ind. $83.5K,X69705290,YOU BOUGHT OPENING TRANSACTION CALL (TSLA) TESLA INC COM JAN 21 28 $300 (100 SHS) (Margin), -TSLA280121C300,CALL (TSLA) TESLA INC COM JAN 21 28 $300 (100 SHS),Margin,0,,USD,124.9,1,0,0.65,0.02,,-12490.67,4/9/2026
4/8/2026,IRA-ROTH $321K,233267024,YOU BOUGHT INVESCO EXCHANGE TRADED FD TR SEMICO... (PSI) (Cash),PSI,INVESCO EXCHANGE TRADED FD TR SEMICONDU,Cash,0,,USD,105.5,300,0,,,,-31650,4/9/2026
4/9/2026,IRA-Roll $462K,119072621,DIVIDEND RECEIVED as of Apr-08-2026 SEAGATE TECHNOLOGY HLDGS PUB LTD CO ... (STX) (Margin),STX,SEAGATE TECHNOLOGY HLDGS PUB LTD CO SEA,Margin,0,,USD,,0,0,,,,105.87,
4/9/2026,IRA-Roll $462K,119072621,YOU SOLD VANGUARD WORLD FD INF TECH ETF (VGT) (Cash),VGT,VANGUARD WORLD FD INF TECH ETF,Cash,0,,USD,736,-50,0,,0.76,,36799.24,4/10/2026
4/9/2026,IRA-Roll $462K,119072621,YOU SOLD VANECK ETF TRUST SEMICONDUCTR ETF (SMH) (Cash),SMH,VANECK ETF TRUST SEMICONDUCTR ETF,Cash,0,,USD,420.51,-40,0,,0.35,,16820.05,4/10/2026
4/9/2026,IRA-Roll $462K,119072621,YOU SOLD VANECK ETF TRUST SEMICONDUCTR ETF (SMH) (Cash),SMH,VANECK ETF TRUST SEMICONDUCTR ETF,Cash,0,,USD,420.5,-60,0,,0.52,,25229.48,4/10/2026
4/9/2026,IRA-Roll $462K,119072621,YOU SOLD CLOSING TRANSACTION CALL (WDC) WESTERN DIGITAL JAN 15 27 $190 (100 SHS) (Margin), -WDC270115C190,CALL (WDC) WESTERN DIGITAL JAN 15 27 $190 (100 SHS),Margin,0,,USD,179.45,-1,0,0.65,0.39,,17943.96,4/10/2026
4/9/2026,IRA-Roll $462K,119072621,YOU SOLD CLOSING TRANSACTION CALL (MU) MICRON TECHNOLOGY JAN 15 27 $260 (100 SHS) (Margin), -MU270115C260,CALL (MU) MICRON TECHNOLOGY JAN 15 27 $260 (100 SHS),Margin,0,,USD,183.5,-1,0,0.65,0.4,,18348.95,4/10/2026
4/9/2026,IRA-Roll $462K,119072621,YOU SOLD CLOSING TRANSACTION CALL (MU) MICRON TECHNOLOGY JAN 15 27 $280 (100 SHS) (Margin), -MU270115C280,CALL (MU) MICRON TECHNOLOGY JAN 15 27 $280 (100 SHS),Margin,0,,USD,172.65,-1,0,0.65,0.38,,17263.97,4/10/2026
4/9/2026,IRA-Roll $462K,119072621,YOU BOUGHT OPENING TRANSACTION CALL (PLTR) PALANTIR JAN 15 27 $100 (100 SHS) (Margin), -PLTR270115C100,CALL (PLTR) PALANTIR JAN 15 27 $100 (100 SHS),Margin,0,,USD,43.5,1,0,0.65,0.02,,-4350.67,4/10/2026
4/9/2026,IRA-Roll $462K,119072621,YOU BOUGHT OPENING TRANSACTION CALL (PLTR) PALANTIR JAN 15 27 $100 (100 SHS) (Margin), -PLTR270115C100,CALL (PLTR) PALANTIR JAN 15 27 $100 (100 SHS),Margin,0,,USD,45,1,0,0.65,0.02,,-4500.67,4/10/2026
4/9/2026,IRA-Roll $462K,119072621,YOU BOUGHT OPENING TRANSACTION CALL (NET) CLOUDFLARE INC CL A JAN 15 27 $135 (100 SHS) (Margin), -NET270115C135,CALL (NET) CLOUDFLARE INC CL A JAN 15 27 $135 (100 SHS),Margin,0,,USD,69.25,1,0,0.65,0.02,,-6925.67,4/10/2026
4/9/2026,IRA-Roll $462K,119072621,YOU BOUGHT OPENING TRANSACTION CALL (ORCL) ORACLE CORP JAN 15 27 $110 (100 SHS) (Margin), -ORCL270115C110,CALL (ORCL) ORACLE CORP JAN 15 27 $110 (100 SHS),Margin,0,,USD,42.35,1,0,0.65,0.02,,-4235.67,4/10/2026
4/9/2026,IRA-Roll $462K,119072621,YOU SOLD CLOSING TRANSACTION CALL (MRVL) MARVELL TECHNOLOGY JAN 15 27 $60 (100 SHS) (Margin), -MRVL270115C60,CALL (MRVL) MARVELL TECHNOLOGY JAN 15 27 $60 (100 SHS),Margin,0,,USD,64.1,-1,0,0.65,0.16,,6409.19,4/10/2026
4/9/2026,IRA-Roll $462K,119072621,YOU SOLD CLOSING TRANSACTION CALL (AMAT) APPLIED MATERIALS JAN 15 27 $260 (100 SHS) (Margin), -AMAT270115C260,CALL (AMAT) APPLIED MATERIALS JAN 15 27 $260 (100 SHS),Margin,0,,USD,157.65,-1,0,0.65,0.35,,15764,4/10/2026
4/9/2026,IRA-Roll $462K,119072621,YOU SOLD ISHARES TR ISHARES SEMICDTR (SOXX) (Cash),SOXX,ISHARES TR ISHARES SEMICDTR,Cash,0,,USD,368.7,-100,0,,0.76,,36869.24,4/10/2026
4/9/2026,IRA-ROTH $321K,233267024,YOU SOLD VANGUARD WORLD FD INF TECH ETF (VGT) (Cash),VGT,VANGUARD WORLD FD INF TECH ETF,Cash,0,,USD,735.39,-100,0,,1.52,,73537.48,4/10/2026
4/9/2026,IRA-Roll $462K,119072621,YOU SOLD ISHARES MSCI SOUTH KOREA ETF (EWY) (Cash),EWY,ISHARES MSCI SOUTH KOREA ETF,Cash,0,,USD,134.84,-200,0,,0.56,,26967.44,4/10/2026
4/9/2026,IRA-ROTH $321K,233267024,YOU SOLD VANECK ETF TRUST SEMICONDUCTR ETF (SMH) (Cash),SMH,VANECK ETF TRUST SEMICONDUCTR ETF,Cash,0,,USD,419.59,-100,0,,0.87,,41958.56,4/10/2026
4/9/2026,IRA-Roll $462K,119072621,YOU SOLD INVESCO EXCHANGE TRADED FD TR SEMICO... (PSI) (Cash),PSI,INVESCO EXCHANGE TRADED FD TR SEMICONDU,Cash,0,,USD,105.5,-300,0,,0.66,,31649.34,4/10/2026
4/9/2026,IRA-ROTH $321K,233267024,YOU SOLD ISHARES TR ISHARES SEMICDTR (SOXX) (Cash),SOXX,ISHARES TR ISHARES SEMICDTR,Cash,0,,USD,367.8,-5,0,,0.04,,1838.96,4/10/2026
4/9/2026,DI Ind. $83.5K,X69705290,YOU SOLD CLOSING TRANSACTION CALL (META) META PLATFORMS INC JAN 21 28 $500 (100 SHS) (Margin), -META280121C500,CALL (META) META PLATFORMS INC JAN 21 28 $500 (100 SHS),Margin,0,,USD,218.5,-1,0,0.65,0.48,,21848.87,4/10/2026
4/9/2026,IRA-ROTH $321K,233267024,YOU SOLD ISHARES TR ISHARES SEMICDTR (SOXX) (Cash),SOXX,ISHARES TR ISHARES SEMICDTR,Cash,0,,USD,367.8,-5,0,,0.04,,1838.96,4/10/2026
4/9/2026,IRA-ROTH $321K,233267024,YOU SOLD ISHARES TR ISHARES SEMICDTR (SOXX) (Cash),SOXX,ISHARES TR ISHARES SEMICDTR,Cash,0,,USD,367.8,-10,0,,0.08,,3677.92,4/10/2026
4/9/2026,DI Ind. $83.5K,X69705290,YOU SOLD CLOSING TRANSACTION CALL (NVDA) NVIDIA CORPORATION JAN 15 27 $150 (100 SHS) (Margin), -NVDA270115C150,CALL (NVDA) NVIDIA CORPORATION JAN 15 27 $150 (100 SHS),Margin,0,,USD,49.03,-1,0,0.65,0.13,,4902.22,4/10/2026
4/9/2026,IRA-ROTH $321K,233267024,YOU SOLD ISHARES TR ISHARES SEMICDTR (SOXX) (Cash),SOXX,ISHARES TR ISHARES SEMICDTR,Cash,0,,USD,367.79,-80,0,,0.61,,29422.59,4/10/2026
4/9/2026,IRA-Roll $462K,119072621,YOU SOLD DIREXION SHARES ETF TRUST DAILY SEMI... (SOXL) (Cash),SOXL,DIREXION SHARES ETF TRUST DAILY SEMICON,Cash,0,,USD,66.28,-100,0,,0.14,,6627.86,4/10/2026
4/9/2026,DI Ind. $83.5K,X69705290,YOU SOLD ISHARES MSCI SOUTH KOREA ETF (EWY) (Cash),EWY,ISHARES MSCI SOUTH KOREA ETF,Cash,0,,USD,134.92,-50,0,,0.14,,6745.86,4/10/2026
4/9/2026,IRA-Roll $462K,119072621,YOU SOLD DIREXION SHARES ETF TRUST DAILY SEMI... (SOXL) (Cash),SOXL,DIREXION SHARES ETF TRUST DAILY SEMICON,Cash,0,,USD,66.27,-400,0,,0.55,,26507.45,4/10/2026
4/9/2026,IRA-ETF $203K,238174669,YOU SOLD ISHARES TR ISHARES SEMICDTR (SOXX) (Cash),SOXX,ISHARES TR ISHARES SEMICDTR,Cash,0,,USD,368,-100,0,,0.76,,36799.24,4/10/2026
4/9/2026,IRA-ROTH $321K,233267024,YOU SOLD INVESCO EXCHANGE TRADED FD TR SEMICO... (PSI) (Cash),PSI,INVESCO EXCHANGE TRADED FD TR SEMICONDU,Cash,0,,USD,105.5,-100,0,,0.22,,10549.78,4/10/2026
4/9/2026,Trust PHT $988K,Z40402241,YOU SOLD CLOSING TRANSACTION CALL (MU) MICRON TECHNOLOGY JAN 15 27 $280 (100 SHS) (Margin), -MU270115C280,CALL (MU) MICRON TECHNOLOGY JAN 15 27 $280 (100 SHS),Margin,0,,USD,170.7,-1,0,0.65,0.38,,17068.97,4/10/2026
4/9/2026,IRA-ETF $203K,238174669,YOU SOLD ISHARES TR ISHARES SEMICDTR (SOXX) (Cash),SOXX,ISHARES TR ISHARES SEMICDTR,Cash,0,,USD,368,-200,0,,1.52,,73598.48,4/10/2026
4/9/2026,IRA-ROTH $321K,233267024,YOU SOLD INVESCO EXCHANGE TRADED FD TR SEMICO... (PSI) (Cash),PSI,INVESCO EXCHANGE TRADED FD TR SEMICONDU,Cash,0,,USD,105.5,-200,0,,0.44,,21099.56,4/10/2026
4/10/2026,IRA-Roll $462K,119072621,YOU SOLD TESLA INC COM (TSLA) (Margin),TSLA,TESLA INC COM,Margin,0,,USD,344.5,-1,0,,,,344.5,4/13/2026
4/10/2026,IRA-Roll $462K,119072621,YOU SOLD TESLA INC COM (TSLA) (Margin),TSLA,TESLA INC COM,Margin,0,,USD,346.07,-8,0,,0.06,,2768.5,4/13/2026
4/10/2026,IRA-Roll $462K,119072621,YOU SOLD TESLA INC COM (TSLA) (Margin),TSLA,TESLA INC COM,Margin,0,,USD,344.25,-17,0,,0.13,,5852.12,4/13/2026
4/10/2026,IRA-Roll $462K,119072621,YOU SOLD TESLA INC COM (TSLA) (Margin),TSLA,TESLA INC COM,Margin,0,,USD,344.5,-19,0,,0.14,,6545.36,4/13/2026
4/10/2026,IRA-Roll $462K,119072621,YOU BOUGHT OPENING TRANSACTION CALL (PANW) PALO ALTO NETWORKS JAN 15 27 $105 (100 SHS) (Margin), -PANW270115C105,CALL (PANW) PALO ALTO NETWORKS JAN 15 27 $105 (100 SHS),Margin,0,,USD,57.3,1,0,0.65,0.02,,-5730.67,4/13/2026
4/10/2026,IRA-Roll $462K,119072621,YOU BOUGHT OPENING TRANSACTION CALL (PLTR) PALANTIR JAN 15 27 $100 (100 SHS) (Margin), -PLTR270115C100,CALL (PLTR) PALANTIR JAN 15 27 $100 (100 SHS),Margin,0,,USD,42.4,1,0,0.65,0.02,,-4240.67,4/13/2026
4/10/2026,IRA-Roll $462K,119072621,YOU BOUGHT OPENING TRANSACTION CALL (NET) CLOUDFLARE INC CL A JAN 15 27 $135 (100 SHS) (Margin), -NET270115C135,CALL (NET) CLOUDFLARE INC CL A JAN 15 27 $135 (100 SHS),Margin,0,,USD,58.61,1,0,0.65,0.02,,-5861.67,4/13/2026
4/10/2026,IRA-Roll $462K,119072621,YOU BOUGHT OPENING TRANSACTION CALL (FSLY) FASTLY INC CL A JAN 15 27 $15 (100 SHS) (Margin), -FSLY270115C15,CALL (FSLY) FASTLY INC CL A JAN 15 27 $15 (100 SHS),Margin,0,,USD,11.9,1,0,0.65,0.02,,-1190.67,4/13/2026
4/10/2026,IRA-Roll $462K,119072621,YOU BOUGHT OPENING TRANSACTION CALL (FSLY) FASTLY INC CL A JAN 15 27 $15 (100 SHS) (Margin), -FSLY270115C15,CALL (FSLY) FASTLY INC CL A JAN 15 27 $15 (100 SHS),Margin,0,,USD,12.1,1,0,0.65,0.02,,-1210.67,4/13/2026
4/10/2026,IRA-Roll $462K,119072621,YOU BOUGHT OPENING TRANSACTION CALL (FSLY) FASTLY INC CL A JAN 15 27 $15 (100 SHS) (Margin), -FSLY270115C15,CALL (FSLY) FASTLY INC CL A JAN 15 27 $15 (100 SHS),Margin,0,,USD,12.1,1,0,0.65,0.02,,-1210.67,4/13/2026
4/10/2026,IRA-Roll $462K,119072621,YOU BOUGHT OPENING TRANSACTION CALL (FSLY) FASTLY INC CL A JAN 15 27 $15 (100 SHS) (Margin), -FSLY270115C15,CALL (FSLY) FASTLY INC CL A JAN 15 27 $15 (100 SHS),Margin,0,,USD,12.39,1,0,0.65,0.02,,-1239.67,4/13/2026
4/10/2026,IRA-Roll $462K,119072621,YOU BOUGHT OPENING TRANSACTION CALL (ORCL) ORACLE CORP JAN 15 27 $110 (100 SHS) (Margin), -ORCL270115C110,CALL (ORCL) ORACLE CORP JAN 15 27 $110 (100 SHS),Margin,0,,USD,43.2,1,0,0.65,0.02,,-4320.67,4/13/2026
4/10/2026,IRA-Roll $462K,119072621,YOU SOLD PALANTIR TECHNOLOGIES INC CL A (PLTR) (Margin),PLTR,PALANTIR TECHNOLOGIES INC CL A,Margin,0,,USD,127.07,-50,0,,0.14,,6353.36,4/13/2026
4/10/2026,IRA-Roll $462K,119072621,YOU SOLD PALANTIR TECHNOLOGIES INC CL A (PLTR) (Margin),PLTR,PALANTIR TECHNOLOGIES INC CL A,Margin,0,,USD,127.13,-50,0,,0.14,,6356.36,4/13/2026
4/10/2026,IRA-Roll $462K,119072621,YOU SOLD ORACLE CORP (ORCL) (Margin),ORCL,ORACLE CORP,Margin,0,,USD,139.34,-58,0,,0.17,,8081.55,4/13/2026
4/14/2026,IRA-Roll $462K,119072621,YOU BOUGHT OPENING TRANSACTION CALL (FSLY) FASTLY INC CL A JAN 15 27 $15 (100 SHS) (Margin), -FSLY270115C15,CALL (FSLY) FASTLY INC CL A JAN 15 27 $15 (100 SHS),Margin,0,,USD,10.21,2,0,1.3,0.05,,-2043.35,4/15/2026
4/14/2026,IRA-Roll $462K,119072621,YOU BOUGHT OPENING TRANSACTION CALL (FSLY) FASTLY INC CL A JAN 15 27 $15 (100 SHS) (Margin), -FSLY270115C15,CALL (FSLY) FASTLY INC CL A JAN 15 27 $15 (100 SHS),Margin,0,,USD,10.32,2,0,1.3,0.05,,-2065.35,4/15/2026
4/14/2026,IRA-Roll $462K,119072621,YOU BOUGHT OPENING TRANSACTION CALL (OKTA) OKTA INC CL A JAN 15 27 $55 (100 SHS) (Margin), -OKTA270115C55,CALL (OKTA) OKTA INC CL A JAN 15 27 $55 (100 SHS),Margin,0,,USD,18.65,1,0,0.65,0.02,,-1865.67,4/15/2026
4/14/2026,IRA-Roll $462K,119072621,YOU BOUGHT OPENING TRANSACTION CALL (CRWD) CROWDSTRIKE HLDGS JAN 15 27 $300 (100 SHS) (Margin), -CRWD270115C300,CALL (CRWD) CROWDSTRIKE HLDGS JAN 15 27 $300 (100 SHS),Margin,0,,USD,132.72,1,0,0.65,0.02,,-13272.67,4/15/2026
4/15/2026,IRA-Roll $462K,119072621,YOU BOUGHT OPENING TRANSACTION CALL (WDC) WESTERN DIGITAL JAN 15 27 $270 (100 SHS) (Margin), -WDC270115C270,CALL (WDC) WESTERN DIGITAL JAN 15 27 $270 (100 SHS),Margin,0,,USD,140.16,1,0,0.65,0.02,,-14016.67,4/16/2026
4/15/2026,IRA-Roll $462K,119072621,YOU BOUGHT OPENING TRANSACTION CALL (STX) SEAGATE TECHNOLOGY JAN 15 27 $380 (100 SHS) (Margin), -STX270115C380,CALL (STX) SEAGATE TECHNOLOGY JAN 15 27 $380 (100 SHS),Margin,0,,USD,190.42,1,0,0.65,0.02,,-19042.67,4/16/2026
4/15/2026,IRA-Roll $462K,119072621,YOU BOUGHT OPENING TRANSACTION CALL (MU) MICRON TECHNOLOGY JAN 15 27 $320 (100 SHS) (Margin), -MU270115C320,CALL (MU) MICRON TECHNOLOGY JAN 15 27 $320 (100 SHS),Margin,0,,USD,176.31,1,0,0.65,0.02,,-17631.67,4/16/2026
4/15/2026,IRA-Roll $462K,119072621,YOU SOLD CLOSING TRANSACTION CALL (BE) BLOOM ENERGY CORP JAN 15 27 $90 (100 SHS) (Margin), -BE270115C90,CALL (BE) BLOOM ENERGY CORP JAN 15 27 $90 (100 SHS),Margin,0,,USD,141.65,-1,0,0.65,0.32,,14164.03,4/16/2026
4/15/2026,IRA-Roll $462K,119072621,YOU BOUGHT OPENING TRANSACTION CALL (FSLY) FASTLY INC CL A JAN 15 27 $15 (100 SHS) (Margin), -FSLY270115C15,CALL (FSLY) FASTLY INC CL A JAN 15 27 $15 (100 SHS),Margin,0,,USD,10.9,2,0,1.3,0.05,,-2181.35,4/16/2026
4/15/2026,IRA-Roll $462K,119072621,YOU BOUGHT OPENING TRANSACTION CALL (AMAT) APPLIED MATERIALS JAN 15 27 $300 (100 SHS) (Margin), -AMAT270115C300,CALL (AMAT) APPLIED MATERIALS JAN 15 27 $300 (100 SHS),Margin,0,,USD,122.64,1,0,0.65,0.02,,-12264.67,4/16/2026
4/15/2026,IRA-Roll $462K,119072621,YOU SOLD CLOSING TRANSACTION CALL (ORCL) ORACLE CORP JAN 15 27 $110 (100 SHS) (Margin), -ORCL270115C110,CALL (ORCL) ORACLE CORP JAN 15 27 $110 (100 SHS),Margin,0,,USD,66.9,-1,0,0.65,0.16,,6689.19,4/16/2026
4/15/2026,IRA-Roll $462K,119072621,YOU SOLD CLOSING TRANSACTION CALL (ORCL) ORACLE CORP JAN 15 27 $110 (100 SHS) (Margin), -ORCL270115C110,CALL (ORCL) ORACLE CORP JAN 15 27 $110 (100 SHS),Margin,0,,USD,68.66,-1,0,0.65,0.17,,6865.18,4/16/2026
4/15/2026,IRA-Roll $462K,119072621,YOU SOLD CLOSING TRANSACTION CALL (ORCL) ORACLE CORP JAN 15 27 $110 (100 SHS) (Margin), -ORCL270115C110,CALL (ORCL) ORACLE CORP JAN 15 27 $110 (100 SHS),Margin,0,,USD,71.35,-1,0,0.65,0.17,,7134.18,4/16/2026
4/15/2026,IRA-Roll $462K,119072621,YOU SOLD CLOSING TRANSACTION CALL (MSFT) MICROSOFT CORP JAN 15 27 $290 (100 SHS) (Margin), -MSFT270115C290,CALL (MSFT) MICROSOFT CORP JAN 15 27 $290 (100 SHS),Margin,0,,USD,132.04,-1,0,0.65,0.3,,13203.05,4/16/2026
4/15/2026,IRA-Roll $462K,119072621,YOU SOLD CLOSING TRANSACTION CALL (NVDA) NVIDIA CORPORATION JAN 15 27 $150 (100 SHS) (Margin), -NVDA270115C150,CALL (NVDA) NVIDIA CORPORATION JAN 15 27 $150 (100 SHS),Margin,0,,USD,59.64,-1,0,0.65,0.15,,5963.2,4/16/2026
4/15/2026,IRA-Roll $462K,119072621,YOU BOUGHT OPENING TRANSACTION CALL (DELL) DELL TECHNOLOGIES JAN 15 27 $120 (100 SHS) (Margin), -DELL270115C120,CALL (DELL) DELL TECHNOLOGIES JAN 15 27 $120 (100 SHS),Margin,0,,USD,68.75,1,0,0.65,0.02,,-6875.67,4/16/2026
4/15/2026,IRA-Roll $462K,119072621,YOU BOUGHT OPENING TRANSACTION CALL (DELL) DELL TECHNOLOGIES JAN 15 27 $140 (100 SHS) (Margin), -DELL270115C140,CALL (DELL) DELL TECHNOLOGIES JAN 15 27 $140 (100 SHS),Margin,0,,USD,54.92,1,0,0.65,0.02,,-5492.67,4/16/2026
4/15/2026,Trust PHT $988K,Z40402241,REINVESTMENT MICRON TECHNOLOGY INC (MU) (Margin),MU,MICRON TECHNOLOGY INC,Margin,0,,USD,442.29,0.188,0,,,,-82.94,
4/15/2026,Trust PHT $988K,Z40402241,DIVIDEND RECEIVED MICRON TECHNOLOGY INC (MU) (Margin),MU,MICRON TECHNOLOGY INC,Margin,0,,USD,,0,0,,,,82.94,
4/15/2026,IRA-Roll $462K,119072621,YOU BOUGHT KLA CORP COM NEW (KLAC) (Margin),KLAC,KLA CORP COM NEW,Margin,0,,USD,1691.47,2,0,,,,-3382.94,4/16/2026
4/15/2026,Trust PHT $988K,Z40402241,YOU SOLD CLOSING TRANSACTION CALL (ORCL) ORACLE CORP JAN 15 27 $110 (100 SHS) (Margin), -ORCL270115C110,CALL (ORCL) ORACLE CORP JAN 15 27 $110 (100 SHS),Margin,0,,USD,66.9,-1,0,0.65,0.16,,6689.19,4/16/2026
4/15/2026,IRA-Roll $462K,119072621,YOU BOUGHT KLA CORP COM NEW (KLAC) (Margin),KLAC,KLA CORP COM NEW,Margin,0,,USD,1688.78,1,0,,,,-1688.78,4/16/2026
4/15/2026,Trust PHT $988K,Z40402241,YOU SOLD CLOSING TRANSACTION CALL (MSFT) MICROSOFT CORP JAN 15 27 $290 (100 SHS) (Margin), -MSFT270115C290,CALL (MSFT) MICROSOFT CORP JAN 15 27 $290 (100 SHS),Margin,0,,USD,127.97,-1,0,0.65,0.29,,12796.06,4/16/2026
4/15/2026,DI Ind. $83.5K,X69705290,YOU SOLD CLOSING TRANSACTION CALL (TSLA) TESLA INC COM JAN 21 28 $300 (100 SHS) (Margin), -TSLA280121C300,CALL (TSLA) TESLA INC COM JAN 21 28 $300 (100 SHS),Margin,0,,USD,154.94,-1,0,0.65,0.34,,15493.01,4/16/2026
4/15/2026,IRA-Roll $462K,119072621,YOU BOUGHT KLA CORP COM NEW (KLAC) (Margin),KLAC,KLA CORP COM NEW,Margin,0,,USD,1698.42,1,0,,,,-1698.42,4/16/2026
4/15/2026,Trust PHT $988K,Z40402241,YOU SOLD CLOSING TRANSACTION CALL (AVGO) BROADCOM INC COM JAN 15 27 $240 (100 SHS) (Margin), -AVGO270115C240,CALL (AVGO) BROADCOM INC COM JAN 15 27 $240 (100 SHS),Margin,0,,USD,165.45,-1,0,0.65,0.37,,16543.98,4/16/2026
4/15/2026,DI Ind. $83.5K,X69705290,YOU SOLD CLOSING TRANSACTION CALL (TSLA) TESLA INC COM JAN 21 28 $300 (100 SHS) (Margin), -TSLA280121C300,CALL (TSLA) TESLA INC COM JAN 21 28 $300 (100 SHS),Margin,0,,USD,155.08,-1,0,0.65,0.34,,15507.01,4/16/2026
4/15/2026,Trust PHT $988K,Z40402241,Electronic Funds Transfer Paid (Cash),,No Description,Cash,0,,USD,,0,0,,,,-10000,
4/15/2026,DI Ind. $83.5K,X69705290,YOU SOLD CLOSING TRANSACTION CALL (AVGO) BROADCOM INC COM JAN 15 27 $240 (100 SHS) (Margin), -AVGO270115C240,CALL (AVGO) BROADCOM INC COM JAN 15 27 $240 (100 SHS),Margin,0,,USD,169.38,-1,0,0.65,0.37,,16936.98,4/16/2026
4/16/2026,IRA-Roll $462K,119072621,YOU BOUGHT OPENING TRANSACTION CALL (FIG) FIGMA INC CLASS A JAN 15 27 $15 (100 SHS) (Margin), -FIG270115C15,CALL (FIG) FIGMA INC CLASS A JAN 15 27 $15 (100 SHS),Margin,0,,USD,7.95,5,0,3.25,0.11,,-3978.36,4/17/2026
4/16/2026,IRA-Roll $462K,119072621,YOU BOUGHT OPENING TRANSACTION CALL (FIG) FIGMA INC CLASS A JAN 15 27 $25 (100 SHS) (Margin), -FIG270115C25,CALL (FIG) FIGMA INC CLASS A JAN 15 27 $25 (100 SHS),Margin,0,,USD,4.74,10,0,6.5,0.23,,-4746.73,4/17/2026
4/16/2026,IRA-Roll $462K,119072621,YOU BOUGHT OPENING TRANSACTION CALL (AMAT) APPLIED MATERIALS JAN 15 27 $300 (100 SHS) (Margin), -AMAT270115C300,CALL (AMAT) APPLIED MATERIALS JAN 15 27 $300 (100 SHS),Margin,0,,USD,127.77,1,0,0.65,0.02,,-12777.67,4/17/2026
4/16/2026,IRA-Roll $462K,119072621,YOU BOUGHT OPENING TRANSACTION CALL (TSM) TAIWAN SEMICONDUCTOR JAN 15 27 $220 (100 SHS) (Margin), -TSM270115C220,CALL (TSM) TAIWAN SEMICONDUCTOR JAN 15 27 $220 (100 SHS),Margin,0,,USD,157.67,1,0,0.65,0.02,,-15767.67,4/17/2026
4/16/2026,IRA-Roll $462K,119072621,YOU BOUGHT OPENING TRANSACTION CALL (TSM) TAIWAN SEMICONDUCTOR JAN 15 27 $220 (100 SHS) (Margin), -TSM270115C220,CALL (TSM) TAIWAN SEMICONDUCTOR JAN 15 27 $220 (100 SHS),Margin,0,,USD,159.47,1,0,0.65,0.02,,-15947.67,4/17/2026
4/16/2026,IRA-Roll $462K,119072621,YOU BOUGHT OPENING TRANSACTION CALL (MRVL) MARVELL TECHNOLOGY JAN 15 27 $100 (100 SHS) (Margin), -MRVL270115C100,CALL (MRVL) MARVELL TECHNOLOGY JAN 15 27 $100 (100 SHS),Margin,0,,USD,47.55,1,0,0.65,0.02,,-4755.67,4/17/2026
4/16/2026,IRA-Roll $462K,119072621,YOU BOUGHT OPENING TRANSACTION CALL (ARM) ARM HOLDINGS PLC JAN 15 27 $105 (100 SHS) (Margin), -ARM270115C105,CALL (ARM) ARM HOLDINGS PLC JAN 15 27 $105 (100 SHS),Margin,0,,USD,67.62,1,0,0.65,0.02,,-6762.67,4/17/2026
4/16/2026,IRA-ROTH $321K,233267024,YOU BOUGHT OPENING TRANSACTION CALL (TSM) TAIWAN SEMICONDUCTOR JAN 15 27 $220 (100 SHS) (Margin), -TSM270115C220,CALL (TSM) TAIWAN SEMICONDUCTOR JAN 15 27 $220 (100 SHS),Margin,0,,USD,153.87,1,0,0.65,0.02,,-15387.67,4/17/2026
4/17/2026,IRA-Roll $462K,119072621,YOU BOUGHT OPENING TRANSACTION CALL (FIG) FIGMA INC CLASS A JAN 15 27 $15 (100 SHS) (Margin), -FIG270115C15,CALL (FIG) FIGMA INC CLASS A JAN 15 27 $15 (100 SHS),Margin,0,,USD,7.65,5,0,3.25,0.11,,-3828.36,4/20/2026
4/17/2026,IRA-Roll $462K,119072621,YOU BOUGHT OPENING TRANSACTION CALL (FIG) FIGMA INC CLASS A JAN 15 27 $25 (100 SHS) (Margin), -FIG270115C25,CALL (FIG) FIGMA INC CLASS A JAN 15 27 $25 (100 SHS),Margin,0,,USD,4.15,10,0,6.5,0.23,,-4156.73,4/20/2026
4/17/2026,IRA-ROTH $321K,233267024,YOU BOUGHT OPENING TRANSACTION CALL (NFLX) NETFLIX INC JAN 15 27 $80 (100 SHS) (Margin), -NFLX270115C80,CALL (NFLX) NETFLIX INC JAN 15 27 $80 (100 SHS),Margin,0,,USD,23.43,2,0,1.3,0.05,,-4687.35,4/20/2026
4/17/2026,IRA-ROTH $321K,233267024,YOU BOUGHT OPENING TRANSACTION CALL (BE) BLOOM ENERGY CORP JAN 15 27 $150 (100 SHS) (Margin), -BE270115C150,CALL (BE) BLOOM ENERGY CORP JAN 15 27 $150 (100 SHS),Margin,0,,USD,93.75,1,0,0.65,0.02,,-9375.67,4/20/2026
4/17/2026,IRA-Roll $462K,119072621,YOU BOUGHT OPENING TRANSACTION CALL (BE) BLOOM ENERGY CORP JAN 15 27 $150 (100 SHS) (Margin), -BE270115C150,CALL (BE) BLOOM ENERGY CORP JAN 15 27 $150 (100 SHS),Margin,0,,USD,90.82,1,0,0.65,0.02,,-9082.67,4/20/2026
4/17/2026,IRA-ROTH $321K,233267024,YOU BOUGHT OPENING TRANSACTION CALL (NET) CLOUDFLARE INC CL A JAN 15 27 $135 (100 SHS) (Margin), -NET270115C135,CALL (NET) CLOUDFLARE INC CL A JAN 15 27 $135 (100 SHS),Margin,0,,USD,78,1,0,0.65,0.02,,-7800.67,4/20/2026
4/17/2026,IRA-ROTH $321K,233267024,YOU BOUGHT OPENING TRANSACTION CALL (FSLY) FASTLY INC CL A JAN 15 27 $15 (100 SHS) (Margin), -FSLY270115C15,CALL (FSLY) FASTLY INC CL A JAN 15 27 $15 (100 SHS),Margin,0,,USD,13,4,0,2.6,0.09,,-5202.69,4/20/2026
4/17/2026,IRA-ROTH $321K,233267024,YOU BOUGHT OPENING TRANSACTION CALL (FSLY) FASTLY INC CL A JAN 15 27 $15 (100 SHS) (Margin), -FSLY270115C15,CALL (FSLY) FASTLY INC CL A JAN 15 27 $15 (100 SHS),Margin,0,,USD,13,1,0,0.65,0.02,,-1300.67,4/20/2026
4/17/2026,IRA-ROTH $321K,233267024,YOU BOUGHT OPENING TRANSACTION CALL (TSM) TAIWAN SEMICONDUCTOR JAN 15 27 $220 (100 SHS) (Margin), -TSM270115C220,CALL (TSM) TAIWAN SEMICONDUCTOR JAN 15 27 $220 (100 SHS),Margin,0,,USD,156.45,1,0,0.65,0.02,,-15645.67,4/20/2026
4/17/2026,IRA-Roll $462K,119072621,YOU BOUGHT OPENING TRANSACTION CALL (CEG) CONSTELLATION ENERGY JAN 15 27 $230 (100 SHS) (Margin), -CEG270115C230,CALL (CEG) CONSTELLATION ENERGY JAN 15 27 $230 (100 SHS),Margin,0,,USD,91.85,1,0,0.65,0.02,,-9185.67,4/20/2026
4/17/2026,IRA-ROTH $321K,233267024,YOU BOUGHT OPENING TRANSACTION CALL (CEG) CONSTELLATION ENERGY JAN 15 27 $230 (100 SHS) (Margin), -CEG270115C230,CALL (CEG) CONSTELLATION ENERGY JAN 15 27 $230 (100 SHS),Margin,0,,USD,90.05,1,0,0.65,0.02,,-9005.67,4/20/2026
4/20/2026,IRA-ROTH $321K,233267024,YOU BOUGHT OPENING TRANSACTION CALL (NFLX) NETFLIX INC JAN 15 27 $80 (100 SHS) (Margin), -NFLX270115C80,CALL (NFLX) NETFLIX INC JAN 15 27 $80 (100 SHS),Margin,0,,USD,22.26,2,0,1.3,0.05,,-4453.35,4/21/2026
4/20/2026,IRA-ROTH $321K,233267024,YOU BOUGHT OPENING TRANSACTION CALL (STX) SEAGATE TECHNOLOGY JAN 15 27 $380 (100 SHS) (Margin), -STX270115C380,CALL (STX) SEAGATE TECHNOLOGY JAN 15 27 $380 (100 SHS),Margin,0,,USD,213.55,1,0,0.65,0.02,,-21355.67,4/21/2026
4/20/2026,IRA-ROTH $321K,233267024,YOU BOUGHT OPENING TRANSACTION CALL (MU) MICRON TECHNOLOGY JAN 15 27 $320 (100 SHS) (Margin), -MU270115C320,CALL (MU) MICRON TECHNOLOGY JAN 15 27 $320 (100 SHS),Margin,0,,USD,171.72,1,0,0.65,0.02,,-17172.67,4/21/2026
4/20/2026,IRA-Roll $462K,119072621,YOU BOUGHT OPENING TRANSACTION CALL (CRWV) COREWEAVE INC COM CL JAN 15 27 $80 (100 SHS) (Margin), -CRWV270115C80,CALL (CRWV) COREWEAVE INC COM CL JAN 15 27 $80 (100 SHS),Margin,0,,USD,48.03,1,0,0.65,0.02,,-4803.67,4/21/2026
4/20/2026,IRA-Roll $462K,119072621,YOU SOLD CLOSING TRANSACTION CALL (VRT) VERTIV HOLDINGS CO JAN 15 27 $190 (100 SHS) (Margin), -VRT270115C190,CALL (VRT) VERTIV HOLDINGS CO JAN 15 27 $190 (100 SHS),Margin,0,,USD,143.33,-1,0,0.65,0.32,,14332.03,4/21/2026
4/20/2026,IRA-ROTH $321K,233267024,YOU BOUGHT OPENING TRANSACTION CALL (CEG) CONSTELLATION ENERGY JAN 15 27 $230 (100 SHS) (Margin), -CEG270115C230,CALL (CEG) CONSTELLATION ENERGY JAN 15 27 $230 (100 SHS),Margin,0,,USD,85.38,1,0,0.65,0.02,,-8538.67,4/21/2026
4/20/2026,IRA-Roll $462K,119072621,YOU SOLD CLOSING TRANSACTION CALL (DELL) DELL TECHNOLOGIES JAN 15 27 $140 (100 SHS) (Margin), -DELL270115C140,CALL (DELL) DELL TECHNOLOGIES JAN 15 27 $140 (100 SHS),Margin,0,,USD,76.97,-1,0,0.65,0.18,,7696.17,4/21/2026
4/21/2026,IRA-ROTH $321K,233267024,YOU BOUGHT VANECK ETF TRUST SEMICONDUCTR ETF (SMH) (Cash),SMH,VANECK ETF TRUST SEMICONDUCTR ETF,Cash,0,,USD,467.65,10,0,,,,-4676.5,4/22/2026
4/21/2026,IRA-ROTH $321K,233267024,YOU BOUGHT OPENING TRANSACTION CALL (NFLX) NETFLIX INC JAN 15 27 $75 (100 SHS) (Margin), -NFLX270115C75,CALL (NFLX) NETFLIX INC JAN 15 27 $75 (100 SHS),Margin,0,,USD,23.5,2,0,1.3,0.05,,-4701.35,4/22/2026
4/21/2026,IRA-ROTH $321K,233267024,YOU BOUGHT OPENING TRANSACTION CALL (NFLX) NETFLIX INC JAN 15 27 $75 (100 SHS) (Margin), -NFLX270115C75,CALL (NFLX) NETFLIX INC JAN 15 27 $75 (100 SHS),Margin,0,,USD,24.8,2,0,1.3,0.05,,-4961.35,4/22/2026
4/21/2026,IRA-ROTH $321K,233267024,YOU BOUGHT OPENING TRANSACTION CALL (LRCX) LAM RESEARCH CORP JAN 15 27 $200 (100 SHS) (Margin), -LRCX270115C200,CALL (LRCX) LAM RESEARCH CORP JAN 15 27 $200 (100 SHS),Margin,0,,USD,86.43,1,0,0.65,0.02,,-8643.67,4/22/2026
4/21/2026,IRA-ROTH $321K,233267024,YOU BOUGHT OPENING TRANSACTION CALL (LRCX) LAM RESEARCH CORP JAN 15 27 $200 (100 SHS) (Margin), -LRCX270115C200,CALL (LRCX) LAM RESEARCH CORP JAN 15 27 $200 (100 SHS),Margin,0,,USD,88.75,1,0,0.65,0.02,,-8875.67,4/22/2026
4/21/2026,IRA-Roll $462K,119072621,YOU BOUGHT OPENING TRANSACTION CALL (CRWV) COREWEAVE INC COM CL JAN 15 27 $80 (100 SHS) (Margin), -CRWV270115C80,CALL (CRWV) COREWEAVE INC COM CL JAN 15 27 $80 (100 SHS),Margin,0,,USD,50.3,1,0,0.65,0.02,,-5030.67,4/22/2026
4/21/2026,IRA-ROTH $321K,233267024,YOU BOUGHT PROSHARES ULTRA SEMICONDUCTORS (USD) (Cash),USD,PROSHARES ULTRA SEMICONDUCTORS,Cash,0,,USD,71.25,100,0,,,,-7125,4/22/2026
4/21/2026,IRA-ROTH $321K,233267024,YOU BOUGHT OPENING TRANSACTION CALL (CEG) CONSTELLATION ENERGY JAN 15 27 $230 (100 SHS) (Margin), -CEG270115C230,CALL (CEG) CONSTELLATION ENERGY JAN 15 27 $230 (100 SHS),Margin,0,,USD,76.5,1,0,0.65,0.02,,-7650.67,4/22/2026
4/21/2026,IRA-ROTH $321K,233267024,YOU BOUGHT OPENING TRANSACTION CALL (CEG) CONSTELLATION ENERGY JAN 15 27 $230 (100 SHS) (Margin), -CEG270115C230,CALL (CEG) CONSTELLATION ENERGY JAN 15 27 $230 (100 SHS),Margin,0,,USD,78.7,1,0,0.65,0.02,,-7870.67,4/22/2026
4/21/2026,IRA-Roll $462K,119072621,YOU BOUGHT OPENING TRANSACTION CALL (CEG) CONSTELLATION ENERGY JAN 15 27 $230 (100 SHS) (Margin), -CEG270115C230,CALL (CEG) CONSTELLATION ENERGY JAN 15 27 $230 (100 SHS),Margin,0,,USD,78.6,1,0,0.65,0.02,,-7860.67,4/22/2026
4/21/2026,IRA-Roll $462K,119072621,YOU SOLD CLOSING TRANSACTION CALL (ARM) ARM HOLDINGS PLC JAN 15 27 $105 (100 SHS) (Margin), -ARM270115C105,CALL (ARM) ARM HOLDINGS PLC JAN 15 27 $105 (100 SHS),Margin,0,,USD,79.06,-1,0,0.65,0.19,,7905.16,4/22/2026
4/21/2026,Trust ETF $717K,Z40402245,DISTRIBUTION VANGUARD WORLD FD INF TECH ETF (VGT) (Cash),VGT,VANGUARD WORLD FD INF TECH ETF,Shares,0,,USD,,730.933,0,,,,73838.85,
4/22/2026,IRA-Roll $462K,119072621,YOU BOUGHT OPENING TRANSACTION CALL (WDC) WESTERN DIGITAL JAN 15 27 $270 (100 SHS) (Margin), -WDC270115C270,CALL (WDC) WESTERN DIGITAL JAN 15 27 $270 (100 SHS),Margin,0,,USD,159,1,0,0.65,0.02,,-15900.67,4/23/2026
4/22/2026,IRA-Roll $462K,119072621,YOU BOUGHT OPENING TRANSACTION CALL (MU) MICRON TECHNOLOGY JAN 21 28 $390 (100 SHS) (Margin), -MU280121C390,CALL (MU) MICRON TECHNOLOGY JAN 21 28 $390 (100 SHS),Margin,0,,USD,220.78,1,0,0.65,0.02,,-22078.67,4/23/2026
4/22/2026,IRA-Roll $462K,119072621,YOU BOUGHT OPENING TRANSACTION CALL (ORCL) ORACLE CORP JAN 21 28 $150 (100 SHS) (Margin), -ORCL280121C150,CALL (ORCL) ORACLE CORP JAN 21 28 $150 (100 SHS),Margin,0,,USD,74.53,2,0,1.3,0.05,,-14907.35,4/23/2026
4/22/2026,IRA-Roll $462K,119072621,YOU BOUGHT OPENING TRANSACTION CALL (ORCL) ORACLE CORP JAN 21 28 $150 (100 SHS) (Margin), -ORCL280121C150,CALL (ORCL) ORACLE CORP JAN 21 28 $150 (100 SHS),Margin,0,,USD,74.53,1,0,0.65,0.02,,-7453.67,4/23/2026
4/22/2026,IRA-Roll $462K,119072621,YOU SOLD CLOSING TRANSACTION CALL (MU) MICRON TECHNOLOGY JAN 15 27 $280 (100 SHS) (Margin), -MU270115C280,CALL (MU) MICRON TECHNOLOGY JAN 15 27 $280 (100 SHS),Margin,0,,USD,236,-1,0,0.65,0.51,,23598.84,4/23/2026
4/22/2026,IRA-Roll $462K,119072621,YOU BOUGHT OPENING TRANSACTION CALL (MSFT) MICROSOFT CORP JAN 21 28 $370 (100 SHS) (Margin), -MSFT280121C370,CALL (MSFT) MICROSOFT CORP JAN 21 28 $370 (100 SHS),Margin,0,,USD,115.55,1,0,0.65,0.02,,-11555.67,4/23/2026
4/22/2026,IRA-Roll $462K,119072621,YOU BOUGHT OPENING TRANSACTION CALL (DELL) DELL TECHNOLOGIES JAN 21 28 $175 (100 SHS) (Margin), -DELL280121C175,CALL (DELL) DELL TECHNOLOGIES JAN 21 28 $175 (100 SHS),Margin,0,,USD,82.6,2,0,1.3,0.05,,-16521.35,4/23/2026
4/22/2026,IRA-Roll $462K,119072621,YOU BOUGHT OPENING TRANSACTION CALL (CRWV) COREWEAVE INC COM CL JAN 21 28 $95 (100 SHS) (Margin), -CRWV280121C95,CALL (CRWV) COREWEAVE INC COM CL JAN 21 28 $95 (100 SHS),Margin,0,,USD,62.2,1,0,0.65,0.02,,-6220.67,4/23/2026
4/22/2026,IRA-Roll $462K,119072621,YOU BOUGHT OPENING TRANSACTION CALL (AVGO) BROADCOM INC COM JAN 21 28 $320 (100 SHS) (Cash), -AVGO280121C320,CALL (AVGO) BROADCOM INC COM JAN 21 28 $320 (100 SHS),Cash,0,,USD,163.08,1,0,0.65,0.02,,-16308.67,4/23/2026
4/22/2026,IRA-Roll $462K,119072621,YOU SOLD CLOSING TRANSACTION CALL (CRWV) COREWEAVE INC COM CL JAN 15 27 $50 (100 SHS) (Margin), -CRWV270115C50,CALL (CRWV) COREWEAVE INC COM CL JAN 15 27 $50 (100 SHS),Margin,0,,USD,78.38,-1,0,0.65,0.19,,7837.16,4/23/2026
4/22/2026,IRA-Roll $462K,119072621,YOU BOUGHT OPENING TRANSACTION CALL (FSLY) FASTLY INC CL A JAN 15 27 $15 (100 SHS) (Margin), -FSLY270115C15,CALL (FSLY) FASTLY INC CL A JAN 15 27 $15 (100 SHS),Margin,0,,USD,13.21,5,0,3.25,0.11,,-6608.36,4/23/2026
4/22/2026,IRA-ROTH $321K,233267024,YOU BOUGHT OPENING TRANSACTION CALL (VRT) VERTIV HOLDINGS CO JAN 21 28 $230 (100 SHS) (Margin), -VRT280121C230,CALL (VRT) VERTIV HOLDINGS CO JAN 21 28 $230 (100 SHS),Margin,0,,USD,133.9,1,0,0.65,0.02,,-13390.67,4/23/2026
4/22/2026,IRA-Roll $462K,119072621,YOU BOUGHT OPENING TRANSACTION CALL (AMAT) APPLIED MATERIALS JAN 15 27 $300 (100 SHS) (Margin), -AMAT270115C300,CALL (AMAT) APPLIED MATERIALS JAN 15 27 $300 (100 SHS),Margin,0,,USD,129.7,1,0,0.65,0.02,,-12970.67,4/23/2026
4/22/2026,IRA-Roll $462K,119072621,YOU SOLD CLOSING TRANSACTION CALL (ORCL) ORACLE CORP JAN 15 27 $110 (100 SHS) (Margin), -ORCL270115C110,CALL (ORCL) ORACLE CORP JAN 15 27 $110 (100 SHS),Margin,0,,USD,86.32,-3,0,1.95,0.61,,25893.44,4/23/2026
4/22/2026,IRA-ROTH $321K,233267024,YOU BOUGHT OPENING TRANSACTION CALL (LRCX) LAM RESEARCH CORP JAN 15 27 $200 (100 SHS) (Margin), -LRCX270115C200,CALL (LRCX) LAM RESEARCH CORP JAN 15 27 $200 (100 SHS),Margin,0,,USD,87.43,1,0,0.65,0.02,,-8743.67,4/23/2026
4/22/2026,IRA-Roll $462K,119072621,YOU SOLD CLOSING TRANSACTION CALL (MSFT) MICROSOFT CORP JAN 15 27 $290 (100 SHS) (Margin), -MSFT270115C290,CALL (MSFT) MICROSOFT CORP JAN 15 27 $290 (100 SHS),Margin,0,,USD,152.1,-1,0,0.65,0.34,,15209.01,4/23/2026
4/22/2026,IRA-Roll $462K,119072621,YOU SOLD CLOSING TRANSACTION CALL (AVGO) BROADCOM INC COM JAN 15 27 $240 (100 SHS) (Margin), -AVGO270115C240,CALL (AVGO) BROADCOM INC COM JAN 15 27 $240 (100 SHS),Margin,0,,USD,192,-1,0,0.65,0.42,,19198.93,4/23/2026
4/22/2026,IRA-ROTH $321K,233267024,YOU BOUGHT OPENING TRANSACTION CALL (VRT) VERTIV HOLDINGS CO JAN 15 27 $230 (100 SHS) (Margin), -VRT270115C230,CALL (VRT) VERTIV HOLDINGS CO JAN 15 27 $230 (100 SHS),Margin,0,,USD,107.3,1,0,0.65,0.02,,-10730.67,4/23/2026
4/22/2026,IRA-Roll $462K,119072621,YOU BOUGHT OPENING TRANSACTION CALL (OKTA) OKTA INC CL A JAN 15 27 $55 (100 SHS) (Margin), -OKTA270115C55,CALL (OKTA) OKTA INC CL A JAN 15 27 $55 (100 SHS),Margin,0,,USD,29.34,1,0,0.65,0.02,,-2934.67,4/23/2026
4/22/2026,IRA-ROTH $321K,233267024,YOU BOUGHT OPENING TRANSACTION CALL (VRT) VERTIV HOLDINGS CO JAN 15 27 $230 (100 SHS) (Margin), -VRT270115C230,CALL (VRT) VERTIV HOLDINGS CO JAN 15 27 $230 (100 SHS),Margin,0,,USD,107.5,1,0,0.65,0.02,,-10750.67,4/23/2026
4/22/2026,IRA-Roll $462K,119072621,YOU SOLD CLOSING TRANSACTION CALL (DELL) DELL TECHNOLOGIES JAN 15 27 $120 (100 SHS) (Margin), -DELL270115C120,CALL (DELL) DELL TECHNOLOGIES JAN 15 27 $120 (100 SHS),Margin,0,,USD,103.78,-2,0,1.3,0.48,,20754.22,4/23/2026
4/22/2026,IRA-Roll $462K,119072621,YOU BOUGHT OPENING TRANSACTION CALL (DELL) DELL TECHNOLOGIES JAN 15 27 $140 (100 SHS) (Margin), -DELL270115C140,CALL (DELL) DELL TECHNOLOGIES JAN 15 27 $140 (100 SHS),Margin,0,,USD,86.65,1,0,0.65,0.02,,-8665.67,4/23/2026
4/23/2026,IRA-Roll $462K,119072621,YOU BOUGHT OPENING TRANSACTION CALL (ARM) ARM HOLDINGS PLC MAY 15 26 $177.5 (100 SHS) (Margin), -ARM260515C177.5,CALL (ARM) ARM HOLDINGS PLC MAY 15 26 $177.5 (100 SHS),Margin,0,,USD,37.88,1,0,0.65,0.02,,-3788.67,4/24/2026
4/23/2026,IRA-Roll $462K,119072621,YOU SOLD CLOSING TRANSACTION CALL (ARM) ARM HOLDINGS PLC MAY 15 26 $177.5 (100 SHS) (Margin), -ARM260515C177.5,CALL (ARM) ARM HOLDINGS PLC MAY 15 26 $177.5 (100 SHS),Margin,0,,USD,37.75,-1,0,0.65,0.1,,3774.25,4/24/2026
4/23/2026,IRA-Roll $462K,119072621,YOU BOUGHT OPENING TRANSACTION CALL (NOW) SERVICENOW INC COM JAN 21 28 $65 (100 SHS) (Margin), -NOW280121C65,CALL (NOW) SERVICENOW INC COM JAN 21 28 $65 (100 SHS),Margin,0,,USD,36.2,1,0,0.65,0.02,,-3620.67,4/24/2026
4/23/2026,IRA-Roll $462K,119072621,YOU BOUGHT OPENING TRANSACTION CALL (NOW) SERVICENOW INC COM JAN 21 28 $65 (100 SHS) (Margin), -NOW280121C65,CALL (NOW) SERVICENOW INC COM JAN 21 28 $65 (100 SHS),Margin,0,,USD,36.37,1,0,0.65,0.02,,-3637.67,4/24/2026
4/23/2026,IRA-Roll $462K,119072621,YOU BOUGHT OPENING TRANSACTION CALL (NOW) SERVICENOW INC COM JAN 21 28 $65 (100 SHS) (Margin), -NOW280121C65,CALL (NOW) SERVICENOW INC COM JAN 21 28 $65 (100 SHS),Margin,0,,USD,39.67,1,0,0.65,0.02,,-3967.67,4/24/2026
4/23/2026,IRA-Roll $462K,119072621,YOU BOUGHT OPENING TRANSACTION CALL (FIG) FIGMA INC CLASS A JAN 21 28 $15 (100 SHS) (Margin), -FIG280121C15,CALL (FIG) FIGMA INC CLASS A JAN 21 28 $15 (100 SHS),Margin,0,,USD,8.54,5,0,3.25,0.11,,-4273.36,4/24/2026
4/23/2026,IRA-Roll $462K,119072621,YOU BOUGHT OPENING TRANSACTION CALL (FIG) FIGMA INC CLASS A JAN 21 28 $15 (100 SHS) (Margin), -FIG280121C15,CALL (FIG) FIGMA INC CLASS A JAN 21 28 $15 (100 SHS),Margin,0,,USD,8.69,5,0,3.25,0.11,,-4348.36,4/24/2026
4/23/2026,IRA-Roll $462K,119072621,YOU SOLD CLOSING TRANSACTION CALL (PI) IMPINJ INC COM DEC 18 26 $70 (100 SHS) (Margin), -PI261218C70,CALL (PI) IMPINJ INC COM DEC 18 26 $70 (100 SHS),Margin,0,,USD,58.8,-1,0,0.65,0.15,,5879.2,4/24/2026
4/23/2026,IRA-Roll $462K,119072621,YOU BOUGHT OPENING TRANSACTION CALL (ORCL) ORACLE CORP JAN 21 28 $150 (100 SHS) (Margin), -ORCL280121C150,CALL (ORCL) ORACLE CORP JAN 21 28 $150 (100 SHS),Margin,0,,USD,67.95,1,0,0.65,0.02,,-6795.67,4/24/2026
4/23/2026,IRA-ROTH $321K,233267024,YOU BOUGHT OPENING TRANSACTION CALL (WDAY) WORKDAY INC COM JAN 21 28 $90 (100 SHS) (Margin), -WDAY280121C90,CALL (WDAY) WORKDAY INC COM JAN 21 28 $90 (100 SHS),Margin,0,,USD,49,1,0,0.65,0.02,,-4900.67,4/24/2026
4/23/2026,IRA-ROTH $321K,233267024,YOU BOUGHT OPENING TRANSACTION CALL (WDAY) WORKDAY INC COM JAN 21 28 $90 (100 SHS) (Margin), -WDAY280121C90,CALL (WDAY) WORKDAY INC COM JAN 21 28 $90 (100 SHS),Margin,0,,USD,50.82,1,0,0.65,0.02,,-5082.67,4/24/2026
4/23/2026,IRA-Roll $462K,119072621,YOU BOUGHT OPENING TRANSACTION CALL (PLTR) PALANTIR JAN 21 28 $100 (100 SHS) (Margin), -PLTR280121C100,CALL (PLTR) PALANTIR JAN 21 28 $100 (100 SHS),Margin,0,,USD,65.73,1,0,0.65,0.02,,-6573.67,4/24/2026
4/23/2026,IRA-ROTH $321K,233267024,YOU BOUGHT OPENING TRANSACTION CALL (NOW) SERVICENOW INC COM JAN 21 28 $70 (100 SHS) (Margin), -NOW280121C70,CALL (NOW) SERVICENOW INC COM JAN 21 28 $70 (100 SHS),Margin,0,,USD,33.7,1,0,0.65,0.02,,-3370.67,4/24/2026
4/23/2026,IRA-Roll $462K,119072621,YOU BOUGHT OPENING TRANSACTION CALL (OKTA) OKTA INC CL A JAN 21 28 $55 (100 SHS) (Margin), -OKTA280121C55,CALL (OKTA) OKTA INC CL A JAN 21 28 $55 (100 SHS),Margin,0,,USD,33.85,1,0,0.65,0.02,,-3385.67,4/24/2026
4/23/2026,IRA-ROTH $321K,233267024,YOU BOUGHT OPENING TRANSACTION CALL (NOW) SERVICENOW INC COM JAN 21 28 $70 (100 SHS) (Margin), -NOW280121C70,CALL (NOW) SERVICENOW INC COM JAN 21 28 $70 (100 SHS),Margin,0,,USD,34,1,0,0.65,0.02,,-3400.67,4/24/2026
4/23/2026,IRA-ROTH $321K,233267024,YOU BOUGHT OPENING TRANSACTION CALL (NOW) SERVICENOW INC COM JAN 21 28 $70 (100 SHS) (Margin), -NOW280121C70,CALL (NOW) SERVICENOW INC COM JAN 21 28 $70 (100 SHS),Margin,0,,USD,34.95,1,0,0.65,0.02,,-3495.67,4/24/2026
4/23/2026,IRA-ROTH $321K,233267024,YOU BOUGHT OPENING TRANSACTION CALL (NOW) SERVICENOW INC COM JAN 21 28 $70 (100 SHS) (Margin), -NOW280121C70,CALL (NOW) SERVICENOW INC COM JAN 21 28 $70 (100 SHS),Margin,0,,USD,36.54,1,0,0.65,0.02,,-3654.67,4/24/2026
4/23/2026,IRA-Roll $462K,119072621,YOU BOUGHT OPENING TRANSACTION CALL (CRWD) CROWDSTRIKE HLDGS JAN 21 28 $350 (100 SHS) (Margin), -CRWD280121C350,CALL (CRWD) CROWDSTRIKE HLDGS JAN 21 28 $350 (100 SHS),Margin,0,,USD,174.25,1,0,0.65,0.02,,-17425.67,4/24/2026
4/23/2026,IRA-ROTH $321K,233267024,YOU BOUGHT OPENING TRANSACTION CALL (LRCX) LAM RESEARCH CORP JAN 21 28 $200 (100 SHS) (Margin), -LRCX280121C200,CALL (LRCX) LAM RESEARCH CORP JAN 21 28 $200 (100 SHS),Margin,0,,USD,108,1,0,0.65,0.02,,-10800.67,4/24/2026
4/23/2026,IRA-Roll $462K,119072621,YOU BOUGHT OPENING TRANSACTION CALL (OKTA) OKTA INC CL A JAN 21 28 $60 (100 SHS) (Margin), -OKTA280121C60,CALL (OKTA) OKTA INC CL A JAN 21 28 $60 (100 SHS),Margin,0,,USD,31.19,2,0,1.3,0.05,,-6239.35,4/24/2026
4/23/2026,IRA-ROTH $321K,233267024,YOU BOUGHT OPENING TRANSACTION CALL (SNOW) SNOWFLAKE INC. JAN 21 28 $115 (100 SHS) (Margin), -SNOW280121C115,CALL (SNOW) SNOWFLAKE INC. JAN 21 28 $115 (100 SHS),Margin,0,,USD,61.84,1,0,0.65,0.02,,-6184.67,4/24/2026
4/23/2026,IRA-ROTH $321K,233267024,YOU BOUGHT OPENING TRANSACTION CALL (PLTR) PALANTIR JAN 21 28 $110 (100 SHS) (Margin), -PLTR280121C110,CALL (PLTR) PALANTIR JAN 21 28 $110 (100 SHS),Margin,0,,USD,61.4,2,0,1.3,0.05,,-12281.35,4/24/2026
4/23/2026,IRA-ROTH $321K,233267024,YOU BOUGHT OPENING TRANSACTION CALL (PLTR) PALANTIR JAN 21 28 $110 (100 SHS) (Margin), -PLTR280121C110,CALL (PLTR) PALANTIR JAN 21 28 $110 (100 SHS),Margin,0,,USD,59.5,1,0,0.65,0.02,,-5950.67,4/24/2026
4/23/2026,IRA-ROTH $321K,233267024,YOU BOUGHT OPENING TRANSACTION CALL (PLTR) PALANTIR JAN 21 28 $110 (100 SHS) (Margin), -PLTR280121C110,CALL (PLTR) PALANTIR JAN 21 28 $110 (100 SHS),Margin,0,,USD,60.35,1,0,0.65,0.02,,-6035.67,4/24/2026
4/23/2026,IRA-ROTH $321K,233267024,YOU BOUGHT OPENING TRANSACTION CALL (PANW) PALO ALTO NETWORKS JAN 21 28 $135 (100 SHS) (Margin), -PANW280121C135,CALL (PANW) PALO ALTO NETWORKS JAN 21 28 $135 (100 SHS),Margin,0,,USD,65.5,1,0,0.65,0.02,,-6550.67,4/24/2026
4/23/2026,IRA-ROTH $321K,233267024,YOU BOUGHT OPENING TRANSACTION CALL (MDB) MONGODB INC CL A JAN 21 28 $190 (100 SHS) (Margin), -MDB280121C190,CALL (MDB) MONGODB INC CL A JAN 21 28 $190 (100 SHS),Margin,0,,USD,120,1,0,0.65,0.02,,-12000.67,4/24/2026
4/23/2026,IRA-ROTH $321K,233267024,YOU BOUGHT OPENING TRANSACTION CALL (SHOP) SHOPIFY INC COM NPV JAN 21 28 $100 (100 SHS) (Margin), -SHOP280121C100,CALL (SHOP) SHOPIFY INC COM NPV JAN 21 28 $100 (100 SHS),Margin,0,,USD,52.34,1,0,0.65,0.02,,-5234.67,4/24/2026
4/23/2026,IRA-ROTH $321K,233267024,YOU BOUGHT OPENING TRANSACTION CALL (FSLY) FASTLY INC CL A JAN 21 28 $12.5 (100 SHS) (Margin), -FSLY280121C12.5,CALL (FSLY) FASTLY INC CL A JAN 21 28 $12.5 (100 SHS),Margin,0,,USD,16.85,3,0,1.95,0.07,,-5057.02,4/24/2026
4/23/2026,IRA-ROTH $321K,233267024,YOU BOUGHT OPENING TRANSACTION CALL (FSLY) FASTLY INC CL A JAN 15 27 $15 (100 SHS) (Margin), -FSLY270115C15,CALL (FSLY) FASTLY INC CL A JAN 15 27 $15 (100 SHS),Margin,0,,USD,12.5,5,0,3.25,0.11,,-6253.36,4/24/2026
4/23/2026,IRA-Roll $462K,119072621,YOU SOLD CLOSING TRANSACTION CALL (ARM) ARM HOLDINGS PLC JAN 15 27 $105 (100 SHS) (Margin), -ARM270115C105,CALL (ARM) ARM HOLDINGS PLC JAN 15 27 $105 (100 SHS),Margin,0,,USD,98.01,-2,0,1.3,0.46,,19600.24,4/24/2026
4/23/2026,Trust PHT $988K,Z40402241,YOU BOUGHT OPENING TRANSACTION CALL (WDAY) WORKDAY INC COM JAN 21 28 $90 (100 SHS) (Margin), -WDAY280121C90,CALL (WDAY) WORKDAY INC COM JAN 21 28 $90 (100 SHS),Margin,0,,USD,49.7,1,0,0.65,0.02,,-4970.67,4/24/2026
4/23/2026,Phil and Di,X65959334,TRANSFERRED FROM VS X69-705290-1 (Cash), ,No Description,Cash,0,,USD,,0,0,,,,8000,
4/23/2026,DI Ind. $83.5K,X69705290,TRANSFERRED TO VS X65-959334-1 (Cash), ,No Description,Cash,0,,USD,,0,0,,,,-8000,
4/24/2026,IRA-ROTH $321K,233267024,YOU BOUGHT OPENING TRANSACTION CALL (WDAY) WORKDAY INC COM JAN 21 28 $90 (100 SHS) (Margin), -WDAY280121C90,CALL (WDAY) WORKDAY INC COM JAN 21 28 $90 (100 SHS),Margin,0,,USD,49.5,1,0,0.65,0.02,,-4950.67,4/27/2026
4/24/2026,IRA-Roll $462K,119072621,DIVIDEND RECEIVED ORACLE CORP (ORCL) (Margin),ORCL,ORACLE CORP,Margin,0,,USD,,0,0,,,,29,
4/24/2026,IRA-ROTH $321K,233267024,YOU BOUGHT OPENING TRANSACTION CALL (SNOW) SNOWFLAKE INC. JAN 21 28 $115 (100 SHS) (Margin), -SNOW280121C115,CALL (SNOW) SNOWFLAKE INC. JAN 21 28 $115 (100 SHS),Margin,0,,USD,56.95,1,0,0.65,0.02,,-5695.67,4/27/2026
4/24/2026,IRA-ROTH $321K,233267024,YOU BOUGHT OPENING TRANSACTION CALL (SNOW) SNOWFLAKE INC. JAN 21 28 $115 (100 SHS) (Margin), -SNOW280121C115,CALL (SNOW) SNOWFLAKE INC. JAN 21 28 $115 (100 SHS),Margin,0,,USD,57.05,1,0,0.65,0.02,,-5705.67,4/27/2026
4/24/2026,IRA-Roll $462K,119072621,YOU BOUGHT OPENING TRANSACTION CALL (ORCL) ORACLE CORP JAN 21 28 $150 (100 SHS) (Margin), -ORCL280121C150,CALL (ORCL) ORACLE CORP JAN 21 28 $150 (100 SHS),Margin,0,,USD,61.86,1,0,0.65,0.02,,-6186.67,4/27/2026
4/24/2026,IRA-ROTH $321K,233267024,YOU BOUGHT OPENING TRANSACTION CALL (PANW) PALO ALTO NETWORKS JAN 21 28 $135 (100 SHS) (Margin), -PANW280121C135,CALL (PANW) PALO ALTO NETWORKS JAN 21 28 $135 (100 SHS),Margin,0,,USD,66.28,1,0,0.65,0.02,,-6628.67,4/27/2026
4/24/2026,IRA-ROTH $321K,233267024,YOU BOUGHT OPENING TRANSACTION CALL (MDB) MONGODB INC CL A JAN 21 28 $190 (100 SHS) (Margin), -MDB280121C190,CALL (MDB) MONGODB INC CL A JAN 21 28 $190 (100 SHS),Margin,0,,USD,117.82,1,0,0.65,0.02,,-11782.67,4/27/2026
4/24/2026,IRA-Roll $462K,119072621,YOU BOUGHT OPENING TRANSACTION CALL (OKTA) OKTA INC CL A JAN 21 28 $55 (100 SHS) (Margin), -OKTA280121C55,CALL (OKTA) OKTA INC CL A JAN 21 28 $55 (100 SHS),Margin,0,,USD,32.5,1,0,0.65,0.02,,-3250.67,4/27/2026
4/24/2026,IRA-ROTH $321K,233267024,YOU BOUGHT OPENING TRANSACTION CALL (CVS) CVS HEALTH JAN 21 28 $60 (100 SHS) (Margin), -CVS280121C60,CALL (CVS) CVS HEALTH JAN 21 28 $60 (100 SHS),Margin,0,,USD,24.3,3,0,1.95,0.07,,-7292.02,4/27/2026
4/24/2026,IRA-ROTH $321K,233267024,YOU BOUGHT OPENING TRANSACTION CALL (CVS) CVS HEALTH JAN 21 28 $60 (100 SHS) (Margin), -CVS280121C60,CALL (CVS) CVS HEALTH JAN 21 28 $60 (100 SHS),Margin,0,,USD,23.4,2,0,1.3,0.05,,-4681.35,4/27/2026
4/24/2026,IRA-Roll $462K,119072621,YOU BOUGHT OPENING TRANSACTION CALL (CRWV) COREWEAVE INC COM CL JAN 21 28 $95 (100 SHS) (Margin), -CRWV280121C95,CALL (CRWV) COREWEAVE INC COM CL JAN 21 28 $95 (100 SHS),Margin,0,,USD,49.91,1,0,0.65,0.02,,-4991.67,4/27/2026
4/24/2026,IRA-ROTH $321K,233267024,YOU BOUGHT OPENING TRANSACTION CALL (SHOP) SHOPIFY INC COM NPV JAN 21 28 $100 (100 SHS) (Margin), -SHOP280121C100,CALL (SHOP) SHOPIFY INC COM NPV JAN 21 28 $100 (100 SHS),Margin,0,,USD,52.12,1,0,0.65,0.02,,-5212.67,4/27/2026
4/24/2026,IRA-Roll $462K,119072621,YOU BOUGHT OPENING TRANSACTION CALL (CRWV) COREWEAVE INC COM CL JAN 21 28 $95 (100 SHS) (Margin), -CRWV280121C95,CALL (CRWV) COREWEAVE INC COM CL JAN 21 28 $95 (100 SHS),Margin,0,,USD,53.1,1,0,0.65,0.02,,-5310.67,4/27/2026
4/24/2026,IRA-ROTH $321K,233267024,YOU BOUGHT OPENING TRANSACTION CALL (FSLY) FASTLY INC CL A JAN 21 28 $12.5 (100 SHS) (Margin), -FSLY280121C12.5,CALL (FSLY) FASTLY INC CL A JAN 21 28 $12.5 (100 SHS),Margin,0,,USD,16,3,0,1.95,0.07,,-4802.02,4/27/2026
4/24/2026,Trust PHT $988K,Z40402241,REINVESTMENT ORACLE CORP (ORCL) (Margin),ORCL,ORACLE CORP,Margin,0,,USD,177.76,1.773,0,,,,-315.23,
4/24/2026,IRA-ROTH $321K,233267024,YOU BOUGHT OPENING TRANSACTION CALL (FSLY) FASTLY INC CL A JAN 21 28 $12.5 (100 SHS) (Margin), -FSLY280121C12.5,CALL (FSLY) FASTLY INC CL A JAN 21 28 $12.5 (100 SHS),Margin,0,,USD,16.1,3,0,1.95,0.07,,-4832.02,4/27/2026
4/24/2026,IRA-Roll $462K,119072621,YOU BOUGHT OPENING TRANSACTION CALL (CAH) CARDINAL HEALTH INC JAN 21 28 $160 (100 SHS) (Margin), -CAH280121C160,CALL (CAH) CARDINAL HEALTH INC JAN 21 28 $160 (100 SHS),Margin,0,,USD,61.2,1,0,0.65,0.02,,-6120.67,4/27/2026
4/24/2026,Trust PHT $988K,Z40402241,DIVIDEND RECEIVED ORACLE CORP (ORCL) (Margin),ORCL,ORACLE CORP,Margin,0,,USD,,0,0,,,,315.23,
4/24/2026,IRA-Roll $462K,119072621,YOU BOUGHT OPENING TRANSACTION CALL (CAH) CARDINAL HEALTH INC JAN 21 28 $160 (100 SHS) (Margin), -CAH280121C160,CALL (CAH) CARDINAL HEALTH INC JAN 21 28 $160 (100 SHS),Margin,0,,USD,64.1,1,0,0.65,0.02,,-6410.67,4/27/2026
4/24/2026,Phil and Di,X65959334,BILL PAYMENT BLOOMINGDALE'S (Cash), ,No Description,Cash,0,,USD,,0,0,,,,-175.31,
4/27/2026,IRA-Roll $462K,119072621,YOU BOUGHT OPENING TRANSACTION CALL (ORCL) ORACLE CORP JAN 21 28 $150 (100 SHS) (Margin), -ORCL280121C150,CALL (ORCL) ORACLE CORP JAN 21 28 $150 (100 SHS),Margin,0,,USD,62.08,1,0,0.65,0.02,,-6208.67,4/28/2026
4/27/2026,IRA-Roll $462K,119072621,YOU BOUGHT OPENING TRANSACTION CALL (MRVL) MARVELL TECHNOLOGY JAN 21 28 $120 (100 SHS) (Margin), -MRVL280121C120,CALL (MRVL) MARVELL TECHNOLOGY JAN 21 28 $120 (100 SHS),Margin,0,,USD,69.75,1,0,0.65,0.02,,-6975.67,4/28/2026
4/27/2026,IRA-ROTH $321K,233267024,YOU BOUGHT OPENING TRANSACTION CALL (NFLX) NETFLIX INC JAN 21 28 $75 (100 SHS) (Margin), -NFLX280121C75,CALL (NFLX) NETFLIX INC JAN 21 28 $75 (100 SHS),Margin,0,,USD,30.58,2,0,1.3,0.05,,-6117.35,4/28/2026
4/27/2026,IRA-ROTH $321K,233267024,YOU BOUGHT OPENING TRANSACTION CALL (VRT) VERTIV HOLDINGS CO JAN 21 28 $230 (100 SHS) (Margin), -VRT280121C230,CALL (VRT) VERTIV HOLDINGS CO JAN 21 28 $230 (100 SHS),Margin,0,,USD,141.25,1,0,0.65,0.02,,-14125.67,4/28/2026
4/27/2026,IRA-Roll $462K,119072621,YOU BOUGHT OPENING TRANSACTION CALL (DPZ) DOMINO S PIZZA INC JAN 21 28 $260 (100 SHS) (Margin), -DPZ280121C260,CALL (DPZ) DOMINO S PIZZA INC JAN 21 28 $260 (100 SHS),Margin,0,,USD,98,1,0,0.65,0.02,,-9800.67,4/28/2026
4/27/2026,IRA-ROTH $321K,233267024,YOU BOUGHT OPENING TRANSACTION CALL (LRCX) LAM RESEARCH CORP JAN 21 28 $200 (100 SHS) (Margin), -LRCX280121C200,CALL (LRCX) LAM RESEARCH CORP JAN 21 28 $200 (100 SHS),Margin,0,,USD,111.39,1,0,0.65,0.02,,-11139.67,4/28/2026
4/27/2026,IRA-Roll $462K,119072621,YOU BOUGHT OPENING TRANSACTION CALL (AMD) ADVANCED MICRO JAN 21 28 $290 (100 SHS) (Margin), -AMD280121C290,CALL (AMD) ADVANCED MICRO JAN 21 28 $290 (100 SHS),Margin,0,,USD,127.78,1,0,0.65,0.02,,-12778.67,4/28/2026
4/27/2026,IRA-Roll $462K,119072621,YOU BOUGHT OPENING TRANSACTION CALL (AMAT) APPLIED MATERIALS JAN 21 28 $300 (100 SHS) (Margin), -AMAT280121C300,CALL (AMAT) APPLIED MATERIALS JAN 21 28 $300 (100 SHS),Margin,0,,USD,168.25,1,0,0.65,0.02,,-16825.67,4/28/2026
4/27/2026,IRA-Roll $462K,119072621,YOU BOUGHT OPENING TRANSACTION CALL (TSM) TAIWAN SEMICONDUCTOR JAN 21 28 $320 (100 SHS) (Margin), -TSM280121C320,CALL (TSM) TAIWAN SEMICONDUCTOR JAN 21 28 $320 (100 SHS),Margin,0,,USD,148.15,1,0,0.65,0.02,,-14815.67,4/28/2026
4/27/2026,IRA-ROTH $321K,233267024,YOU BOUGHT OPENING TRANSACTION CALL (AMD) ADVANCED MICRO JAN 21 28 $290 (100 SHS) (Margin), -AMD280121C290,CALL (AMD) ADVANCED MICRO JAN 21 28 $290 (100 SHS),Margin,0,,USD,129.65,1,0,0.65,0.02,,-12965.67,4/28/2026
4/27/2026,IRA-Roll $462K,119072621,YOU BOUGHT OPENING TRANSACTION CALL (ARM) ARM HOLDINGS PLC JAN 21 28 $170 (100 SHS) (Margin), -ARM280121C170,CALL (ARM) ARM HOLDINGS PLC JAN 21 28 $170 (100 SHS),Margin,0,,USD,94.22,1,0,0.65,0.02,,-9422.67,4/28/2026
4/27/2026,IRA-ROTH $321K,233267024,YOU BOUGHT OPENING TRANSACTION CALL (CRWV) COREWEAVE INC COM CL JAN 21 28 $85 (100 SHS) (Margin), -CRWV280121C85,CALL (CRWV) COREWEAVE INC COM CL JAN 21 28 $85 (100 SHS),Margin,0,,USD,52.55,1,0,0.65,0.02,,-5255.67,4/28/2026
4/27/2026,IRA-Roll $462K,119072621,YOU SOLD CLOSING TRANSACTION CALL (TSM) TAIWAN SEMICONDUCTOR JAN 15 27 $220 (100 SHS) (Margin), -TSM270115C220,CALL (TSM) TAIWAN SEMICONDUCTOR JAN 15 27 $220 (100 SHS),Margin,0,,USD,201.5,-1,0,0.65,0.44,,20148.91,4/28/2026
4/27/2026,IRA-Roll $462K,119072621,YOU SOLD CLOSING TRANSACTION CALL (NVDA) NVIDIA CORPORATION JAN 15 27 $150 (100 SHS) (Margin), -NVDA270115C150,CALL (NVDA) NVIDIA CORPORATION JAN 15 27 $150 (100 SHS),Margin,0,,USD,71.65,-1,0,0.65,0.17,,7164.18,4/28/2026
4/27/2026,IRA-ROTH $321K,233267024,YOU BOUGHT OPENING TRANSACTION CALL (FSLY) FASTLY INC CL A JAN 21 28 $12.5 (100 SHS) (Margin), -FSLY280121C12.5,CALL (FSLY) FASTLY INC CL A JAN 21 28 $12.5 (100 SHS),Margin,0,,USD,15.7,3,0,1.95,0.07,,-4712.02,4/28/2026
4/27/2026,IRA-Roll $462K,119072621,YOU SOLD CLOSING TRANSACTION CALL (NVDA) NVIDIA CORPORATION JAN 15 27 $150 (100 SHS) (Margin), -NVDA270115C150,CALL (NVDA) NVIDIA CORPORATION JAN 15 27 $150 (100 SHS),Margin,0,,USD,72,-1,0,0.65,0.17,,7199.18,4/28/2026
4/27/2026,DI Ind. $83.5K,X69705290,YOU BOUGHT OPENING TRANSACTION CALL (MRVL) MARVELL TECHNOLOGY JAN 21 28 $120 (100 SHS) (Margin), -MRVL280121C120,CALL (MRVL) MARVELL TECHNOLOGY JAN 21 28 $120 (100 SHS),Margin,0,,USD,71,1,0,0.65,0.02,,-7100.67,4/28/2026
4/27/2026,IRA-Roll $462K,119072621,YOU SOLD CLOSING TRANSACTION CALL (NVDA) NVIDIA CORPORATION JAN 15 27 $150 (100 SHS) (Margin), -NVDA270115C150,CALL (NVDA) NVIDIA CORPORATION JAN 15 27 $150 (100 SHS),Margin,0,,USD,72,-1,0,0.65,0.17,,7199.18,4/28/2026
4/27/2026,DI Ind. $83.5K,X69705290,YOU BOUGHT OPENING TRANSACTION CALL (AMAT) APPLIED MATERIALS JAN 21 28 $300 (100 SHS) (Margin), -AMAT280121C300,CALL (AMAT) APPLIED MATERIALS JAN 21 28 $300 (100 SHS),Margin,0,,USD,167,1,0,0.65,0.02,,-16700.67,4/28/2026
4/27/2026,IRA-Roll $462K,119072621,YOU SOLD CLOSING TRANSACTION CALL (NVDA) NVIDIA CORPORATION JAN 15 27 $150 (100 SHS) (Margin), -NVDA270115C150,CALL (NVDA) NVIDIA CORPORATION JAN 15 27 $150 (100 SHS),Margin,0,,USD,73,-1,0,0.65,0.18,,7299.17,4/28/2026
4/27/2026,DI Ind. $83.5K,X69705290,YOU BOUGHT OPENING TRANSACTION CALL (ARM) ARM HOLDINGS PLC JAN 21 28 $160 (100 SHS) (Margin), -ARM280121C160,CALL (ARM) ARM HOLDINGS PLC JAN 21 28 $160 (100 SHS),Margin,0,,USD,97.23,1,0,0.65,0.02,,-9723.67,4/28/2026
4/27/2026,IRA-ROTH $321K,233267024,YOU BOUGHT OPENING TRANSACTION CALL (ARM) ARM HOLDINGS PLC JAN 21 28 $170 (100 SHS) (Margin), -ARM280121C170,CALL (ARM) ARM HOLDINGS PLC JAN 21 28 $170 (100 SHS),Margin,0,,USD,92.66,1,0,0.65,0.02,,-9266.67,4/28/2026
4/27/2026,IRA-Roll $462K,119072621,YOU SOLD CLOSING TRANSACTION CALL (CRWD) CROWDSTRIKE HLDGS JAN 15 27 $300 (100 SHS) (Margin), -CRWD270115C300,CALL (CRWD) CROWDSTRIKE HLDGS JAN 15 27 $300 (100 SHS),Margin,0,,USD,179.73,-1,0,0.65,0.4,,17971.95,4/28/2026
4/27/2026,IRA-ETF $203K,238174669,YOU BOUGHT SPDR SERIES TRUST STATE STREET S&P S... (XSD) (Cash),XSD,SPDR SERIES TRUST STATE STREET S&P SEMI,Cash,0,,USD,460.51,10,0,,,,-4605.1,4/28/2026
4/27/2026,DI Ind. $83.5K,X69705290,YOU SOLD CLOSING TRANSACTION CALL (NET) CLOUDFLARE INC CL A JAN 15 27 $150 (100 SHS) (Margin), -NET270115C150,CALL (NET) CLOUDFLARE INC CL A JAN 15 27 $150 (100 SHS),Margin,0,,USD,78.48,-1,0,0.65,0.19,,7847.16,4/28/2026
4/27/2026,IRA-ROTH $321K,233267024,YOU BOUGHT OPENING TRANSACTION CALL (ARM) ARM HOLDINGS PLC JAN 21 28 $170 (100 SHS) (Margin), -ARM280121C170,CALL (ARM) ARM HOLDINGS PLC JAN 21 28 $170 (100 SHS),Margin,0,,USD,93.03,1,0,0.65,0.02,,-9303.67,4/28/2026
4/27/2026,IRA-Roll $462K,119072621,YOU BOUGHT GE VERNOVA INC COM (GEV) (Margin),GEV,GE VERNOVA INC COM,Margin,0,,USD,1113,10,0,,,,-11130,4/28/2026
4/27/2026,Trust PHT $988K,Z40402241,YOU SOLD CLOSING TRANSACTION CALL (NVDA) NVIDIA CORPORATION JAN 15 27 $150 (100 SHS) (Margin), -NVDA270115C150,CALL (NVDA) NVIDIA CORPORATION JAN 15 27 $150 (100 SHS),Margin,0,,USD,76.7,-1,0,0.65,0.18,,7669.17,4/28/2026
4/27/2026,IRA-ETF $203K,238174669,YOU BOUGHT ISHARES TR ISHARES SEMICDTR (SOXX) (Cash),SOXX,ISHARES TR ISHARES SEMICDTR,Cash,0,,USD,452.43,20,0,,,,-9048.6,4/28/2026
4/27/2026,DI Ind. $83.5K,X69705290,YOU SOLD CLOSING TRANSACTION CALL (CRWD) CROWDSTRIKE HLDGS JAN 15 27 $350 (100 SHS) (Margin), -CRWD270115C350,CALL (CRWD) CROWDSTRIKE HLDGS JAN 15 27 $350 (100 SHS),Margin,0,,USD,142.1,-1,0,0.65,0.32,,14209.03,4/28/2026
4/27/2026,Trust PHT $988K,Z40402241,YOU SOLD CLOSING TRANSACTION CALL (NVDA) NVIDIA CORPORATION JAN 15 27 $150 (100 SHS) (Margin), -NVDA270115C150,CALL (NVDA) NVIDIA CORPORATION JAN 15 27 $150 (100 SHS),Margin,0,,USD,76.7,-1,0,0.65,0.18,,7669.17,4/28/2026
4/27/2026,IRA-ETF $203K,238174669,YOU BOUGHT INVESCO EXCHANGE TRADED FD TR SEMICO... (PSI) (Cash),PSI,INVESCO EXCHANGE TRADED FD TR SEMICONDU,Cash,0,,USD,130.42,40,0,,,,-5216.8,4/28/2026
4/27/2026,DI Ind. $83.5K,X69705290,YOU SOLD PETCO HEALTH &WELLNESS CO INC COM (WOOF) (Margin),WOOF,PETCO HEALTH &WELLNESS CO INC COM,Margin,0,,USD,2.97,-450,0,,0.03,,1336.47,4/28/2026
4/28/2026,IRA-Roll $462K,119072621,YOU BOUGHT OPENING TRANSACTION CALL (BE) BLOOM ENERGY CORP JAN 21 28 $190 (100 SHS) (Margin), -BE280121C190,CALL (BE) BLOOM ENERGY CORP JAN 21 28 $190 (100 SHS),Margin,0,,USD,120.9,1,0,0.65,0.02,,-12090.67,4/29/2026
4/28/2026,IRA-Roll $462K,119072621,YOU BOUGHT OPENING TRANSACTION CALL (BE) BLOOM ENERGY CORP JAN 21 28 $190 (100 SHS) (Margin), -BE280121C190,CALL (BE) BLOOM ENERGY CORP JAN 21 28 $190 (100 SHS),Margin,0,,USD,123.16,1,0,0.65,0.02,,-12316.67,4/29/2026
4/28/2026,IRA-Roll $462K,119072621,YOU BOUGHT OPENING TRANSACTION CALL (RDDT) REDDIT INC CL A JAN 21 28 $115 (100 SHS) (Margin), -RDDT280121C115,CALL (RDDT) REDDIT INC CL A JAN 21 28 $115 (100 SHS),Margin,0,,USD,71.93,1,0,0.65,0.02,,-7193.67,4/29/2026
4/28/2026,IRA-Roll $462K,119072621,YOU BOUGHT OPENING TRANSACTION CALL (VRT) VERTIV HOLDINGS CO JAN 21 28 $230 (100 SHS) (Margin), -VRT280121C230,CALL (VRT) VERTIV HOLDINGS CO JAN 21 28 $230 (100 SHS),Margin,0,,USD,135.04,1,0,0.65,0.02,,-13504.67,4/29/2026
4/28/2026,IRA-Roll $462K,119072621,YOU BOUGHT OPENING TRANSACTION CALL (MRVL) MARVELL TECHNOLOGY JAN 21 28 $110 (100 SHS) (Margin), -MRVL280121C110,CALL (MRVL) MARVELL TECHNOLOGY JAN 21 28 $110 (100 SHS),Margin,0,,USD,73.46,1,0,0.65,0.02,,-7346.67,4/29/2026
4/28/2026,IRA-Roll $462K,119072621,YOU BOUGHT OPENING TRANSACTION CALL (DELL) DELL TECHNOLOGIES JAN 21 28 $175 (100 SHS) (Margin), -DELL280121C175,CALL (DELL) DELL TECHNOLOGIES JAN 21 28 $175 (100 SHS),Margin,0,,USD,74.86,1,0,0.65,0.02,,-7486.67,4/29/2026
4/28/2026,IRA-Roll $462K,119072621,YOU BOUGHT OPENING TRANSACTION CALL (AMD) ADVANCED MICRO JAN 21 28 $290 (100 SHS) (Margin), -AMD280121C290,CALL (AMD) ADVANCED MICRO JAN 21 28 $290 (100 SHS),Margin,0,,USD,121.7,1,0,0.65,0.02,,-12170.67,4/29/2026
4/28/2026,IRA-Roll $462K,119072621,YOU BOUGHT OPENING TRANSACTION CALL (AMAT) APPLIED MATERIALS JAN 21 28 $300 (100 SHS) (Margin), -AMAT280121C300,CALL (AMAT) APPLIED MATERIALS JAN 21 28 $300 (100 SHS),Margin,0,,USD,154.96,1,0,0.65,0.02,,-15496.67,4/29/2026
4/28/2026,IRA-Roll $462K,119072621,YOU BOUGHT OPENING TRANSACTION CALL (TSM) TAIWAN SEMICONDUCTOR JAN 21 28 $320 (100 SHS) (Margin), -TSM280121C320,CALL (TSM) TAIWAN SEMICONDUCTOR JAN 21 28 $320 (100 SHS),Margin,0,,USD,137.69,1,0,0.65,0.02,,-13769.67,4/29/2026
4/28/2026,IRA-Roll $462K,119072621,YOU BOUGHT OPENING TRANSACTION CALL (AVGO) BROADCOM INC COM JAN 21 28 $320 (100 SHS) (Margin), -AVGO280121C320,CALL (AVGO) BROADCOM INC COM JAN 21 28 $320 (100 SHS),Margin,0,,USD,145.56,1,0,0.65,0.02,,-14556.67,4/29/2026
4/28/2026,IRA-Roll $462K,119072621,YOU BOUGHT OPENING TRANSACTION CALL (ARM) ARM HOLDINGS PLC JAN 21 28 $170 (100 SHS) (Margin), -ARM280121C170,CALL (ARM) ARM HOLDINGS PLC JAN 21 28 $170 (100 SHS),Margin,0,,USD,83.5,1,0,0.65,0.02,,-8350.67,4/29/2026
4/28/2026,IRA-Roll $462K,119072621,YOU BOUGHT SANDISK CORP COM (SNDK) (Margin),SNDK,SANDISK CORP COM,Margin,0,,USD,987.2,5,0,,,,-4936,4/29/2026
4/28/2026,IRA-Roll $462K,119072621,YOU SOLD CLOSING TRANSACTION CALL (PANW) PALO ALTO NETWORKS JAN 15 27 $105 (100 SHS) (Margin), -PANW270115C105,CALL (PANW) PALO ALTO NETWORKS JAN 15 27 $105 (100 SHS),Margin,0,,USD,84.57,-1,0,0.65,0.2,,8456.15,4/29/2026
4/28/2026,IRA-ROTH $321K,233267024,YOU SOLD CLOSING TRANSACTION CALL (BE) BLOOM ENERGY CORP JAN 15 27 $150 (100 SHS) (Margin), -BE270115C150,CALL (BE) BLOOM ENERGY CORP JAN 15 27 $150 (100 SHS),Margin,0,,USD,111.35,-1,0,0.65,0.25,,11134.1,4/29/2026
4/28/2026,IRA-Roll $462K,119072621,YOU SOLD CLOSING TRANSACTION CALL (PANW) PALO ALTO NETWORKS JAN 15 27 $105 (100 SHS) (Margin), -PANW270115C105,CALL (PANW) PALO ALTO NETWORKS JAN 15 27 $105 (100 SHS),Margin,0,,USD,84.75,-1,0,0.65,0.2,,8474.15,4/29/2026
4/28/2026,IRA-ROTH $321K,233267024,YOU BOUGHT OPENING TRANSACTION CALL (RDDT) REDDIT INC CL A JAN 21 28 $115 (100 SHS) (Margin), -RDDT280121C115,CALL (RDDT) REDDIT INC CL A JAN 21 28 $115 (100 SHS),Margin,0,,USD,70.27,1,0,0.65,0.02,,-7027.67,4/29/2026
4/28/2026,IRA-Roll $462K,119072621,YOU SOLD CLOSING TRANSACTION CALL (PLTR) PALANTIR JAN 15 27 $100 (100 SHS) (Margin), -PLTR270115C100,CALL (PLTR) PALANTIR JAN 15 27 $100 (100 SHS),Margin,0,,USD,52.37,-1,0,0.65,0.13,,5236.22,4/29/2026
4/28/2026,IRA-ROTH $321K,233267024,YOU BOUGHT OPENING TRANSACTION CALL (RDDT) REDDIT INC CL A JAN 21 28 $115 (100 SHS) (Margin), -RDDT280121C115,CALL (RDDT) REDDIT INC CL A JAN 21 28 $115 (100 SHS),Margin,0,,USD,71.5,1,0,0.65,0.02,,-7150.67,4/29/2026
4/28/2026,IRA-Roll $462K,119072621,YOU SOLD CLOSING TRANSACTION CALL (PLTR) PALANTIR JAN 15 27 $100 (100 SHS) (Margin), -PLTR270115C100,CALL (PLTR) PALANTIR JAN 15 27 $100 (100 SHS),Margin,0,,USD,52.37,-3,0,1.95,0.4,,15708.65,4/29/2026
4/28/2026,IRA-ROTH $321K,233267024,YOU BOUGHT OPENING TRANSACTION CALL (VRT) VERTIV HOLDINGS CO JAN 21 28 $230 (100 SHS) (Margin), -VRT280121C230,CALL (VRT) VERTIV HOLDINGS CO JAN 21 28 $230 (100 SHS),Margin,0,,USD,134,1,0,0.65,0.02,,-13400.67,4/29/2026
4/28/2026,IRA-Roll $462K,119072621,YOU SOLD CLOSING TRANSACTION CALL (NET) CLOUDFLARE INC CL A JAN 15 27 $135 (100 SHS) (Margin), -NET270115C135,CALL (NET) CLOUDFLARE INC CL A JAN 15 27 $135 (100 SHS),Margin,0,,USD,93.55,-1,0,0.65,0.22,,9354.13,4/29/2026
4/28/2026,IRA-Roll $462K,119072621,YOU SOLD CLOSING TRANSACTION CALL (NET) CLOUDFLARE INC CL A JAN 15 27 $135 (100 SHS) (Margin), -NET270115C135,CALL (NET) CLOUDFLARE INC CL A JAN 15 27 $135 (100 SHS),Margin,0,,USD,93.9,-1,0,0.65,0.22,,9389.13,4/29/2026
4/28/2026,IRA-ROTH $321K,233267024,YOU BOUGHT OPENING TRANSACTION CALL (LRCX) LAM RESEARCH CORP JAN 21 28 $200 (100 SHS) (Margin), -LRCX280121C200,CALL (LRCX) LAM RESEARCH CORP JAN 21 28 $200 (100 SHS),Margin,0,,USD,100.05,1,0,0.65,0.02,,-10005.67,4/29/2026
4/28/2026,IRA-Roll $462K,119072621,YOU SOLD CLOSING TRANSACTION CALL (NET) CLOUDFLARE INC CL A JAN 15 27 $135 (100 SHS) (Margin), -NET270115C135,CALL (NET) CLOUDFLARE INC CL A JAN 15 27 $135 (100 SHS),Margin,0,,USD,95.82,-1,0,0.65,0.22,,9581.13,4/29/2026
4/28/2026,IRA-Roll $462K,119072621,YOU SOLD CLOSING TRANSACTION CALL (FSLY) FASTLY INC CL A JAN 15 27 $15 (100 SHS) (Margin), -FSLY270115C15,CALL (FSLY) FASTLY INC CL A JAN 15 27 $15 (100 SHS),Margin,0,,USD,13.17,-2,0,1.3,0.11,,2632.59,4/29/2026
4/28/2026,IRA-ROTH $321K,233267024,YOU BOUGHT OPENING TRANSACTION CALL (AMD) ADVANCED MICRO JAN 21 28 $290 (100 SHS) (Margin), -AMD280121C290,CALL (AMD) ADVANCED MICRO JAN 21 28 $290 (100 SHS),Margin,0,,USD,117.4,1,0,0.65,0.02,,-11740.67,4/29/2026
4/28/2026,IRA-Roll $462K,119072621,YOU SOLD CLOSING TRANSACTION CALL (FSLY) FASTLY INC CL A JAN 15 27 $15 (100 SHS) (Margin), -FSLY270115C15,CALL (FSLY) FASTLY INC CL A JAN 15 27 $15 (100 SHS),Margin,0,,USD,13.7,-2,0,1.3,0.11,,2738.59,4/29/2026
4/28/2026,IRA-Roll $462K,119072621,YOU SOLD CLOSING TRANSACTION CALL (TSM) TAIWAN SEMICONDUCTOR JAN 15 27 $220 (100 SHS) (Margin), -TSM270115C220,CALL (TSM) TAIWAN SEMICONDUCTOR JAN 15 27 $220 (100 SHS),Margin,0,,USD,181.4,-2,0,1.3,0.8,,36277.9,4/29/2026
4/28/2026,DI Ind. $83.5K,X69705290,YOU BOUGHT VANECK ETF TRUST SEMICONDUCTR ETF (SMH) (Cash),SMH,VANECK ETF TRUST SEMICONDUCTR ETF,Cash,0,,USD,487.95,5,0,,,,-2439.75,4/29/2026
4/28/2026,IRA-Roll $462K,119072621,YOU SOLD CLOSING TRANSACTION CALL (TSLA) TESLA INC COM JAN 15 27 $240 (100 SHS) (Margin), -TSLA270115C240,CALL (TSLA) TESLA INC COM JAN 15 27 $240 (100 SHS),Margin,0,,USD,156.57,-1,0,0.65,0.35,,15656,4/29/2026
4/28/2026,DI Ind. $83.5K,X69705290,YOU BOUGHT OPENING TRANSACTION CALL (RDDT) REDDIT INC CL A JAN 21 28 $115 (100 SHS) (Margin), -RDDT280121C115,CALL (RDDT) REDDIT INC CL A JAN 21 28 $115 (100 SHS),Margin,0,,USD,69.87,1,0,0.65,0.02,,-6987.67,4/29/2026
4/28/2026,IRA-ROTH $321K,233267024,YOU BOUGHT OPENING TRANSACTION CALL (DELL) DELL TECHNOLOGIES JAN 21 28 $155 (100 SHS) (Margin), -DELL280121C155,CALL (DELL) DELL TECHNOLOGIES JAN 21 28 $155 (100 SHS),Margin,0,,USD,85.45,1,0,0.65,0.02,,-8545.67,4/29/2026
4/28/2026,IRA-Roll $462K,119072621,YOU SOLD CLOSING TRANSACTION CALL (TSLA) TESLA INC COM JAN 15 27 $240 (100 SHS) (Margin), -TSLA270115C240,CALL (TSLA) TESLA INC COM JAN 15 27 $240 (100 SHS),Margin,0,,USD,156.65,-1,0,0.65,0.35,,15664,4/29/2026
4/28/2026,DI Ind. $83.5K,X69705290,YOU BOUGHT OPENING TRANSACTION CALL (VRT) VERTIV HOLDINGS CO JAN 21 28 $230 (100 SHS) (Margin), -VRT280121C230,CALL (VRT) VERTIV HOLDINGS CO JAN 21 28 $230 (100 SHS),Margin,0,,USD,131.75,1,0,0.65,0.02,,-13175.67,4/29/2026
4/28/2026,IRA-ROTH $321K,233267024,YOU BOUGHT OPENING TRANSACTION CALL (ARM) ARM HOLDINGS PLC JAN 21 28 $170 (100 SHS) (Margin), -ARM280121C170,CALL (ARM) ARM HOLDINGS PLC JAN 21 28 $170 (100 SHS),Margin,0,,USD,83.6,1,0,0.65,0.02,,-8360.67,4/29/2026
4/28/2026,IRA-Roll $462K,119072621,YOU SOLD CLOSING TRANSACTION CALL (TSLA) TESLA INC COM JAN 15 27 $240 (100 SHS) (Margin), -TSLA270115C240,CALL (TSLA) TESLA INC COM JAN 15 27 $240 (100 SHS),Margin,0,,USD,156.74,-1,0,0.65,0.35,,15673,4/29/2026
4/28/2026,DI Ind. $83.5K,X69705290,YOU BOUGHT OPENING TRANSACTION CALL (VRT) VERTIV HOLDINGS CO JAN 21 28 $230 (100 SHS) (Margin), -VRT280121C230,CALL (VRT) VERTIV HOLDINGS CO JAN 21 28 $230 (100 SHS),Margin,0,,USD,133,1,0,0.65,0.02,,-13300.67,4/29/2026
4/28/2026,DI Ind. $83.5K,X69705290,YOU BOUGHT OPENING TRANSACTION CALL (MRVL) MARVELL TECHNOLOGY JAN 21 28 $120 (100 SHS) (Margin), -MRVL280121C120,CALL (MRVL) MARVELL TECHNOLOGY JAN 21 28 $120 (100 SHS),Margin,0,,USD,68.03,1,0,0.65,0.02,,-6803.67,4/29/2026
4/28/2026,IRA-ROTH $321K,233267024,YOU BOUGHT OPENING TRANSACTION CALL (ARM) ARM HOLDINGS PLC JAN 21 28 $150 (100 SHS) (Margin), -ARM280121C150,CALL (ARM) ARM HOLDINGS PLC JAN 21 28 $150 (100 SHS),Margin,0,,USD,95.85,1,0,0.65,0.02,,-9585.67,4/29/2026
4/28/2026,DI Ind. $83.5K,X69705290,YOU BOUGHT OPENING TRANSACTION CALL (AMAT) APPLIED MATERIALS JAN 21 28 $300 (100 SHS) (Margin), -AMAT280121C300,CALL (AMAT) APPLIED MATERIALS JAN 21 28 $300 (100 SHS),Margin,0,,USD,154,1,0,0.65,0.02,,-15400.67,4/29/2026
4/28/2026,IRA-ROTH $321K,233267024,YOU SOLD CLOSING TRANSACTION CALL (NET) CLOUDFLARE INC CL A JAN 15 27 $135 (100 SHS) (Margin), -NET270115C135,CALL (NET) CLOUDFLARE INC CL A JAN 15 27 $135 (100 SHS),Margin,0,,USD,93.57,-1,0,0.65,0.22,,9356.13,4/29/2026
4/28/2026,IRA-ROTH $321K,233267024,YOU SOLD CLOSING TRANSACTION CALL (FSLY) FASTLY INC CL A JAN 15 27 $15 (100 SHS) (Margin), -FSLY270115C15,CALL (FSLY) FASTLY INC CL A JAN 15 27 $15 (100 SHS),Margin,0,,USD,14.5,-2,0,1.3,0.11,,2898.59,4/29/2026
4/28/2026,IRA-Roll $462K,119072621,YOU SOLD CLOSING TRANSACTION CALL (NVDA) NVIDIA CORPORATION JAN 15 27 $150 (100 SHS) (Margin), -NVDA270115C150,CALL (NVDA) NVIDIA CORPORATION JAN 15 27 $150 (100 SHS),Margin,0,,USD,71.45,-7,0,4.55,1.2,,50009.25,4/29/2026
4/28/2026,DI Ind. $83.5K,X69705290,YOU BOUGHT OPENING TRANSACTION CALL (ARM) ARM HOLDINGS PLC JAN 21 28 $160 (100 SHS) (Margin), -ARM280121C160,CALL (ARM) ARM HOLDINGS PLC JAN 21 28 $160 (100 SHS),Margin,0,,USD,87.25,1,0,0.65,0.02,,-8725.67,4/29/2026
4/28/2026,IRA-ROTH $321K,233267024,YOU SOLD CLOSING TRANSACTION CALL (FSLY) FASTLY INC CL A JAN 15 27 $15 (100 SHS) (Margin), -FSLY270115C15,CALL (FSLY) FASTLY INC CL A JAN 15 27 $15 (100 SHS),Margin,0,,USD,14.5,-8,0,5.2,0.42,,11594.38,4/29/2026
4/28/2026,IRA-Roll $462K,119072621,YOU SOLD CLOSING TRANSACTION CALL (MRVL) MARVELL TECHNOLOGY JAN 15 27 $100 (100 SHS) (Margin), -MRVL270115C100,CALL (MRVL) MARVELL TECHNOLOGY JAN 15 27 $100 (100 SHS),Margin,0,,USD,65.4,-1,0,0.65,0.16,,6539.19,4/29/2026
4/28/2026,Trust PHT $988K,Z40402241,YOU SOLD CLOSING TRANSACTION CALL (PLTR) PALANTIR JAN 15 27 $100 (100 SHS) (Margin), -PLTR270115C100,CALL (PLTR) PALANTIR JAN 15 27 $100 (100 SHS),Margin,0,,USD,51.8,-1,0,0.65,0.13,,5179.22,4/29/2026
4/28/2026,IRA-ETF $203K,238174669,YOU BOUGHT VANECK ETF TRUST SEMICONDUCTR ETF (SMH) (Cash),SMH,VANECK ETF TRUST SEMICONDUCTR ETF,Cash,0,,USD,483.86,10,0,,,,-4838.6,4/29/2026
4/28/2026,IRA-ROTH $321K,233267024,YOU SOLD CLOSING TRANSACTION CALL (TSM) TAIWAN SEMICONDUCTOR JAN 15 27 $220 (100 SHS) (Margin), -TSM270115C220,CALL (TSM) TAIWAN SEMICONDUCTOR JAN 15 27 $220 (100 SHS),Margin,0,,USD,182.1,-2,0,1.3,0.81,,36417.89,4/29/2026
4/28/2026,Trust PHT $988K,Z40402241,YOU SOLD CLOSING TRANSACTION CALL (PLTR) PALANTIR JAN 15 27 $100 (100 SHS) (Margin), -PLTR270115C100,CALL (PLTR) PALANTIR JAN 15 27 $100 (100 SHS),Margin,0,,USD,51.83,-2,0,1.3,0.27,,10364.43,4/29/2026
4/28/2026,IRA-ETF $203K,238174669,YOU BOUGHT SPDR SERIES TRUST STATE STREET S&P S... (XSD) (Cash),XSD,SPDR SERIES TRUST STATE STREET S&P SEMI,Cash,0,,USD,437.55,10,0,,,,-4375.5,4/29/2026
4/28/2026,IRA-ROTH $321K,233267024,YOU SOLD CLOSING TRANSACTION CALL (CEG) CONSTELLATION ENERGY JAN 15 27 $230 (100 SHS) (Margin), -CEG270115C230,CALL (CEG) CONSTELLATION ENERGY JAN 15 27 $230 (100 SHS),Margin,0,,USD,99.75,-1,0,0.65,0.23,,9974.12,4/29/2026
4/28/2026,IRA-Roll $462K,119072621,YOU SOLD CLOSING TRANSACTION CALL (CEG) CONSTELLATION ENERGY JAN 15 27 $230 (100 SHS) (Margin), -CEG270115C230,CALL (CEG) CONSTELLATION ENERGY JAN 15 27 $230 (100 SHS),Margin,0,,USD,104.02,-2,0,1.3,0.48,,20802.22,4/29/2026
4/28/2026,Trust PHT $988K,Z40402241,YOU SOLD CLOSING TRANSACTION CALL (NVDA) NVIDIA CORPORATION JAN 15 27 $150 (100 SHS) (Margin), -NVDA270115C150,CALL (NVDA) NVIDIA CORPORATION JAN 15 27 $150 (100 SHS),Margin,0,,USD,71.03,-1,0,0.65,0.17,,7102.18,4/29/2026
4/28/2026,IRA-ROTH $321K,233267024,YOU SOLD CLOSING TRANSACTION CALL (CEG) CONSTELLATION ENERGY JAN 15 27 $230 (100 SHS) (Margin), -CEG270115C230,CALL (CEG) CONSTELLATION ENERGY JAN 15 27 $230 (100 SHS),Margin,0,,USD,100.05,-1,0,0.65,0.23,,10004.12,4/29/2026
4/28/2026,IRA-Roll $462K,119072621,YOU BOUGHT IMPINJ INC COM (PI) (Margin),PI,IMPINJ INC COM,Margin,0,,USD,115.44,100,0,,,,-11544,4/29/2026
4/28/2026,IRA-ROTH $321K,233267024,YOU SOLD CLOSING TRANSACTION CALL (CEG) CONSTELLATION ENERGY JAN 15 27 $230 (100 SHS) (Margin), -CEG270115C230,CALL (CEG) CONSTELLATION ENERGY JAN 15 27 $230 (100 SHS),Margin,0,,USD,101.8,-1,0,0.65,0.23,,10179.12,4/29/2026
4/28/2026,IRA-Roll $462K,119072621,YOU BOUGHT GE VERNOVA INC COM (GEV) (Margin),GEV,GE VERNOVA INC COM,Margin,0,,USD,1071.31,10,0,,,,-10713.1,4/29/2026
4/28/2026,IRA-ETF $203K,238174669,YOU BOUGHT ISHARES TR ISHARES SEMICDTR (SOXX) (Cash),SOXX,ISHARES TR ISHARES SEMICDTR,Cash,0,,USD,432.2,10,0,,,,-4322,4/29/2026
4/28/2026,DI Ind. $83.5K,X69705290,YOU BOUGHT INVESCO EXCHANGE TRADED FD TR SEMICO... (PSI) (Cash),PSI,INVESCO EXCHANGE TRADED FD TR SEMICONDU,Cash,0,,USD,124.72,50,0,,,,-6236,4/29/2026
4/28/2026,IRA-ROTH $321K,233267024,YOU SOLD CLOSING TRANSACTION CALL (CEG) CONSTELLATION ENERGY JAN 15 27 $230 (100 SHS) (Margin), -CEG270115C230,CALL (CEG) CONSTELLATION ENERGY JAN 15 27 $230 (100 SHS),Margin,0,,USD,104.45,-1,0,0.65,0.24,,10444.11,4/29/2026
4/28/2026,IRA-ETF $203K,238174669,YOU BOUGHT INVESCO EXCHANGE TRADED FD TR SEMICO... (PSI) (Cash),PSI,INVESCO EXCHANGE TRADED FD TR SEMICONDU,Cash,0,,USD,124.78,50,0,,,,-6239,4/29/2026
4/29/2026,IRA-Roll $462K,119072621,YOU BOUGHT OPENING TRANSACTION CALL (CVS) CVS HEALTH JAN 21 28 $62.5 (100 SHS) (Margin), -CVS280121C62.5,CALL (CVS) CVS HEALTH JAN 21 28 $62.5 (100 SHS),Margin,0,,USD,24.91,5,0,3.25,0.11,,-12458.36,4/30/2026
4/29/2026,IRA-Roll $462K,119072621,YOU BOUGHT OPENING TRANSACTION CALL (PWR) QUANTA SERVICES COM MAR 19 27 $500 (100 SHS) (Margin), -PWR270319C500,CALL (PWR) QUANTA SERVICES COM MAR 19 27 $500 (100 SHS),Margin,0,,USD,185,1,0,0.65,0.02,,-18500.67,4/30/2026
4/29/2026,IRA-Roll $462K,119072621,YOU BOUGHT OPENING TRANSACTION CALL (STX) SEAGATE TECHNOLOGY JAN 21 28 $500 (100 SHS) (Margin), -STX280121C500,CALL (STX) SEAGATE TECHNOLOGY JAN 21 28 $500 (100 SHS),Margin,0,,USD,302,1,0,0.65,0.02,,-30200.67,4/30/2026
4/29/2026,IRA-Roll $462K,119072621,YOU BOUGHT OPENING TRANSACTION CALL (NOW) SERVICENOW INC COM JAN 21 28 $65 (100 SHS) (Margin), -NOW280121C65,CALL (NOW) SERVICENOW INC COM JAN 21 28 $65 (100 SHS),Margin,0,,USD,38.6,1,0,0.65,0.02,,-3860.67,4/30/2026
4/29/2026,IRA-Roll $462K,119072621,YOU BOUGHT OPENING TRANSACTION CALL (WDC) WESTERN DIGITAL JAN 21 28 $330 (100 SHS) (Margin), -WDC280121C330,CALL (WDC) WESTERN DIGITAL JAN 21 28 $330 (100 SHS),Margin,0,,USD,206.4,1,0,0.65,0.02,,-20640.67,4/30/2026
4/29/2026,IRA-Roll $462K,119072621,YOU SOLD CLOSING TRANSACTION CALL (WDC) WESTERN DIGITAL JAN 15 27 $270 (100 SHS) (Margin), -WDC270115C270,CALL (WDC) WESTERN DIGITAL JAN 15 27 $270 (100 SHS),Margin,0,,USD,195.37,-1,0,0.65,0.43,,19535.92,4/30/2026
4/29/2026,IRA-Roll $462K,119072621,YOU SOLD CLOSING TRANSACTION CALL (STX) SEAGATE TECHNOLOGY JAN 15 27 $380 (100 SHS) (Margin), -STX270115C380,CALL (STX) SEAGATE TECHNOLOGY JAN 15 27 $380 (100 SHS),Margin,0,,USD,347.8,-1,0,0.65,0.74,,34778.61,4/30/2026
4/29/2026,IRA-Roll $462K,119072621,YOU SOLD CLOSING TRANSACTION CALL (BE) BLOOM ENERGY CORP JAN 15 27 $150 (100 SHS) (Margin), -BE270115C150,CALL (BE) BLOOM ENERGY CORP JAN 15 27 $150 (100 SHS),Margin,0,,USD,153.11,-1,0,0.65,0.34,,15310.01,4/30/2026
4/29/2026,IRA-Roll $462K,119072621,YOU BOUGHT OPENING TRANSACTION CALL (RDDT) REDDIT INC CL A JAN 21 28 $115 (100 SHS) (Margin), -RDDT280121C115,CALL (RDDT) REDDIT INC CL A JAN 21 28 $115 (100 SHS),Margin,0,,USD,68.02,1,0,0.65,0.02,,-6802.67,4/30/2026
4/29/2026,IRA-Roll $462K,119072621,YOU BOUGHT OPENING TRANSACTION CALL (PLTR) PALANTIR JAN 21 28 $100 (100 SHS) (Margin), -PLTR280121C100,CALL (PLTR) PALANTIR JAN 21 28 $100 (100 SHS),Margin,0,,USD,60.25,1,0,0.65,0.02,,-6025.67,4/30/2026
4/29/2026,IRA-Roll $462K,119072621,YOU BOUGHT OPENING TRANSACTION CALL (LULU) LULULEMON ATHLETICA JAN 21 28 $110 (100 SHS) (Margin), -LULU280121C110,CALL (LULU) LULULEMON ATHLETICA JAN 21 28 $110 (100 SHS),Margin,0,,USD,52,1,0,0.65,0.02,,-5200.67,4/30/2026
4/29/2026,IRA-Roll $462K,119072621,YOU BOUGHT OPENING TRANSACTION CALL (LULU) LULULEMON ATHLETICA JAN 21 28 $110 (100 SHS) (Margin), -LULU280121C110,CALL (LULU) LULULEMON ATHLETICA JAN 21 28 $110 (100 SHS),Margin,0,,USD,52.19,1,0,0.65,0.02,,-5219.67,4/30/2026
4/29/2026,IRA-Roll $462K,119072621,YOU BOUGHT OPENING TRANSACTION CALL (PWR) QUANTA SERVICES COM JAN 21 28 $500 (100 SHS) (Margin), -PWR280121C500,CALL (PWR) QUANTA SERVICES COM JAN 21 28 $500 (100 SHS),Margin,0,,USD,224.7,1,0,0.65,0.02,,-22470.67,4/30/2026
4/29/2026,IRA-Roll $462K,119072621,YOU BOUGHT OPENING TRANSACTION CALL (CVE) CENOVUS ENERGY INC JAN 21 28 $22 (100 SHS) (Margin), -CVE280121C22,CALL (CVE) CENOVUS ENERGY INC JAN 21 28 $22 (100 SHS),Margin,0,,USD,9.7,10,0,6.5,0.23,,-9706.73,4/30/2026
4/29/2026,IRA-Roll $462K,119072621,YOU BOUGHT OPENING TRANSACTION CALL (CVE) CENOVUS ENERGY INC JAN 21 28 $22 (100 SHS) (Margin), -CVE280121C22,CALL (CVE) CENOVUS ENERGY INC JAN 21 28 $22 (100 SHS),Margin,0,,USD,9.75,5,0,3.25,0.11,,-4878.36,4/30/2026
4/29/2026,IRA-Roll $462K,119072621,YOU BOUGHT OPENING TRANSACTION CALL (CEG) CONSTELLATION ENERGY JAN 21 28 $230 (100 SHS) (Margin), -CEG280121C230,CALL (CEG) CONSTELLATION ENERGY JAN 21 28 $230 (100 SHS),Margin,0,,USD,115,1,0,0.65,0.02,,-11500.67,4/30/2026
4/29/2026,IRA-Roll $462K,119072621,YOU BOUGHT OPENING TRANSACTION CALL (OKTA) OKTA INC CL A JAN 21 28 $60 (100 SHS) (Margin), -OKTA280121C60,CALL (OKTA) OKTA INC CL A JAN 21 28 $60 (100 SHS),Margin,0,,USD,30.64,2,0,1.3,0.05,,-6129.35,4/30/2026
4/29/2026,IRA-Roll $462K,119072621,YOU BOUGHT OPENING TRANSACTION CALL (LMND) LEMONADE INC COM JAN 21 28 $45 (100 SHS) (Margin), -LMND280121C45,CALL (LMND) LEMONADE INC COM JAN 21 28 $45 (100 SHS),Margin,0,,USD,27.63,2,0,1.3,0.05,,-5527.35,4/30/2026
4/29/2026,IRA-ROTH $321K,233267024,YOU BOUGHT OPENING TRANSACTION CALL (NOW) SERVICENOW INC COM JAN 21 28 $70 (100 SHS) (Margin), -NOW280121C70,CALL (NOW) SERVICENOW INC COM JAN 21 28 $70 (100 SHS),Margin,0,,USD,36.51,1,0,0.65,0.02,,-3651.67,4/30/2026
4/29/2026,IRA-Roll $462K,119072621,YOU BOUGHT OPENING TRANSACTION CALL (LMND) LEMONADE INC COM JAN 21 28 $45 (100 SHS) (Margin), -LMND280121C45,CALL (LMND) LEMONADE INC COM JAN 21 28 $45 (100 SHS),Margin,0,,USD,28.33,2,0,1.3,0.05,,-5667.35,4/30/2026
4/29/2026,IRA-ROTH $321K,233267024,YOU SOLD CLOSING TRANSACTION CALL (STX) SEAGATE TECHNOLOGY JAN 15 27 $380 (100 SHS) (Margin), -STX270115C380,CALL (STX) SEAGATE TECHNOLOGY JAN 15 27 $380 (100 SHS),Margin,0,,USD,356.88,-1,0,0.65,0.76,,35686.59,4/30/2026
4/29/2026,IRA-Roll $462K,119072621,YOU BOUGHT OPENING TRANSACTION CALL (LMND) LEMONADE INC COM JAN 21 28 $45 (100 SHS) (Margin), -LMND280121C45,CALL (LMND) LEMONADE INC COM JAN 21 28 $45 (100 SHS),Margin,0,,USD,27.79,1,0,0.65,0.02,,-2779.67,4/30/2026
4/29/2026,IRA-ROTH $321K,233267024,YOU BOUGHT OPENING TRANSACTION CALL (SNOW) SNOWFLAKE INC. JAN 21 28 $115 (100 SHS) (Margin), -SNOW280121C115,CALL (SNOW) SNOWFLAKE INC. JAN 21 28 $115 (100 SHS),Margin,0,,USD,60.06,1,0,0.65,0.02,,-6006.67,4/30/2026
4/29/2026,IRA-ROTH $321K,233267024,YOU BOUGHT OPENING TRANSACTION CALL (PLTR) PALANTIR JAN 21 28 $110 (100 SHS) (Margin), -PLTR280121C110,CALL (PLTR) PALANTIR JAN 21 28 $110 (100 SHS),Margin,0,,USD,54.95,1,0,0.65,0.02,,-5495.67,4/30/2026
4/29/2026,IRA-ROTH $321K,233267024,YOU BOUGHT OPENING TRANSACTION CALL (SHOP) SHOPIFY INC COM NPV JAN 21 28 $100 (100 SHS) (Margin), -SHOP280121C100,CALL (SHOP) SHOPIFY INC COM NPV JAN 21 28 $100 (100 SHS),Margin,0,,USD,49.36,1,0,0.65,0.02,,-4936.67,4/30/2026
4/29/2026,IRA-ROTH $321K,233267024,YOU BOUGHT OPENING TRANSACTION CALL (HIMS) HIMS &HERS HEALTH JAN 21 28 $25 (100 SHS) (Margin), -HIMS280121C25,CALL (HIMS) HIMS &HERS HEALTH JAN 21 28 $25 (100 SHS),Margin,0,,USD,12.94,5,0,3.25,0.11,,-6473.36,4/30/2026
4/29/2026,IRA-ROTH $321K,233267024,YOU BOUGHT OPENING TRANSACTION CALL (HIMS) HIMS &HERS HEALTH JAN 21 28 $25 (100 SHS) (Margin), -HIMS280121C25,CALL (HIMS) HIMS &HERS HEALTH JAN 21 28 $25 (100 SHS),Margin,0,,USD,13.04,5,0,3.25,0.11,,-6523.36,4/30/2026
4/29/2026,IRA-ROTH $321K,233267024,YOU BOUGHT OPENING TRANSACTION CALL (DELL) DELL TECHNOLOGIES JAN 21 28 $155 (100 SHS) (Margin), -DELL280121C155,CALL (DELL) DELL TECHNOLOGIES JAN 21 28 $155 (100 SHS),Margin,0,,USD,84.25,1,0,0.65,0.02,,-8425.67,4/30/2026
4/29/2026,IRA-Roll $462K,119072621,YOU SOLD CLOSING TRANSACTION CALL (FSLY) FASTLY INC CL A JAN 15 27 $15 (100 SHS) (Margin), -FSLY270115C15,CALL (FSLY) FASTLY INC CL A JAN 15 27 $15 (100 SHS),Margin,0,,USD,14,-11,0,7.15,0.57,,15392.28,4/30/2026
4/29/2026,IRA-Roll $462K,119072621,YOU SOLD CLOSING TRANSACTION CALL (OKTA) OKTA INC CL A JAN 15 27 $55 (100 SHS) (Margin), -OKTA270115C55,CALL (OKTA) OKTA INC CL A JAN 15 27 $55 (100 SHS),Margin,0,,USD,26.45,-2,0,1.3,0.16,,5288.54,4/30/2026
4/29/2026,IRA-ETF $203K,238174669,YOU BOUGHT OPENING TRANSACTION CALL (CRM) SALESFORCE INC COM JAN 21 28 $140 (100 SHS) (Cash), -CRM280121C140,CALL (CRM) SALESFORCE INC COM JAN 21 28 $140 (100 SHS),Cash,0,,USD,67.35,1,0,0.65,0.02,,-6735.67,4/30/2026
4/30/2026,IRA-Roll $462K,119072621,REINVESTMENT FIDELITY GOVERNMENT MONEY MARKET (SPAXX) (Cash),SPAXX,FIDELITY GOVERNMENT MONEY MARKET,Cash,0,,USD,1,821.27,0,,,,-821.27,
4/30/2026,IRA-Roll $462K,119072621,DIVIDEND RECEIVED FIDELITY GOVERNMENT MONEY MARKET (SPAXX) (Cash),SPAXX,FIDELITY GOVERNMENT MONEY MARKET,Cash,0,,USD,,0,0,,,,821.27,
4/30/2026,IRA-Roll $462K,119072621,YOU BOUGHT OPENING TRANSACTION CALL (BE) BLOOM ENERGY CORP JAN 21 28 $190 (100 SHS) (Margin), -BE280121C190,CALL (BE) BLOOM ENERGY CORP JAN 21 28 $190 (100 SHS),Margin,0,,USD,157,1,0,,0.02,,-15700.02,5/1/2026
4/30/2026,IRA-Roll $462K,119072621,YOU BOUGHT OPENING TRANSACTION CALL (MSFT) MICROSOFT CORP JAN 21 28 $370 (100 SHS) (Margin), -MSFT280121C370,CALL (MSFT) MICROSOFT CORP JAN 21 28 $370 (100 SHS),Margin,0,,USD,97.5,1,0,,0.02,,-9750.02,5/1/2026
4/30/2026,IRA-Roll $462K,119072621,YOU BOUGHT OPENING TRANSACTION CALL (META) META PLATFORMS INC JAN 21 28 $480 (100 SHS) (Margin), -META280121C480,CALL (META) META PLATFORMS INC JAN 21 28 $480 (100 SHS),Margin,0,,USD,200.34,1,0,,0.02,,-20034.02,5/1/2026
4/30/2026,IRA-Roll $462K,119072621,YOU BOUGHT OPENING TRANSACTION CALL (CRM) SALESFORCE INC COM JAN 21 28 $140 (100 SHS) (Margin), -CRM280121C140,CALL (CRM) SALESFORCE INC COM JAN 21 28 $140 (100 SHS),Margin,0,,USD,62,1,0,,0.02,,-6200.02,5/1/2026
4/30/2026,IRA-ROTH $321K,233267024,REINVESTMENT FIDELITY GOVERNMENT MONEY MARKET (SPAXX) (Cash),SPAXX,FIDELITY GOVERNMENT MONEY MARKET,Cash,0,,USD,1,1002.73,0,,,,-1002.73,
4/30/2026,IRA-ROTH $321K,233267024,DIVIDEND RECEIVED FIDELITY GOVERNMENT MONEY MARKET (SPAXX) (Cash),SPAXX,FIDELITY GOVERNMENT MONEY MARKET,Cash,0,,USD,,0,0,,,,1002.73,
4/30/2026,IRA-ROTH $321K,233267024,YOU SOLD CLOSING TRANSACTION CALL (NFLX) NETFLIX INC JAN 15 27 $80 (100 SHS) (Margin), -NFLX270115C80,CALL (NFLX) NETFLIX INC JAN 15 27 $80 (100 SHS),Margin,0,,USD,20.55,-1,0,,0.07,,2054.93,5/1/2026
4/30/2026,IRA-ROTH $321K,233267024,YOU SOLD CLOSING TRANSACTION CALL (NFLX) NETFLIX INC JAN 15 27 $75 (100 SHS) (Margin), -NFLX270115C75,CALL (NFLX) NETFLIX INC JAN 15 27 $75 (100 SHS),Margin,0,,USD,24.3,-1,0,,0.08,,2429.92,5/1/2026
4/30/2026,IRA-Roll $462K,119072621,YOU BOUGHT OPENING TRANSACTION CALL (TSM) TAIWAN SEMICONDUCTOR JAN 21 28 $300 (100 SHS) (Margin), -TSM280121C300,CALL (TSM) TAIWAN SEMICONDUCTOR JAN 21 28 $300 (100 SHS),Margin,0,,USD,145.75,1,0,,0.02,,-14575.02,5/1/2026
4/30/2026,IRA-ROTH $321K,233267024,YOU SOLD CLOSING TRANSACTION CALL (NFLX) NETFLIX INC JAN 15 27 $75 (100 SHS) (Margin), -NFLX270115C75,CALL (NFLX) NETFLIX INC JAN 15 27 $75 (100 SHS),Margin,0,,USD,24.6,-1,0,,0.08,,2459.92,5/1/2026
4/30/2026,IRA-Roll $462K,119072621,YOU BOUGHT OPENING TRANSACTION CALL (NVDA) NVIDIA CORPORATION JAN 21 28 $160 (100 SHS) (Margin), -NVDA280121C160,CALL (NVDA) NVIDIA CORPORATION JAN 21 28 $160 (100 SHS),Margin,0,,USD,72.35,1,0,,0.02,,-7235.02,5/1/2026
4/30/2026,IRA-Roll $462K,119072621,YOU BOUGHT OPENING TRANSACTION CALL (NVDA) NVIDIA CORPORATION JAN 21 28 $160 (100 SHS) (Margin), -NVDA280121C160,CALL (NVDA) NVIDIA CORPORATION JAN 21 28 $160 (100 SHS),Margin,0,,USD,73,1,0,,0.02,,-7300.02,5/1/2026
4/30/2026,IRA-Roll $462K,119072621,YOU BOUGHT OPENING TRANSACTION CALL (CAH) CARDINAL HEALTH INC JAN 21 28 $160 (100 SHS) (Margin), -CAH280121C160,CALL (CAH) CARDINAL HEALTH INC JAN 21 28 $160 (100 SHS),Margin,0,,USD,51.7,1,0,,0.02,,-5170.02,5/1/2026
4/30/2026,IRA-ETF $203K,238174669,REINVESTMENT FIDELITY GOVERNMENT MONEY MARKET (SPAXX) (Cash),SPAXX,FIDELITY GOVERNMENT MONEY MARKET,Cash,0,,USD,1,382.79,0,,,,-382.79,
4/30/2026,IRA-ROTH $321K,233267024,YOU SOLD CLOSING TRANSACTION CALL (VRT) VERTIV HOLDINGS CO JAN 15 27 $230 (100 SHS) (Margin), -VRT270115C230,CALL (VRT) VERTIV HOLDINGS CO JAN 15 27 $230 (100 SHS),Margin,0,,USD,117,-1,0,,0.27,,11699.73,5/1/2026
4/30/2026,IRA-ETF $203K,238174669,DIVIDEND RECEIVED FIDELITY GOVERNMENT MONEY MARKET (SPAXX) (Cash),SPAXX,FIDELITY GOVERNMENT MONEY MARKET,Cash,0,,USD,,0,0,,,,382.79,
4/30/2026,Phil and Di,X65959334,INTEREST EARNED FDIC INSURED DEPOSIT AT BNY MELLON N... (QBNYQ) (Cash),QBNYQ,FDIC INSURED DEPOSIT AT BNY MELLON NOT ,Cash,0,,USD,,0,0,,,,0.06,
4/30/2026,Trust ETF $717K,Z40402245,DIVIDEND RECEIVED STATE STREET SPDR S&P 500 ETF UNITS (SPY) (Cash),SPY,STATE STREET SPDR S&P 500 ETF UNITS,Cash,0,,USD,,0,0,,,,36.08,
4/30/2026,IRA-ROTH $321K,233267024,YOU SOLD CLOSING TRANSACTION CALL (VRT) VERTIV HOLDINGS CO JAN 15 27 $230 (100 SHS) (Margin), -VRT270115C230,CALL (VRT) VERTIV HOLDINGS CO JAN 15 27 $230 (100 SHS),Margin,0,,USD,123.68,-1,0,,0.28,,12367.72,5/1/2026
4/30/2026,Trust PHT $988K,Z40402241,REINVESTMENT FIDELITY GOVERNMENT MONEY MARKET (SPAXX) (Cash),SPAXX,FIDELITY GOVERNMENT MONEY MARKET,Cash,0,,USD,1,166.61,0,,,,-166.61,
4/30/2026,DI IRA $40.6K,209435910,REINVESTMENT FIDELITY GOVERNMENT CASH RESERVES (FDRXX) (Cash),FDRXX,FIDELITY GOVERNMENT CASH RESERVES,Cash,0,,USD,1,0.09,0,,,,-0.09,
4/30/2026,Joint Account Steph,Z35441984,REINVESTMENT FIDELITY GOVERNMENT MONEY MARKET (SPAXX) (Cash),SPAXX,FIDELITY GOVERNMENT MONEY MARKET,Cash,0,,USD,1,2.77,0,,,,-2.77,
4/30/2026,Phil and Di,X65959334,INTEREST EARNED FDIC INSURED DEPOSIT AT CITIBANK NOT... (QPCTQ) (Cash),QPCTQ,FDIC INSURED DEPOSIT AT CITIBANK NOT CO,Cash,0,,USD,,0,0,,,,3.63,
4/30/2026,DI Ind. $83.5K,X69705290,DIVIDEND RECEIVED FIDELITY GOVERNMENT MONEY MARKET (SPAXX) (Cash),SPAXX,FIDELITY GOVERNMENT MONEY MARKET,Cash,0,,USD,,0,0,,,,133.3,
4/30/2026,Trust ETF $717K,Z40402245,REINVESTMENT FIDELITY GOVERNMENT MONEY MARKET (SPAXX) (Cash),SPAXX,FIDELITY GOVERNMENT MONEY MARKET,Cash,0,,USD,1,2.78,0,,,,-2.78,
4/30/2026,Trust PHT $988K,Z40402241,DIVIDEND RECEIVED FIDELITY GOVERNMENT MONEY MARKET (SPAXX) (Cash),SPAXX,FIDELITY GOVERNMENT MONEY MARKET,Cash,0,,USD,,0,0,,,,166.61,
4/30/2026,IRA-ETF $203K,238174669,TRANSFERRED TO VS 119-072621-1 (Cash), ,No Description,Cash,0,,USD,,0,0,,,,-60000,
4/30/2026,DI IRA $40.6K,209435910,DIVIDEND RECEIVED FIDELITY GOVERNMENT CASH RESERVES (FDRXX) (Cash),FDRXX,FIDELITY GOVERNMENT CASH RESERVES,Cash,0,,USD,,0,0,,,,0.09,
4/30/2026,Jenn - $100K,Z20295116,DIVIDEND RECEIVED FIDELITY GOVERNMENT MONEY MARKET (SPAXX) (Cash),SPAXX,FIDELITY GOVERNMENT MONEY MARKET,Cash,0,,USD,,0,0,,,,9.98,
4/30/2026,Joint Account Steph,Z35441984,DIVIDEND RECEIVED FIDELITY GOVERNMENT MONEY MARKET (SPAXX) (Cash),SPAXX,FIDELITY GOVERNMENT MONEY MARKET,Cash,0,,USD,,0,0,,,,2.77,
4/30/2026,Phil and Di,X65959334,TRANSFERRED TO VS X82-843893-1 (Cash), ,No Description,Cash,0,,USD,,0,0,,,,-2000,
4/30/2026,Pyramid Poker,X84790673,INTEREST EARNED FDIC INSURED DEPOSIT AT WELLS FARGO ... (QPIQQ) (Cash),QPIQQ,FDIC INSURED DEPOSIT AT WELLS FARGO BK ,Cash,0,,USD,,0,0,,,,2.88,
4/30/2026,Trust ETF $717K,Z40402245,DIVIDEND RECEIVED FIDELITY GOVERNMENT MONEY MARKET (SPAXX) (Cash),SPAXX,FIDELITY GOVERNMENT MONEY MARKET,Cash,0,,USD,,0,0,,,,2.78,
4/30/2026,IRA-Roll $462K,119072621,TRANSFERRED FROM VS 238-174669-1 (Cash), ,No Description,Cash,0,,USD,,0,0,,,,60000,
4/30/2026,Phil and Lynn,X82843893,TRANSFERRED FROM VS X65-959334-1 (Cash), ,No Description,Cash,0,,USD,,0,0,,,,2000,
5/1/2026,IRA-Roll $462K,119072621,YOU SOLD CLOSING TRANSACTION CALL (PWR) QUANTA SERVICES COM MAR 19 27 $500 (100 SHS) (Margin), -PWR270319C500,CALL (PWR) QUANTA SERVICES COM MAR 19 27 $500 (100 SHS),Margin,0,,USD,269.5,-1,0,,0.58,,26949.42,5/4/2026
5/1/2026,IRA-Roll $462K,119072621,YOU BOUGHT OPENING TRANSACTION CALL (NOW) SERVICENOW INC COM JAN 21 28 $65 (100 SHS) (Margin), -NOW280121C65,CALL (NOW) SERVICENOW INC COM JAN 21 28 $65 (100 SHS),Margin,0,,USD,41.85,2,0,,0.05,,-8370.05,5/4/2026
5/1/2026,IRA-Roll $462K,119072621,YOU SOLD CLOSING TRANSACTION CALL (FIG) FIGMA INC CLASS A JAN 15 27 $15 (100 SHS) (Margin), -FIG270115C15,CALL (FIG) FIGMA INC CLASS A JAN 15 27 $15 (100 SHS),Margin,0,,USD,7.7,-5,0,,0.19,,3849.81,5/4/2026
5/1/2026,IRA-Roll $462K,119072621,YOU SOLD CLOSING TRANSACTION CALL (FIG) FIGMA INC CLASS A JAN 15 27 $15 (100 SHS) (Margin), -FIG270115C15,CALL (FIG) FIGMA INC CLASS A JAN 15 27 $15 (100 SHS),Margin,0,,USD,7.82,-5,0,,0.2,,3909.8,5/4/2026
5/1/2026,IRA-Roll $462K,119072621,YOU BOUGHT OPENING TRANSACTION CALL (WDC) WESTERN DIGITAL JAN 21 28 $330 (100 SHS) (Margin), -WDC280121C330,CALL (WDC) WESTERN DIGITAL JAN 21 28 $330 (100 SHS),Margin,0,,USD,210.23,1,0,,0.02,,-21023.02,5/4/2026
5/1/2026,IRA-Roll $462K,119072621,YOU SOLD CLOSING TRANSACTION CALL (WDC) WESTERN DIGITAL JAN 15 27 $270 (100 SHS) (Margin), -WDC270115C270,CALL (WDC) WESTERN DIGITAL JAN 15 27 $270 (100 SHS),Margin,0,,USD,194.55,-1,0,,0.43,,19454.57,5/4/2026
5/1/2026,IRA-Roll $462K,119072621,YOU SOLD CLOSING TRANSACTION CALL (FIG) FIGMA INC CLASS A JAN 15 27 $25 (100 SHS) (Margin), -FIG270115C25,CALL (FIG) FIGMA INC CLASS A JAN 15 27 $25 (100 SHS),Margin,0,,USD,3.85,-5,0,,0.15,,1924.85,5/4/2026
5/1/2026,IRA-Roll $462K,119072621,YOU SOLD CLOSING TRANSACTION CALL (FIG) FIGMA INC CLASS A JAN 15 27 $25 (100 SHS) (Margin), -FIG270115C25,CALL (FIG) FIGMA INC CLASS A JAN 15 27 $25 (100 SHS),Margin,0,,USD,4.15,-5,0,,0.16,,2074.84,5/4/2026
5/1/2026,IRA-Roll $462K,119072621,YOU SOLD CLOSING TRANSACTION CALL (FIG) FIGMA INC CLASS A JAN 15 27 $25 (100 SHS) (Margin), -FIG270115C25,CALL (FIG) FIGMA INC CLASS A JAN 15 27 $25 (100 SHS),Margin,0,,USD,4.15,-5,0,,0.16,,2074.84,5/4/2026
5/1/2026,IRA-Roll $462K,119072621,YOU SOLD CLOSING TRANSACTION CALL (FIG) FIGMA INC CLASS A JAN 15 27 $25 (100 SHS) (Margin), -FIG270115C25,CALL (FIG) FIGMA INC CLASS A JAN 15 27 $25 (100 SHS),Margin,0,,USD,4.26,-5,0,,0.16,,2129.84,5/4/2026
5/1/2026,IRA-Roll $462K,119072621,YOU BOUGHT OPENING TRANSACTION CALL (VST) VISTRA CORP COM JAN 21 28 $120 (100 SHS) (Margin), -VST280121C120,CALL (VST) VISTRA CORP COM JAN 21 28 $120 (100 SHS),Margin,0,,USD,64.05,1,0,,0.02,,-6405.02,5/4/2026
5/1/2026,IRA-Roll $462K,119072621,YOU BOUGHT OPENING TRANSACTION CALL (VST) VISTRA CORP COM JAN 21 28 $120 (100 SHS) (Margin), -VST280121C120,CALL (VST) VISTRA CORP COM JAN 21 28 $120 (100 SHS),Margin,0,,USD,65.95,1,0,,0.02,,-6595.02,5/4/2026
5/1/2026,IRA-ROTH $321K,233267024,YOU BOUGHT OPENING TRANSACTION CALL (NOW) SERVICENOW INC COM JAN 21 28 $70 (100 SHS) (Margin), -NOW280121C70,CALL (NOW) SERVICENOW INC COM JAN 21 28 $70 (100 SHS),Margin,0,,USD,39.1,1,0,,0.02,,-3910.02,5/4/2026
5/1/2026,IRA-Roll $462K,119072621,YOU SOLD CLOSING TRANSACTION CALL (MU) MICRON TECHNOLOGY JAN 15 27 $320 (100 SHS) (Margin), -MU270115C320,CALL (MU) MICRON TECHNOLOGY JAN 15 27 $320 (100 SHS),Margin,0,,USD,243.95,-1,0,,0.53,,24394.47,5/4/2026
5/1/2026,IRA-ROTH $321K,233267024,YOU BOUGHT OPENING TRANSACTION CALL (NFLX) NETFLIX INC JAN 15 27 $80 (100 SHS) (Margin), -NFLX270115C80,CALL (NFLX) NETFLIX INC JAN 15 27 $80 (100 SHS),Margin,0,,USD,19.5,2,0,,0.05,,-3900.05,5/4/2026
5/1/2026,IRA-ROTH $321K,233267024,YOU SOLD CLOSING TRANSACTION CALL (NFLX) NETFLIX INC JAN 15 27 $80 (100 SHS) (Margin), -NFLX270115C80,CALL (NFLX) NETFLIX INC JAN 15 27 $80 (100 SHS),Margin,0,,USD,19.4,-3,0,,0.19,,5819.81,5/4/2026
5/1/2026,IRA-Roll $462K,119072621,YOU BOUGHT OPENING TRANSACTION CALL (DELL) DELL TECHNOLOGIES JAN 21 28 $175 (100 SHS) (Margin), -DELL280121C175,CALL (DELL) DELL TECHNOLOGIES JAN 21 28 $175 (100 SHS),Margin,0,,USD,77.25,1,0,,0.02,,-7725.02,5/4/2026
5/1/2026,IRA-Roll $462K,119072621,YOU BOUGHT OPENING TRANSACTION CALL (AMAT) APPLIED MATERIALS JAN 21 28 $300 (100 SHS) (Margin), -AMAT280121C300,CALL (AMAT) APPLIED MATERIALS JAN 21 28 $300 (100 SHS),Margin,0,,USD,161,1,0,,0.02,,-16100.02,5/4/2026
5/1/2026,IRA-ROTH $321K,233267024,YOU SOLD CLOSING TRANSACTION CALL (NFLX) NETFLIX INC JAN 15 27 $75 (100 SHS) (Margin), -NFLX270115C75,CALL (NFLX) NETFLIX INC JAN 15 27 $75 (100 SHS),Margin,0,,USD,22.95,-2,0,,0.15,,4589.85,5/4/2026
5/1/2026,IRA-ROTH $321K,233267024,YOU BOUGHT OPENING TRANSACTION CALL (NFLX) NETFLIX INC JAN 21 28 $75 (100 SHS) (Margin), -NFLX280121C75,CALL (NFLX) NETFLIX INC JAN 21 28 $75 (100 SHS),Margin,0,,USD,30.53,2,0,,0.05,,-6106.05,5/4/2026
5/1/2026,IRA-ROTH $321K,233267024,YOU BOUGHT OPENING TRANSACTION CALL (NFLX) NETFLIX INC JAN 21 28 $75 (100 SHS) (Margin), -NFLX280121C75,CALL (NFLX) NETFLIX INC JAN 21 28 $75 (100 SHS),Margin,0,,USD,30.75,2,0,,0.05,,-6150.05,5/4/2026
5/1/2026,IRA-ROTH $321K,233267024,YOU BOUGHT OPENING TRANSACTION CALL (NFLX) NETFLIX INC JAN 21 28 $75 (100 SHS) (Margin), -NFLX280121C75,CALL (NFLX) NETFLIX INC JAN 21 28 $75 (100 SHS),Margin,0,,USD,30.5,1,0,,0.02,,-3050.02,5/4/2026
5/1/2026,IRA-Roll $462K,119072621,YOU BOUGHT OPENING TRANSACTION CALL (LMND) LEMONADE INC COM JAN 21 28 $45 (100 SHS) (Margin), -LMND280121C45,CALL (LMND) LEMONADE INC COM JAN 21 28 $45 (100 SHS),Margin,0,,USD,29.3,2,0,,0.05,,-5860.05,5/4/2026
5/1/2026,IRA-ROTH $321K,233267024,YOU SOLD CLOSING TRANSACTION CALL (MU) MICRON TECHNOLOGY JAN 15 27 $320 (100 SHS) (Margin), -MU270115C320,CALL (MU) MICRON TECHNOLOGY JAN 15 27 $320 (100 SHS),Margin,0,,USD,250,-1,0,,0.54,,24999.46,5/4/2026
5/1/2026,IRA-ROTH $321K,233267024,YOU BOUGHT OPENING TRANSACTION CALL (QCOM) QUALCOMM INC JAN 21 28 $130 (100 SHS) (Margin), -QCOM280121C130,CALL (QCOM) QUALCOMM INC JAN 21 28 $130 (100 SHS),Margin,0,,USD,62.78,1,0,,0.02,,-6278.02,5/4/2026
5/1/2026,IRA-Roll $462K,119072621,YOU SOLD CLOSING TRANSACTION CALL (CRWV) COREWEAVE INC COM CL JAN 15 27 $80 (100 SHS) (Margin), -CRWV270115C80,CALL (CRWV) COREWEAVE INC COM CL JAN 15 27 $80 (100 SHS),Margin,0,,USD,53.95,-1,0,,0.14,,5394.86,5/4/2026
5/1/2026,IRA-ROTH $321K,233267024,YOU BOUGHT OPENING TRANSACTION CALL (CVS) CVS HEALTH JAN 21 28 $60 (100 SHS) (Margin), -CVS280121C60,CALL (CVS) CVS HEALTH JAN 21 28 $60 (100 SHS),Margin,0,,USD,27.19,1,0,,0.02,,-2719.02,5/4/2026
5/1/2026,IRA-Roll $462K,119072621,YOU SOLD CLOSING TRANSACTION CALL (CRWV) COREWEAVE INC COM CL JAN 15 27 $80 (100 SHS) (Margin), -CRWV270115C80,CALL (CRWV) COREWEAVE INC COM CL JAN 15 27 $80 (100 SHS),Margin,0,,USD,55.9,-1,0,,0.14,,5589.86,5/4/2026
5/1/2026,DI Ind. $83.5K,X69705290,YOU BOUGHT OPENING TRANSACTION CALL (DPZ) DOMINO S PIZZA INC JAN 21 28 $260 (100 SHS) (Margin), -DPZ280121C260,CALL (DPZ) DOMINO S PIZZA INC JAN 21 28 $260 (100 SHS),Margin,0,,USD,103.07,1,0,0.65,0.02,,-10307.67,5/4/2026
5/1/2026,IRA-ROTH $321K,233267024,YOU BOUGHT OPENING TRANSACTION CALL (CVS) CVS HEALTH JAN 21 28 $60 (100 SHS) (Margin), -CVS280121C60,CALL (CVS) CVS HEALTH JAN 21 28 $60 (100 SHS),Margin,0,,USD,27.63,1,0,,0.02,,-2763.02,5/4/2026
5/1/2026,IRA-Roll $462K,119072621,YOU SOLD CLOSING TRANSACTION CALL (AMAT) APPLIED MATERIALS JAN 15 27 $300 (100 SHS) (Margin), -AMAT270115C300,CALL (AMAT) APPLIED MATERIALS JAN 15 27 $300 (100 SHS),Margin,0,,USD,127.8,-1,0,,0.29,,12779.71,5/4/2026
5/1/2026,DI Ind. $83.5K,X69705290,YOU BOUGHT OPENING TRANSACTION CALL (NVDA) NVIDIA CORPORATION JAN 21 28 $160 (100 SHS) (Margin), -NVDA280121C160,CALL (NVDA) NVIDIA CORPORATION JAN 21 28 $160 (100 SHS),Margin,0,,USD,70.96,1,0,0.65,0.02,,-7096.67,5/4/2026
5/1/2026,IRA-Roll $462K,119072621,YOU SOLD CLOSING TRANSACTION CALL (AMAT) APPLIED MATERIALS JAN 15 27 $300 (100 SHS) (Margin), -AMAT270115C300,CALL (AMAT) APPLIED MATERIALS JAN 15 27 $300 (100 SHS),Margin,0,,USD,127.8,-2,0,,0.58,,25559.42,5/4/2026
5/1/2026,DI Ind. $83.5K,X69705290,YOU BOUGHT OPENING TRANSACTION CALL (NVDA) NVIDIA CORPORATION JAN 21 28 $160 (100 SHS) (Margin), -NVDA280121C160,CALL (NVDA) NVIDIA CORPORATION JAN 21 28 $160 (100 SHS),Margin,0,,USD,71.4,1,0,0.65,0.02,,-7140.67,5/4/2026
5/1/2026,IRA-Roll $462K,119072621,YOU SOLD CLOSING TRANSACTION CALL (DELL) DELL TECHNOLOGIES JAN 15 27 $140 (100 SHS) (Margin), -DELL270115C140,CALL (DELL) DELL TECHNOLOGIES JAN 15 27 $140 (100 SHS),Margin,0,,USD,81.71,-1,0,,0.19,,8170.81,5/4/2026
5/1/2026,Trust PHT $988K,Z40402241,TRANSFERRED TO VS Z35-441984-1 (Cash), ,No Description,Cash,0,,USD,,0,0,,,,-10000,
5/1/2026,Trust PHT $988K,Z40402241,Electronic Funds Transfer Paid (Cash),,No Description,Cash,0,,USD,,0,0,,,,-15000,
5/1/2026,Joint Account Steph,Z35441984,TRANSFERRED FROM VS Z40-402241-1 (Cash), ,No Description,Cash,0,,USD,,0,0,,,,10000,
5/4/2026,IRA-ROTH $321K,233267024,YOU SOLD CLOSING TRANSACTION CALL (NFLX) NETFLIX INC JAN 15 27 $80 (100 SHS) (Margin), -NFLX270115C80,CALL (NFLX) NETFLIX INC JAN 15 27 $80 (100 SHS),Margin,0,,USD,19.13,-2,0,,0.13,,3825.87,5/5/2026
5/4/2026,IRA-Roll $462K,119072621,YOU BOUGHT OPENING TRANSACTION CALL (LULU) LULULEMON ATHLETICA JAN 21 28 $110 (100 SHS) (Margin), -LULU280121C110,CALL (LULU) LULULEMON ATHLETICA JAN 21 28 $110 (100 SHS),Margin,0,,USD,48.6,1,0,,0.02,,-4860.02,5/5/2026
5/4/2026,IRA-Roll $462K,119072621,YOU BOUGHT OPENING TRANSACTION CALL (ASML) ASML HOLDING NV MAY 15 26 $1320 (100 SHS) (Margin), -ASML260515C1320,CALL (ASML) ASML HOLDING NV MAY 15 26 $1320 (100 SHS),Margin,0,,USD,109.45,1,0,,0.02,,-10945.02,5/5/2026
5/4/2026,IRA-Roll $462K,119072621,YOU BOUGHT OPENING TRANSACTION CALL (CVE) CENOVUS ENERGY INC JAN 21 28 $22 (100 SHS) (Margin), -CVE280121C22,CALL (CVE) CENOVUS ENERGY INC JAN 21 28 $22 (100 SHS),Margin,0,,USD,10.3,5,0,,0.11,,-5150.11,5/5/2026
5/4/2026,IRA-Roll $462K,119072621,YOU BOUGHT OPENING TRANSACTION CALL (OKTA) OKTA INC CL A JAN 21 28 $60 (100 SHS) (Margin), -OKTA280121C60,CALL (OKTA) OKTA INC CL A JAN 21 28 $60 (100 SHS),Margin,0,,USD,31.3,1,0,,0.02,,-3130.02,5/5/2026
5/4/2026,IRA-ROTH $321K,233267024,YOU SOLD CLOSING TRANSACTION CALL (LRCX) LAM RESEARCH CORP JAN 15 27 $200 (100 SHS) (Margin), -LRCX270115C200,CALL (LRCX) LAM RESEARCH CORP JAN 15 27 $200 (100 SHS),Margin,0,,USD,84.23,-3,0,,0.6,,25268.4,5/5/2026
5/4/2026,IRA-Roll $462K,119072621,YOU BOUGHT OPENING TRANSACTION CALL (LMND) LEMONADE INC COM JAN 21 28 $45 (100 SHS) (Margin), -LMND280121C45,CALL (LMND) LEMONADE INC COM JAN 21 28 $45 (100 SHS),Margin,0,,USD,27.25,2,0,,0.05,,-5450.05,5/5/2026
5/4/2026,IRA-ROTH $321K,233267024,YOU BOUGHT OPENING TRANSACTION CALL (AMD) ADVANCED MICRO JAN 21 28 $290 (100 SHS) (Margin), -AMD280121C290,CALL (AMD) ADVANCED MICRO JAN 21 28 $290 (100 SHS),Margin,0,,USD,143.65,1,0,,0.02,,-14365.02,5/5/2026
5/4/2026,IRA-Roll $462K,119072621,YOU BOUGHT OPENING TRANSACTION CALL (ARM) ARM HOLDINGS PLC JAN 21 28 $170 (100 SHS) (Margin), -ARM280121C170,CALL (ARM) ARM HOLDINGS PLC JAN 21 28 $170 (100 SHS),Margin,0,,USD,88,1,0,,0.02,,-8800.02,5/5/2026
5/4/2026,IRA-ROTH $321K,233267024,YOU BOUGHT OPENING TRANSACTION CALL (QCOM) QUALCOMM INC JAN 21 28 $130 (100 SHS) (Margin), -QCOM280121C130,CALL (QCOM) QUALCOMM INC JAN 21 28 $130 (100 SHS),Margin,0,,USD,55.54,1,0,,0.02,,-5554.02,5/5/2026
5/4/2026,IRA-ROTH $321K,233267024,YOU BOUGHT OPENING TRANSACTION CALL (QCOM) QUALCOMM INC JAN 21 28 $130 (100 SHS) (Margin), -QCOM280121C130,CALL (QCOM) QUALCOMM INC JAN 21 28 $130 (100 SHS),Margin,0,,USD,55.65,1,0,,0.02,,-5565.02,5/5/2026
5/4/2026,IRA-Roll $462K,119072621,YOU SOLD CLOSING TRANSACTION CALL (PLTR) PALANTIR JAN 15 27 $100 (100 SHS) (Margin), -PLTR270115C100,CALL (PLTR) PALANTIR JAN 15 27 $100 (100 SHS),Margin,0,,USD,56.65,-4,0,,0.56,,22659.44,5/5/2026
5/4/2026,IRA-ROTH $321K,233267024,YOU BOUGHT OPENING TRANSACTION CALL (ARM) ARM HOLDINGS PLC JAN 21 28 $170 (100 SHS) (Margin), -ARM280121C170,CALL (ARM) ARM HOLDINGS PLC JAN 21 28 $170 (100 SHS),Margin,0,,USD,87.5,1,0,,0.02,,-8750.02,5/5/2026
5/4/2026,Phil and Di,X65959334,BILL PAYMENT NORDSTROM (Cash), ,No Description,Cash,0,,USD,,0,0,,,,-111.56,
5/5/2026,IRA-Roll $462K,119072621,YOU BOUGHT OPENING TRANSACTION CALL (FIG) FIGMA INC CLASS A JAN 21 28 $15 (100 SHS) (Margin), -FIG280121C15,CALL (FIG) FIGMA INC CLASS A JAN 21 28 $15 (100 SHS),Margin,0,,USD,10.26,3,0,,0.07,,-3078.07,5/6/2026
5/5/2026,IRA-Roll $462K,119072621,YOU BOUGHT OPENING TRANSACTION CALL (FIG) FIGMA INC CLASS A JAN 21 28 $15 (100 SHS) (Margin), -FIG280121C15,CALL (FIG) FIGMA INC CLASS A JAN 21 28 $15 (100 SHS),Margin,0,,USD,10.25,2,0,,0.05,,-2050.05,5/6/2026
5/5/2026,IRA-Roll $462K,119072621,YOU BOUGHT OPENING TRANSACTION CALL (PLTR) PALANTIR JAN 21 28 $105 (100 SHS) (Margin), -PLTR280121C105,CALL (PLTR) PALANTIR JAN 21 28 $105 (100 SHS),Margin,0,,USD,56.25,1,0,,0.02,,-5625.02,5/6/2026
5/5/2026,IRA-Roll $462K,119072621,YOU BOUGHT OPENING TRANSACTION CALL (PLTR) PALANTIR JAN 21 28 $105 (100 SHS) (Margin), -PLTR280121C105,CALL (PLTR) PALANTIR JAN 21 28 $105 (100 SHS),Margin,0,,USD,59,1,0,,0.02,,-5900.02,5/6/2026
5/5/2026,IRA-Roll $462K,119072621,YOU SOLD CLOSING TRANSACTION CALL (ASML) ASML HOLDING NV MAY 15 26 $1320 (100 SHS) (Margin), -ASML260515C1320,CALL (ASML) ASML HOLDING NV MAY 15 26 $1320 (100 SHS),Margin,0,,USD,125,-1,0,,0.28,,12499.72,5/6/2026
5/5/2026,IRA-ROTH $321K,233267024,YOU BOUGHT OPENING TRANSACTION CALL (PLTR) PALANTIR JAN 21 28 $110 (100 SHS) (Margin), -PLTR280121C110,CALL (PLTR) PALANTIR JAN 21 28 $110 (100 SHS),Margin,0,,USD,56.85,1,0,,0.02,,-5685.02,5/6/2026
5/5/2026,IRA-Roll $462K,119072621,YOU BOUGHT OPENING TRANSACTION CALL (CVE) CENOVUS ENERGY INC JAN 21 28 $22 (100 SHS) (Margin), -CVE280121C22,CALL (CVE) CENOVUS ENERGY INC JAN 21 28 $22 (100 SHS),Margin,0,,USD,12.4,5,0,,0.11,,-6200.11,5/6/2026
5/5/2026,IRA-Roll $462K,119072621,YOU BOUGHT OPENING TRANSACTION CALL (TSM) TAIWAN SEMICONDUCTOR JAN 21 28 $320 (100 SHS) (Margin), -TSM280121C320,CALL (TSM) TAIWAN SEMICONDUCTOR JAN 21 28 $320 (100 SHS),Margin,0,,USD,140.55,1,0,,0.02,,-14055.02,5/6/2026
5/5/2026,IRA-ROTH $321K,233267024,YOU SOLD CLOSING TRANSACTION CALL (FSLY) FASTLY INC CL A JAN 21 28 $12.5 (100 SHS) (Margin), -FSLY280121C12.5,CALL (FSLY) FASTLY INC CL A JAN 21 28 $12.5 (100 SHS),Margin,0,,USD,23.9,-12,0,,0.88,,28679.12,5/6/2026
5/5/2026,IRA-ROTH $321K,233267024,YOU BOUGHT OPENING TRANSACTION CALL (SHOP) SHOPIFY INC COM NPV MAY 15 26 $105 (100 SHS) (Margin), -SHOP260515C105,CALL (SHOP) SHOPIFY INC COM NPV MAY 15 26 $105 (100 SHS),Margin,0,,USD,10.45,4,0,,0.09,,-4180.09,5/6/2026
5/5/2026,Phil and Lynn,X82843893,DIRECT DEBIT 52-41 Center LWEB PMTS (Cash), ,No Description,Cash,0,,USD,,0,0,,,,-1000,
5/6/2026,IRA-Roll $462K,119072621,YOU BOUGHT OPENING TRANSACTION CALL (FSLY) FASTLY INC CL A OCT 15 27 $25 (100 SHS) (Margin), -FSLY271015C25,CALL (FSLY) FASTLY INC CL A OCT 15 27 $25 (100 SHS),Margin,0,,USD,16.13,1,0,,0.02,,-1613.02,5/7/2026
5/6/2026,IRA-Roll $462K,119072621,YOU SOLD CLOSING TRANSACTION CALL (FSLY) FASTLY INC CL A OCT 15 27 $25 (100 SHS) (Margin), -FSLY271015C25,CALL (FSLY) FASTLY INC CL A OCT 15 27 $25 (100 SHS),Margin,0,,USD,16.25,-1,0,,0.06,,1624.94,5/7/2026
5/6/2026,IRA-Roll $462K,119072621,YOU BOUGHT OPENING TRANSACTION CALL (FIG) FIGMA INC CLASS A JAN 21 28 $15 (100 SHS) (Margin), -FIG280121C15,CALL (FIG) FIGMA INC CLASS A JAN 21 28 $15 (100 SHS),Margin,0,,USD,10.05,5,0,,0.11,,-5025.11,5/7/2026
5/6/2026,IRA-Roll $462K,119072621,YOU BOUGHT OPENING TRANSACTION CALL (FSLY) FASTLY INC CL A JAN 21 28 $22.5 (100 SHS) (Margin), -FSLY280121C22.5,CALL (FSLY) FASTLY INC CL A JAN 21 28 $22.5 (100 SHS),Margin,0,,USD,17.6,1,0,,0.02,,-1760.02,5/7/2026
5/6/2026,IRA-Roll $462K,119072621,YOU BOUGHT OPENING TRANSACTION CALL (FSLY) FASTLY INC CL A JAN 21 28 $22.5 (100 SHS) (Margin), -FSLY280121C22.5,CALL (FSLY) FASTLY INC CL A JAN 21 28 $22.5 (100 SHS),Margin,0,,USD,18,1,0,,0.02,,-1800.02,5/7/2026
5/6/2026,IRA-Roll $462K,119072621,YOU BOUGHT OPENING TRANSACTION CALL (FSLY) FASTLY INC CL A JAN 21 28 $22.5 (100 SHS) (Margin), -FSLY280121C22.5,CALL (FSLY) FASTLY INC CL A JAN 21 28 $22.5 (100 SHS),Margin,0,,USD,18.3,1,0,,0.02,,-1830.02,5/7/2026
5/6/2026,IRA-Roll $462K,119072621,YOU BOUGHT OPENING TRANSACTION CALL (FSLY) FASTLY INC CL A JAN 21 28 $22.5 (100 SHS) (Margin), -FSLY280121C22.5,CALL (FSLY) FASTLY INC CL A JAN 21 28 $22.5 (100 SHS),Margin,0,,USD,19.31,1,0,,0.02,,-1931.02,5/7/2026
5/6/2026,IRA-ROTH $321K,233267024,YOU BOUGHT OPENING TRANSACTION CALL (FSLY) FASTLY INC CL A JAN 21 28 $22.5 (100 SHS) (Margin), -FSLY280121C22.5,CALL (FSLY) FASTLY INC CL A JAN 21 28 $22.5 (100 SHS),Margin,0,,USD,18.9,1,0,,0.02,,-1890.02,5/7/2026
5/6/2026,IRA-ROTH $321K,233267024,YOU BOUGHT OPENING TRANSACTION CALL (SNOW) SNOWFLAKE INC. JAN 21 28 $115 (100 SHS) (Margin), -SNOW280121C115,CALL (SNOW) SNOWFLAKE INC. JAN 21 28 $115 (100 SHS),Margin,0,,USD,57.42,1,0,,0.02,,-5742.02,5/7/2026
5/6/2026,IRA-ROTH $321K,233267024,YOU BOUGHT OPENING TRANSACTION CALL (PLTR) PALANTIR JAN 21 28 $110 (100 SHS) (Margin), -PLTR280121C110,CALL (PLTR) PALANTIR JAN 21 28 $110 (100 SHS),Margin,0,,USD,52.7,1,0,,0.02,,-5270.02,5/7/2026
5/6/2026,IRA-Roll $462K,119072621,YOU BOUGHT OPENING TRANSACTION CALL (CVE) CENOVUS ENERGY INC JAN 21 28 $22 (100 SHS) (Margin), -CVE280121C22,CALL (CVE) CENOVUS ENERGY INC JAN 21 28 $22 (100 SHS),Margin,0,,USD,10.19,1,0,,0.02,,-1019.02,5/7/2026
5/6/2026,IRA-Roll $462K,119072621,YOU BOUGHT OPENING TRANSACTION CALL (ANET) ARISTA NETWORKS INC JAN 21 28 $115 (100 SHS) (Margin), -ANET280121C115,CALL (ANET) ARISTA NETWORKS INC JAN 21 28 $115 (100 SHS),Margin,0,,USD,55.36,1,0,,0.02,,-5536.02,5/7/2026
5/6/2026,IRA-ROTH $321K,233267024,YOU BOUGHT OPENING TRANSACTION CALL (ANET) ARISTA NETWORKS INC JAN 21 28 $115 (100 SHS) (Margin), -ANET280121C115,CALL (ANET) ARISTA NETWORKS INC JAN 21 28 $115 (100 SHS),Margin,0,,USD,55.74,1,0,,0.02,,-5574.02,5/7/2026
5/6/2026,IRA-Roll $462K,119072621,YOU BOUGHT OPENING TRANSACTION CALL (ANET) ARISTA NETWORKS INC JAN 21 28 $115 (100 SHS) (Margin), -ANET280121C115,CALL (ANET) ARISTA NETWORKS INC JAN 21 28 $115 (100 SHS),Margin,0,,USD,55.4,1,0,,0.02,,-5540.02,5/7/2026
5/6/2026,IRA-ROTH $321K,233267024,YOU BOUGHT OPENING TRANSACTION CALL (ANET) ARISTA NETWORKS INC JAN 21 28 $115 (100 SHS) (Margin), -ANET280121C115,CALL (ANET) ARISTA NETWORKS INC JAN 21 28 $115 (100 SHS),Margin,0,,USD,59.5,1,0,,0.02,,-5950.02,5/7/2026
5/6/2026,IRA-Roll $462K,119072621,YOU BOUGHT OPENING TRANSACTION CALL (ANET) ARISTA NETWORKS INC JAN 21 28 $115 (100 SHS) (Margin), -ANET280121C115,CALL (ANET) ARISTA NETWORKS INC JAN 21 28 $115 (100 SHS),Margin,0,,USD,60.95,1,0,,0.02,,-6095.02,5/7/2026
5/6/2026,IRA-ROTH $321K,233267024,YOU BOUGHT OPENING TRANSACTION CALL (ANET) ARISTA NETWORKS INC JAN 21 28 $115 (100 SHS) (Margin), -ANET280121C115,CALL (ANET) ARISTA NETWORKS INC JAN 21 28 $115 (100 SHS),Margin,0,,USD,60.32,1,0,,0.02,,-6032.02,5/7/2026
5/6/2026,IRA-Roll $462K,119072621,YOU BOUGHT OPENING TRANSACTION CALL (ANET) ARISTA NETWORKS INC JAN 21 28 $115 (100 SHS) (Margin), -ANET280121C115,CALL (ANET) ARISTA NETWORKS INC JAN 21 28 $115 (100 SHS),Margin,0,,USD,62.91,1,0,,0.02,,-6291.02,5/7/2026
5/6/2026,IRA-ROTH $321K,233267024,YOU BOUGHT OPENING TRANSACTION CALL (SHOP) SHOPIFY INC COM NPV MAY 15 26 $105 (100 SHS) (Margin), -SHOP260515C105,CALL (SHOP) SHOPIFY INC COM NPV MAY 15 26 $105 (100 SHS),Margin,0,,USD,5.75,4,0,,0.09,,-2300.09,5/7/2026
5/6/2026,IRA-Roll $462K,119072621,YOU SOLD KLA CORP COM NEW (KLAC) (Margin),KLAC,KLA CORP COM NEW,Margin,0,,USD,1768.12,-4,0,,0.15,,7072.33,5/7/2026
5/6/2026,IRA-Roll $462K,119072621,YOU SOLD GE VERNOVA INC COM (GEV) (Margin),GEV,GE VERNOVA INC COM,Margin,0,,USD,1083.72,-20,0,,0.45,,21673.95,5/7/2026
5/6/2026,IRA-ROTH $321K,233267024,YOU SOLD PROSHARES ULTRA SEMICONDUCTORS (USD) (Cash),USD,PROSHARES ULTRA SEMICONDUCTORS,Cash,0,,USD,86,-100,0,,0.18,,8599.82,5/7/2026
5/6/2026,IRA-Roll $462K,119072621,YOU BOUGHT ARISTA NETWORKS INC COM SHS (ANET) (Margin),ANET,ARISTA NETWORKS INC COM SHS,Margin,0,,USD,152.34,50,0,,,,-7617,5/7/2026
5/6/2026,DI Ind. $83.5K,X69705290,YOU BOUGHT OPENING TRANSACTION CALL (ANET) ARISTA NETWORKS INC JAN 21 28 $115 (100 SHS) (Margin), -ANET280121C115,CALL (ANET) ARISTA NETWORKS INC JAN 21 28 $115 (100 SHS),Margin,0,,USD,56.9,1,0,0.65,0.02,,-5690.67,5/7/2026
5/7/2026,IRA-Roll $462K,119072621,YOU BOUGHT UBIQUITI INC COM (UI) (Margin),UI,UBIQUITI INC COM,Margin,0,,USD,964,5,0,,,,-4820,5/8/2026
5/7/2026,IRA-Roll $462K,119072621,YOU BOUGHT OPENING TRANSACTION CALL (CIEN) CIENA CORP JAN 21 28 $410 (100 SHS) (Margin), -CIEN280121C410,CALL (CIEN) CIENA CORP JAN 21 28 $410 (100 SHS),Margin,0,,USD,262.5,1,0,,0.02,,-26250.02,5/8/2026
5/7/2026,IRA-Roll $462K,119072621,YOU SOLD CLOSING TRANSACTION CALL (STX) SEAGATE TECHNOLOGY JAN 21 28 $500 (100 SHS) (Margin), -STX280121C500,CALL (STX) SEAGATE TECHNOLOGY JAN 21 28 $500 (100 SHS),Margin,0,,USD,398.05,-1,0,,0.84,,39804.16,5/8/2026
5/7/2026,IRA-Roll $462K,119072621,YOU BOUGHT OPENING TRANSACTION CALL (WDC) WESTERN DIGITAL JAN 21 28 $350 (100 SHS) (Margin), -WDC280121C350,CALL (WDC) WESTERN DIGITAL JAN 21 28 $350 (100 SHS),Margin,0,,USD,223.8,1,0,,0.02,,-22380.02,5/8/2026
5/7/2026,IRA-Roll $462K,119072621,YOU SOLD CLOSING TRANSACTION CALL (FIG) FIGMA INC CLASS A JAN 21 28 $15 (100 SHS) (Margin), -FIG280121C15,CALL (FIG) FIGMA INC CLASS A JAN 21 28 $15 (100 SHS),Margin,0,,USD,11.22,-5,0,,0.23,,5609.77,5/8/2026
5/7/2026,IRA-Roll $462K,119072621,YOU SOLD CLOSING TRANSACTION CALL (FIG) FIGMA INC CLASS A JAN 21 28 $15 (100 SHS) (Margin), -FIG280121C15,CALL (FIG) FIGMA INC CLASS A JAN 21 28 $15 (100 SHS),Margin,0,,USD,11.29,-5,0,,0.23,,5644.77,5/8/2026
5/7/2026,IRA-Roll $462K,119072621,YOU SOLD CLOSING TRANSACTION CALL (FIG) FIGMA INC CLASS A JAN 21 28 $15 (100 SHS) (Margin), -FIG280121C15,CALL (FIG) FIGMA INC CLASS A JAN 21 28 $15 (100 SHS),Margin,0,,USD,11.33,-5,0,,0.23,,5664.77,5/8/2026
5/7/2026,IRA-Roll $462K,119072621,YOU SOLD CLOSING TRANSACTION CALL (WDC) WESTERN DIGITAL JAN 21 28 $330 (100 SHS) (Margin), -WDC280121C330,CALL (WDC) WESTERN DIGITAL JAN 21 28 $330 (100 SHS),Margin,0,,USD,235.5,-2,0,,1.03,,47098.97,5/8/2026
5/7/2026,IRA-Roll $462K,119072621,YOU BOUGHT OPENING TRANSACTION CALL (FIG) FIGMA INC CLASS A JAN 21 28 $17.5 (100 SHS) (Margin), -FIG280121C17.5,CALL (FIG) FIGMA INC CLASS A JAN 21 28 $17.5 (100 SHS),Margin,0,,USD,10.45,5,0,,0.11,,-5225.11,5/8/2026
5/7/2026,IRA-Roll $462K,119072621,YOU BOUGHT OPENING TRANSACTION CALL (FIG) FIGMA INC CLASS A JAN 21 28 $17.5 (100 SHS) (Margin), -FIG280121C17.5,CALL (FIG) FIGMA INC CLASS A JAN 21 28 $17.5 (100 SHS),Margin,0,,USD,10.49,5,0,,0.11,,-5245.11,5/8/2026
5/7/2026,IRA-Roll $462K,119072621,YOU BOUGHT OPENING TRANSACTION CALL (MU) MICRON TECHNOLOGY JAN 21 28 $500 (100 SHS) (Margin), -MU280121C500,CALL (MU) MICRON TECHNOLOGY JAN 21 28 $500 (100 SHS),Margin,0,,USD,310.26,1,0,,0.02,,-31026.02,5/8/2026
5/7/2026,IRA-Roll $462K,119072621,YOU SOLD CLOSING TRANSACTION CALL (MU) MICRON TECHNOLOGY JAN 21 28 $390 (100 SHS) (Margin), -MU280121C390,CALL (MU) MICRON TECHNOLOGY JAN 21 28 $390 (100 SHS),Margin,0,,USD,363.75,-1,0,,0.77,,36374.23,5/8/2026
5/7/2026,IRA-Roll $462K,119072621,YOU BOUGHT OPENING TRANSACTION CALL (COHR) COHERENT CORP COM JAN 21 28 $250 (100 SHS) (Margin), -COHR280121C250,CALL (COHR) COHERENT CORP COM JAN 21 28 $250 (100 SHS),Margin,0,,USD,151.75,1,0,,0.02,,-15175.02,5/8/2026
5/7/2026,IRA-Roll $462K,119072621,YOU BOUGHT OPENING TRANSACTION CALL (COHR) COHERENT CORP COM JAN 21 28 $250 (100 SHS) (Margin), -COHR280121C250,CALL (COHR) COHERENT CORP COM JAN 21 28 $250 (100 SHS),Margin,0,,USD,159.7,1,0,,0.02,,-15970.02,5/8/2026
5/7/2026,IRA-ROTH $321K,233267024,YOU SOLD VANECK ETF TRUST SEMICONDUCTR ETF (SMH) (Cash),SMH,VANECK ETF TRUST SEMICONDUCTR ETF,Cash,0,,USD,541.01,-10,0,,0.12,,5409.98,5/8/2026
5/7/2026,IRA-Roll $462K,119072621,YOU BOUGHT OPENING TRANSACTION CALL (FSLY) FASTLY INC CL A JAN 21 28 $20 (100 SHS) (Margin), -FSLY280121C20,CALL (FSLY) FASTLY INC CL A JAN 21 28 $20 (100 SHS),Margin,0,,USD,10.35,2,0,,0.05,,-2070.05,5/8/2026
5/7/2026,IRA-ROTH $321K,233267024,YOU SOLD CLOSING TRANSACTION CALL (WDAY) WORKDAY INC COM JAN 21 28 $90 (100 SHS) (Margin), -WDAY280121C90,CALL (WDAY) WORKDAY INC COM JAN 21 28 $90 (100 SHS),Margin,0,,USD,62.86,-3,0,,0.46,,18857.54,5/8/2026
5/7/2026,IRA-Roll $462K,119072621,YOU BOUGHT OPENING TRANSACTION CALL (FSLY) FASTLY INC CL A JAN 21 28 $20 (100 SHS) (Margin), -FSLY280121C20,CALL (FSLY) FASTLY INC CL A JAN 21 28 $20 (100 SHS),Margin,0,,USD,10.83,2,0,,0.05,,-2166.05,5/8/2026
5/7/2026,IRA-ROTH $321K,233267024,YOU BOUGHT OPENING TRANSACTION CALL (STX) SEAGATE TECHNOLOGY JAN 21 28 $570 (100 SHS) (Margin), -STX280121C570,CALL (STX) SEAGATE TECHNOLOGY JAN 21 28 $570 (100 SHS),Margin,0,,USD,366.9,1,0,,0.02,,-36690.02,5/8/2026
5/7/2026,IRA-Roll $462K,119072621,YOU BOUGHT OPENING TRANSACTION CALL (FSLY) FASTLY INC CL A JAN 21 28 $20 (100 SHS) (Margin), -FSLY280121C20,CALL (FSLY) FASTLY INC CL A JAN 21 28 $20 (100 SHS),Margin,0,,USD,10.85,2,0,,0.05,,-2170.05,5/8/2026
5/7/2026,IRA-ROTH $321K,233267024,YOU SOLD CLOSING TRANSACTION CALL (NOW) SERVICENOW INC COM JAN 21 28 $70 (100 SHS) (Margin), -NOW280121C70,CALL (NOW) SERVICENOW INC COM JAN 21 28 $70 (100 SHS),Margin,0,,USD,41.5,-6,0,,0.66,,24899.34,5/8/2026
5/7/2026,IRA-Roll $462K,119072621,YOU BOUGHT OPENING TRANSACTION CALL (FSLY) FASTLY INC CL A JAN 21 28 $20 (100 SHS) (Margin), -FSLY280121C20,CALL (FSLY) FASTLY INC CL A JAN 21 28 $20 (100 SHS),Margin,0,,USD,10.5,1,0,,0.02,,-1050.02,5/8/2026
5/7/2026,IRA-ROTH $321K,233267024,YOU BOUGHT OPENING TRANSACTION CALL (MU) MICRON TECHNOLOGY JAN 21 28 $500 (100 SHS) (Margin), -MU280121C500,CALL (MU) MICRON TECHNOLOGY JAN 21 28 $500 (100 SHS),Margin,0,,USD,307.5,1,0,,0.02,,-30750.02,5/8/2026
5/7/2026,IRA-Roll $462K,119072621,YOU BOUGHT OPENING TRANSACTION CALL (FSLY) FASTLY INC CL A JAN 21 28 $20 (100 SHS) (Margin), -FSLY280121C20,CALL (FSLY) FASTLY INC CL A JAN 21 28 $20 (100 SHS),Margin,0,,USD,10.9,1,0,,0.02,,-1090.02,5/8/2026
5/7/2026,IRA-ROTH $321K,233267024,YOU BOUGHT OPENING TRANSACTION CALL (MU) MICRON TECHNOLOGY JAN 21 28 $500 (100 SHS) (Margin), -MU280121C500,CALL (MU) MICRON TECHNOLOGY JAN 21 28 $500 (100 SHS),Margin,0,,USD,308.25,1,0,,0.02,,-30825.02,5/8/2026
5/7/2026,IRA-Roll $462K,119072621,YOU BOUGHT OPENING TRANSACTION CALL (FSLY) FASTLY INC CL A JAN 21 28 $20 (100 SHS) (Margin), -FSLY280121C20,CALL (FSLY) FASTLY INC CL A JAN 21 28 $20 (100 SHS),Margin,0,,USD,10.95,1,0,,0.02,,-1095.02,5/8/2026
5/7/2026,IRA-Roll $462K,119072621,YOU BOUGHT OPENING TRANSACTION CALL (FSLY) FASTLY INC CL A JAN 21 28 $20 (100 SHS) (Margin), -FSLY280121C20,CALL (FSLY) FASTLY INC CL A JAN 21 28 $20 (100 SHS),Margin,0,,USD,11.31,1,0,,0.02,,-1131.02,5/8/2026
5/7/2026,IRA-ROTH $321K,233267024,YOU BOUGHT OPENING TRANSACTION CALL (FSLY) FASTLY INC CL A JAN 21 28 $20 (100 SHS) (Margin), -FSLY280121C20,CALL (FSLY) FASTLY INC CL A JAN 21 28 $20 (100 SHS),Margin,0,,USD,10.7,2,0,,0.05,,-2140.05,5/8/2026
5/7/2026,IRA-Roll $462K,119072621,YOU BOUGHT OPENING TRANSACTION CALL (BE) BLOOM ENERGY CORP JAN 21 28 $220 (100 SHS) (Margin), -BE280121C220,CALL (BE) BLOOM ENERGY CORP JAN 21 28 $220 (100 SHS),Margin,0,,USD,141.5,1,0,,0.02,,-14150.02,5/8/2026
5/7/2026,IRA-ROTH $321K,233267024,YOU BOUGHT OPENING TRANSACTION CALL (FSLY) FASTLY INC CL A JAN 21 28 $20 (100 SHS) (Margin), -FSLY280121C20,CALL (FSLY) FASTLY INC CL A JAN 21 28 $20 (100 SHS),Margin,0,,USD,10.7,1,0,,0.02,,-1070.02,5/8/2026
5/7/2026,IRA-Roll $462K,119072621,YOU BOUGHT OPENING TRANSACTION CALL (BE) BLOOM ENERGY CORP JAN 21 28 $220 (100 SHS) (Margin), -BE280121C220,CALL (BE) BLOOM ENERGY CORP JAN 21 28 $220 (100 SHS),Margin,0,,USD,144.75,1,0,,0.02,,-14475.02,5/8/2026
5/7/2026,IRA-ROTH $321K,233267024,YOU BOUGHT OPENING TRANSACTION CALL (FSLY) FASTLY INC CL A JAN 21 28 $20 (100 SHS) (Margin), -FSLY280121C20,CALL (FSLY) FASTLY INC CL A JAN 21 28 $20 (100 SHS),Margin,0,,USD,10.75,1,0,,0.02,,-1075.02,5/8/2026
5/7/2026,IRA-Roll $462K,119072621,YOU SOLD CLOSING TRANSACTION CALL (BE) BLOOM ENERGY CORP JAN 21 28 $190 (100 SHS) (Margin), -BE280121C190,CALL (BE) BLOOM ENERGY CORP JAN 21 28 $190 (100 SHS),Margin,0,,USD,151.35,-1,0,,0.34,,15134.66,5/8/2026
5/7/2026,IRA-ROTH $321K,233267024,YOU BOUGHT OPENING TRANSACTION CALL (FSLY) FASTLY INC CL A JAN 21 28 $20 (100 SHS) (Margin), -FSLY280121C20,CALL (FSLY) FASTLY INC CL A JAN 21 28 $20 (100 SHS),Margin,0,,USD,10.85,1,0,,0.02,,-1085.02,5/8/2026
5/7/2026,IRA-Roll $462K,119072621,YOU SOLD CLOSING TRANSACTION CALL (BE) BLOOM ENERGY CORP JAN 21 28 $190 (100 SHS) (Margin), -BE280121C190,CALL (BE) BLOOM ENERGY CORP JAN 21 28 $190 (100 SHS),Margin,0,,USD,152.25,-1,0,,0.34,,15224.66,5/8/2026
5/7/2026,IRA-ROTH $321K,233267024,YOU BOUGHT OPENING TRANSACTION CALL (FSLY) FASTLY INC CL A JAN 21 28 $20 (100 SHS) (Margin), -FSLY280121C20,CALL (FSLY) FASTLY INC CL A JAN 21 28 $20 (100 SHS),Margin,0,,USD,11,1,0,,0.02,,-1100.02,5/8/2026
5/7/2026,IRA-Roll $462K,119072621,YOU SOLD CLOSING TRANSACTION CALL (BE) BLOOM ENERGY CORP JAN 21 28 $190 (100 SHS) (Margin), -BE280121C190,CALL (BE) BLOOM ENERGY CORP JAN 21 28 $190 (100 SHS),Margin,0,,USD,152.94,-1,0,,0.34,,15293.66,5/8/2026
5/7/2026,IRA-ROTH $321K,233267024,YOU SOLD CLOSING TRANSACTION CALL (VRT) VERTIV HOLDINGS CO JAN 21 28 $230 (100 SHS) (Margin), -VRT280121C230,CALL (VRT) VERTIV HOLDINGS CO JAN 21 28 $230 (100 SHS),Margin,0,,USD,167.26,-3,0,,1.11,,50176.89,5/8/2026
5/7/2026,IRA-Roll $462K,119072621,YOU SOLD CLOSING TRANSACTION CALL (ORCL) ORACLE CORP JAN 21 28 $150 (100 SHS) (Margin), -ORCL280121C150,CALL (ORCL) ORACLE CORP JAN 21 28 $150 (100 SHS),Margin,0,,USD,78.7,-6,0,,1.12,,47218.88,5/8/2026
5/7/2026,IRA-ROTH $321K,233267024,YOU SOLD CLOSING TRANSACTION CALL (LRCX) LAM RESEARCH CORP JAN 21 28 $200 (100 SHS) (Margin), -LRCX280121C200,CALL (LRCX) LAM RESEARCH CORP JAN 21 28 $200 (100 SHS),Margin,0,,USD,133.94,-3,0,,0.9,,40181.1,5/8/2026
5/7/2026,IRA-Roll $462K,119072621,YOU BOUGHT OPENING TRANSACTION CALL (PWR) QUANTA SERVICES COM JAN 21 28 $580 (100 SHS) (Margin), -PWR280121C580,CALL (PWR) QUANTA SERVICES COM JAN 21 28 $580 (100 SHS),Margin,0,,USD,290,1,0,,0.02,,-29000.02,5/8/2026
5/7/2026,IRA-Roll $462K,119072621,YOU SOLD CLOSING TRANSACTION CALL (OKTA) OKTA INC CL A JAN 21 28 $55 (100 SHS) (Margin), -OKTA280121C55,CALL (OKTA) OKTA INC CL A JAN 21 28 $55 (100 SHS),Margin,0,,USD,37.98,-2,0,,0.21,,7595.79,5/8/2026
5/7/2026,IRA-ROTH $321K,233267024,YOU SOLD CLOSING TRANSACTION CALL (SNOW) SNOWFLAKE INC. JAN 21 28 $115 (100 SHS) (Margin), -SNOW280121C115,CALL (SNOW) SNOWFLAKE INC. JAN 21 28 $115 (100 SHS),Margin,0,,USD,70.42,-5,0,,0.84,,35209.16,5/8/2026
5/7/2026,IRA-Roll $462K,119072621,YOU BOUGHT OPENING TRANSACTION CALL (LULU) LULULEMON ATHLETICA JAN 21 28 $110 (100 SHS) (Margin), -LULU280121C110,CALL (LULU) LULULEMON ATHLETICA JAN 21 28 $110 (100 SHS),Margin,0,,USD,49.7,1,0,,0.02,,-4970.02,5/8/2026
5/7/2026,IRA-Roll $462K,119072621,YOU SOLD CLOSING TRANSACTION CALL (DELL) DELL TECHNOLOGIES JAN 21 28 $175 (100 SHS) (Margin), -DELL280121C175,CALL (DELL) DELL TECHNOLOGIES JAN 21 28 $175 (100 SHS),Margin,0,,USD,95.69,-4,0,,0.88,,38275.12,5/8/2026
5/7/2026,IRA-ROTH $321K,233267024,YOU SOLD CLOSING TRANSACTION CALL (PANW) PALO ALTO NETWORKS JAN 21 28 $135 (100 SHS) (Margin), -PANW280121C135,CALL (PANW) PALO ALTO NETWORKS JAN 21 28 $135 (100 SHS),Margin,0,,USD,81.75,-2,0,,0.39,,16349.61,5/8/2026
5/7/2026,IRA-Roll $462K,119072621,YOU SOLD CLOSING TRANSACTION CALL (AMD) ADVANCED MICRO JAN 21 28 $290 (100 SHS) (Margin), -AMD280121C290,CALL (AMD) ADVANCED MICRO JAN 21 28 $290 (100 SHS),Margin,0,,USD,201.73,-2,0,,0.89,,40345.11,5/8/2026
5/7/2026,IRA-ROTH $321K,233267024,YOU SOLD CLOSING TRANSACTION CALL (MDB) MONGODB INC CL A JAN 21 28 $190 (100 SHS) (Margin), -MDB280121C190,CALL (MDB) MONGODB INC CL A JAN 21 28 $190 (100 SHS),Margin,0,,USD,154.58,-2,0,,0.69,,30915.31,5/8/2026
5/7/2026,IRA-Roll $462K,119072621,YOU BOUGHT OPENING TRANSACTION CALL (AMD) ADVANCED MICRO JAN 21 28 $320 (100 SHS) (Margin), -AMD280121C320,CALL (AMD) ADVANCED MICRO JAN 21 28 $320 (100 SHS),Margin,0,,USD,186.3,2,0,,0.05,,-37260.05,5/8/2026
5/7/2026,IRA-ROTH $321K,233267024,YOU SOLD CLOSING TRANSACTION CALL (AMD) ADVANCED MICRO JAN 21 28 $290 (100 SHS) (Margin), -AMD280121C290,CALL (AMD) ADVANCED MICRO JAN 21 28 $290 (100 SHS),Margin,0,,USD,198.45,-1,0,,0.43,,19844.57,5/8/2026
5/7/2026,IRA-Roll $462K,119072621,YOU BOUGHT OPENING TRANSACTION CALL (AMD) ADVANCED MICRO JAN 21 28 $320 (100 SHS) (Margin), -AMD280121C320,CALL (AMD) ADVANCED MICRO JAN 21 28 $320 (100 SHS),Margin,0,,USD,174.73,1,0,,0.02,,-17473.02,5/8/2026
5/7/2026,IRA-ROTH $321K,233267024,YOU SOLD CLOSING TRANSACTION CALL (AMD) ADVANCED MICRO JAN 21 28 $290 (100 SHS) (Margin), -AMD280121C290,CALL (AMD) ADVANCED MICRO JAN 21 28 $290 (100 SHS),Margin,0,,USD,198.7,-1,0,,0.43,,19869.57,5/8/2026
5/7/2026,IRA-Roll $462K,119072621,YOU SOLD CLOSING TRANSACTION CALL (AMAT) APPLIED MATERIALS JAN 21 28 $300 (100 SHS) (Margin), -AMAT280121C300,CALL (AMAT) APPLIED MATERIALS JAN 21 28 $300 (100 SHS),Margin,0,,USD,176.15,-3,0,,1.16,,52843.84,5/8/2026
5/7/2026,IRA-ROTH $321K,233267024,YOU SOLD CLOSING TRANSACTION CALL (AMD) ADVANCED MICRO JAN 21 28 $290 (100 SHS) (Margin), -AMD280121C290,CALL (AMD) ADVANCED MICRO JAN 21 28 $290 (100 SHS),Margin,0,,USD,199.26,-1,0,,0.44,,19925.56,5/8/2026
5/7/2026,IRA-Roll $462K,119072621,YOU SOLD CLOSING TRANSACTION CALL (PWR) QUANTA SERVICES COM JAN 21 28 $500 (100 SHS) (Margin), -PWR280121C500,CALL (PWR) QUANTA SERVICES COM JAN 21 28 $500 (100 SHS),Margin,0,,USD,338,-1,0,,0.72,,33799.28,5/8/2026
5/7/2026,IRA-ROTH $321K,233267024,YOU BOUGHT OPENING TRANSACTION CALL (AMD) ADVANCED MICRO JAN 21 28 $310 (100 SHS) (Margin), -AMD280121C310,CALL (AMD) ADVANCED MICRO JAN 21 28 $310 (100 SHS),Margin,0,,USD,186.42,1,0,,0.02,,-18642.02,5/8/2026
5/7/2026,IRA-ROTH $321K,233267024,YOU BOUGHT OPENING TRANSACTION CALL (AMD) ADVANCED MICRO JAN 21 28 $310 (100 SHS) (Margin), -AMD280121C310,CALL (AMD) ADVANCED MICRO JAN 21 28 $310 (100 SHS),Margin,0,,USD,187.77,1,0,,0.02,,-18777.02,5/8/2026
5/7/2026,IRA-Roll $462K,119072621,YOU SOLD CLOSING TRANSACTION CALL (CRWD) CROWDSTRIKE HLDGS JAN 21 28 $350 (100 SHS) (Margin), -CRWD280121C350,CALL (CRWD) CROWDSTRIKE HLDGS JAN 21 28 $350 (100 SHS),Margin,0,,USD,218.68,-1,0,,0.48,,21867.52,5/8/2026
5/7/2026,IRA-ROTH $321K,233267024,YOU BOUGHT OPENING TRANSACTION CALL (AMD) ADVANCED MICRO JAN 21 28 $310 (100 SHS) (Margin), -AMD280121C310,CALL (AMD) ADVANCED MICRO JAN 21 28 $310 (100 SHS),Margin,0,,USD,188.23,1,0,,0.02,,-18823.02,5/8/2026
5/7/2026,IRA-Roll $462K,119072621,YOU SOLD CLOSING TRANSACTION CALL (OKTA) OKTA INC CL A JAN 21 28 $60 (100 SHS) (Margin), -OKTA280121C60,CALL (OKTA) OKTA INC CL A JAN 21 28 $60 (100 SHS),Margin,0,,USD,35.2,-1,0,,0.1,,3519.9,5/8/2026
5/7/2026,IRA-ROTH $321K,233267024,YOU SOLD CLOSING TRANSACTION CALL (QCOM) QUALCOMM INC JAN 21 28 $130 (100 SHS) (Margin), -QCOM280121C130,CALL (QCOM) QUALCOMM INC JAN 21 28 $130 (100 SHS),Margin,0,,USD,89.35,-3,0,,0.63,,26804.37,5/8/2026
5/7/2026,IRA-Roll $462K,119072621,YOU SOLD CLOSING TRANSACTION CALL (OKTA) OKTA INC CL A JAN 21 28 $60 (100 SHS) (Margin), -OKTA280121C60,CALL (OKTA) OKTA INC CL A JAN 21 28 $60 (100 SHS),Margin,0,,USD,35.2,-4,0,,0.39,,14079.61,5/8/2026
5/7/2026,IRA-ROTH $321K,233267024,YOU SOLD CLOSING TRANSACTION CALL (CVS) CVS HEALTH JAN 21 28 $60 (100 SHS) (Margin), -CVS280121C60,CALL (CVS) CVS HEALTH JAN 21 28 $60 (100 SHS),Margin,0,,USD,30.6,-7,0,,0.61,,21419.39,5/8/2026
5/7/2026,IRA-Roll $462K,119072621,YOU BOUGHT OPENING TRANSACTION CALL (LMND) LEMONADE INC COM JAN 21 28 $45 (100 SHS) (Margin), -LMND280121C45,CALL (LMND) LEMONADE INC COM JAN 21 28 $45 (100 SHS),Margin,0,,USD,25.45,2,0,,0.05,,-5090.05,5/8/2026
5/7/2026,IRA-ROTH $321K,233267024,YOU SOLD CLOSING TRANSACTION CALL (CRWV) COREWEAVE INC COM CL JAN 21 28 $85 (100 SHS) (Margin), -CRWV280121C85,CALL (CRWV) COREWEAVE INC COM CL JAN 21 28 $85 (100 SHS),Margin,0,,USD,71.81,-1,0,,0.17,,7180.83,5/8/2026
5/7/2026,IRA-Roll $462K,119072621,YOU BOUGHT OPENING TRANSACTION CALL (FSLY) FASTLY INC CL A JAN 21 28 $15 (100 SHS) (Margin), -FSLY280121C15,CALL (FSLY) FASTLY INC CL A JAN 21 28 $15 (100 SHS),Margin,0,,USD,10.44,5,0,,0.11,,-5220.11,5/8/2026
5/7/2026,IRA-ROTH $321K,233267024,YOU BOUGHT OPENING TRANSACTION CALL (NVDA) NVIDIA CORPORATION JAN 21 28 $165 (100 SHS) (Margin), -NVDA280121C165,CALL (NVDA) NVIDIA CORPORATION JAN 21 28 $165 (100 SHS),Margin,0,,USD,79.25,3,0,,0.07,,-23775.07,5/8/2026
5/7/2026,IRA-Roll $462K,119072621,YOU BOUGHT OPENING TRANSACTION CALL (FSLY) FASTLY INC CL A JAN 21 28 $15 (100 SHS) (Margin), -FSLY280121C15,CALL (FSLY) FASTLY INC CL A JAN 21 28 $15 (100 SHS),Margin,0,,USD,10.71,3,0,,0.07,,-3213.07,5/8/2026
5/7/2026,IRA-ROTH $321K,233267024,YOU BOUGHT OPENING TRANSACTION CALL (FSLY) FASTLY INC CL A JAN 21 28 $15 (100 SHS) (Margin), -FSLY280121C15,CALL (FSLY) FASTLY INC CL A JAN 21 28 $15 (100 SHS),Margin,0,,USD,10.5,5,0,,0.11,,-5250.11,5/8/2026
5/7/2026,IRA-Roll $462K,119072621,YOU BOUGHT OPENING TRANSACTION CALL (FSLY) FASTLY INC CL A JAN 21 28 $15 (100 SHS) (Margin), -FSLY280121C15,CALL (FSLY) FASTLY INC CL A JAN 21 28 $15 (100 SHS),Margin,0,,USD,10.72,2,0,,0.05,,-2144.05,5/8/2026
5/7/2026,IRA-ROTH $321K,233267024,YOU BOUGHT OPENING TRANSACTION CALL (FSLY) FASTLY INC CL A JAN 21 28 $15 (100 SHS) (Margin), -FSLY280121C15,CALL (FSLY) FASTLY INC CL A JAN 21 28 $15 (100 SHS),Margin,0,,USD,10.55,5,0,,0.11,,-5275.11,5/8/2026
5/7/2026,IRA-Roll $462K,119072621,YOU BOUGHT OPENING TRANSACTION CALL (AVGO) BROADCOM INC COM JAN 21 28 $310 (100 SHS) (Margin), -AVGO280121C310,CALL (AVGO) BROADCOM INC COM JAN 21 28 $310 (100 SHS),Margin,0,,USD,163.05,1,0,,0.02,,-16305.02,5/8/2026
5/7/2026,IRA-ROTH $321K,233267024,YOU BOUGHT OPENING TRANSACTION CALL (FSLY) FASTLY INC CL A JAN 21 28 $15 (100 SHS) (Margin), -FSLY280121C15,CALL (FSLY) FASTLY INC CL A JAN 21 28 $15 (100 SHS),Margin,0,,USD,10.7,2,0,,0.05,,-2140.05,5/8/2026
5/7/2026,IRA-Roll $462K,119072621,YOU SOLD CLOSING TRANSACTION CALL (ARM) ARM HOLDINGS PLC JAN 21 28 $170 (100 SHS) (Margin), -ARM280121C170,CALL (ARM) ARM HOLDINGS PLC JAN 21 28 $170 (100 SHS),Margin,0,,USD,94,-3,0,,0.66,,28199.34,5/8/2026
5/7/2026,IRA-ROTH $321K,233267024,YOU BOUGHT OPENING TRANSACTION CALL (FSLY) FASTLY INC CL A JAN 21 28 $15 (100 SHS) (Margin), -FSLY280121C15,CALL (FSLY) FASTLY INC CL A JAN 21 28 $15 (100 SHS),Margin,0,,USD,10.77,2,0,,0.05,,-2154.05,5/8/2026
5/7/2026,IRA-Roll $462K,119072621,YOU BOUGHT OPENING TRANSACTION CALL (ARM) ARM HOLDINGS PLC JAN 21 28 $160 (100 SHS) (Margin), -ARM280121C160,CALL (ARM) ARM HOLDINGS PLC JAN 21 28 $160 (100 SHS),Margin,0,,USD,97.51,1,0,,0.02,,-9751.02,5/8/2026
5/7/2026,IRA-ROTH $321K,233267024,YOU BOUGHT OPENING TRANSACTION CALL (FSLY) FASTLY INC CL A JAN 21 28 $15 (100 SHS) (Margin), -FSLY280121C15,CALL (FSLY) FASTLY INC CL A JAN 21 28 $15 (100 SHS),Margin,0,,USD,10.79,2,0,,0.05,,-2158.05,5/8/2026
5/7/2026,IRA-Roll $462K,119072621,YOU BOUGHT OPENING TRANSACTION CALL (ARM) ARM HOLDINGS PLC JAN 21 28 $160 (100 SHS) (Margin), -ARM280121C160,CALL (ARM) ARM HOLDINGS PLC JAN 21 28 $160 (100 SHS),Margin,0,,USD,97.7,1,0,,0.02,,-9770.02,5/8/2026
5/7/2026,IRA-ROTH $321K,233267024,YOU SOLD CLOSING TRANSACTION CALL (DELL) DELL TECHNOLOGIES JAN 21 28 $155 (100 SHS) (Margin), -DELL280121C155,CALL (DELL) DELL TECHNOLOGIES JAN 21 28 $155 (100 SHS),Margin,0,,USD,105.75,-1,0,,0.24,,10574.76,5/8/2026
5/7/2026,IRA-Roll $462K,119072621,YOU BOUGHT OPENING TRANSACTION CALL (ARM) ARM HOLDINGS PLC JAN 21 28 $160 (100 SHS) (Margin), -ARM280121C160,CALL (ARM) ARM HOLDINGS PLC JAN 21 28 $160 (100 SHS),Margin,0,,USD,98.3,1,0,,0.02,,-9830.02,5/8/2026
5/7/2026,IRA-ROTH $321K,233267024,YOU SOLD CLOSING TRANSACTION CALL (DELL) DELL TECHNOLOGIES JAN 21 28 $155 (100 SHS) (Margin), -DELL280121C155,CALL (DELL) DELL TECHNOLOGIES JAN 21 28 $155 (100 SHS),Margin,0,,USD,105.75,-1,0,,0.24,,10574.76,5/8/2026
5/7/2026,IRA-Roll $462K,119072621,YOU BOUGHT OPENING TRANSACTION CALL (ANET) ARISTA NETWORKS INC JAN 21 28 $115 (100 SHS) (Margin), -ANET280121C115,CALL (ANET) ARISTA NETWORKS INC JAN 21 28 $115 (100 SHS),Margin,0,,USD,54.42,1,0,,0.02,,-5442.02,5/8/2026
5/7/2026,IRA-ROTH $321K,233267024,YOU SOLD CLOSING TRANSACTION CALL (ARM) ARM HOLDINGS PLC JAN 21 28 $170 (100 SHS) (Margin), -ARM280121C170,CALL (ARM) ARM HOLDINGS PLC JAN 21 28 $170 (100 SHS),Margin,0,,USD,94.27,-4,0,,0.87,,37707.13,5/8/2026
5/7/2026,IRA-ROTH $321K,233267024,YOU BOUGHT OPENING TRANSACTION CALL (ARM) ARM HOLDINGS PLC JAN 21 28 $160 (100 SHS) (Margin), -ARM280121C160,CALL (ARM) ARM HOLDINGS PLC JAN 21 28 $160 (100 SHS),Margin,0,,USD,97.68,1,0,,0.02,,-9768.02,5/8/2026
5/7/2026,IRA-ROTH $321K,233267024,YOU BOUGHT OPENING TRANSACTION CALL (ARM) ARM HOLDINGS PLC JAN 21 28 $160 (100 SHS) (Margin), -ARM280121C160,CALL (ARM) ARM HOLDINGS PLC JAN 21 28 $160 (100 SHS),Margin,0,,USD,97.7,1,0,,0.02,,-9770.02,5/8/2026
5/7/2026,IRA-Roll $462K,119072621,YOU BOUGHT OPENING TRANSACTION CALL (ANET) ARISTA NETWORKS INC JAN 21 28 $115 (100 SHS) (Margin), -ANET280121C115,CALL (ANET) ARISTA NETWORKS INC JAN 21 28 $115 (100 SHS),Margin,0,,USD,56.75,1,0,,0.02,,-5675.02,5/8/2026
5/7/2026,IRA-ROTH $321K,233267024,YOU BOUGHT OPENING TRANSACTION CALL (ARM) ARM HOLDINGS PLC JAN 21 28 $160 (100 SHS) (Margin), -ARM280121C160,CALL (ARM) ARM HOLDINGS PLC JAN 21 28 $160 (100 SHS),Margin,0,,USD,98.05,1,0,,0.02,,-9805.02,5/8/2026
5/7/2026,IRA-ROTH $321K,233267024,YOU SOLD CLOSING TRANSACTION CALL (ARM) ARM HOLDINGS PLC JAN 21 28 $150 (100 SHS) (Margin), -ARM280121C150,CALL (ARM) ARM HOLDINGS PLC JAN 21 28 $150 (100 SHS),Margin,0,,USD,102.8,-1,0,,0.24,,10279.76,5/8/2026
5/7/2026,IRA-Roll $462K,119072621,YOU SOLD SANDISK CORP COM (SNDK) (Margin),SNDK,SANDISK CORP COM,Margin,0,,USD,1346,-5,0,,0.14,,6729.86,5/8/2026
5/7/2026,IRA-Roll $462K,119072621,YOU SOLD IMPINJ INC COM (PI) (Margin),PI,IMPINJ INC COM,Margin,0,,USD,153.36,-100,0,,0.32,,15335.68,5/8/2026
5/7/2026,DI Ind. $83.5K,X69705290,YOU SOLD CLOSING TRANSACTION CALL (VRT) VERTIV HOLDINGS CO JAN 21 28 $230 (100 SHS) (Margin), -VRT280121C230,CALL (VRT) VERTIV HOLDINGS CO JAN 21 28 $230 (100 SHS),Margin,0,,USD,165.85,-2,0,1.3,0.74,,33167.96,5/8/2026
5/7/2026,DI Ind. $83.5K,X69705290,YOU BOUGHT OPENING TRANSACTION CALL (FSLY) FASTLY INC CL A JAN 21 28 $15 (100 SHS) (Margin), -FSLY280121C15,CALL (FSLY) FASTLY INC CL A JAN 21 28 $15 (100 SHS),Margin,0,,USD,10.68,4,0,2.6,0.09,,-4274.69,5/8/2026
5/7/2026,IRA-ROTH $321K,233267024,YOU SOLD CLOSING TRANSACTION CALL (SHOP) SHOPIFY INC COM NPV MAY 15 26 $105 (100 SHS) (Margin), -SHOP260515C105,CALL (SHOP) SHOPIFY INC COM NPV MAY 15 26 $105 (100 SHS),Margin,0,,USD,5.84,-8,0,,0.28,,4671.72,5/8/2026
5/7/2026,Trust PHT $988K,Z40402241,YOU BOUGHT UBIQUITI INC COM (UI) (Margin),UI,UBIQUITI INC COM,Margin,0,,USD,935,10,0,,,,-9350,5/8/2026
5/7/2026,DI Ind. $83.5K,X69705290,YOU BOUGHT OPENING TRANSACTION CALL (FSLY) FASTLY INC CL A JAN 21 28 $15 (100 SHS) (Margin), -FSLY280121C15,CALL (FSLY) FASTLY INC CL A JAN 21 28 $15 (100 SHS),Margin,0,,USD,10.79,3,0,1.95,0.07,,-3239.02,5/8/2026
5/7/2026,IRA-Roll $462K,119072621,YOU SOLD ARISTA NETWORKS INC COM SHS (ANET) (Margin),ANET,ARISTA NETWORKS INC COM SHS,Margin,0,,USD,140.78,-50,0,,0.15,,7038.85,5/8/2026
5/7/2026,Trust PHT $988K,Z40402241,YOU SOLD CLOSING TRANSACTION CALL (WDAY) WORKDAY INC COM JAN 21 28 $90 (100 SHS) (Margin), -WDAY280121C90,CALL (WDAY) WORKDAY INC COM JAN 21 28 $90 (100 SHS),Margin,0,,USD,62.62,-1,0,,0.15,,6261.85,5/8/2026
5/7/2026,DI Ind. $83.5K,X69705290,YOU BOUGHT OPENING TRANSACTION CALL (FSLY) FASTLY INC CL A JAN 21 28 $15 (100 SHS) (Margin), -FSLY280121C15,CALL (FSLY) FASTLY INC CL A JAN 21 28 $15 (100 SHS),Margin,0,,USD,10.75,1,0,0.65,0.02,,-1075.67,5/8/2026
5/7/2026,Trust PHT $988K,Z40402241,YOU BOUGHT SANDISK CORP COM (SNDK) (Margin),SNDK,SANDISK CORP COM,Margin,0,,USD,1308.8,10,0,,,,-13088,5/8/2026
5/8/2026,IRA-Roll $462K,119072621,YOU BOUGHT OPENING TRANSACTION CALL (TTD) THE TRADE DESK INC JAN 21 28 $15 (100 SHS) (Margin), -TTD280121C15,CALL (TTD) THE TRADE DESK INC JAN 21 28 $15 (100 SHS),Margin,0,,USD,10.98,1,0,0.65,0.02,,-1098.67,5/11/2026
5/8/2026,IRA-Roll $462K,119072621,YOU BOUGHT OPENING TRANSACTION CALL (TTD) THE TRADE DESK INC JAN 21 28 $15 (100 SHS) (Margin), -TTD280121C15,CALL (TTD) THE TRADE DESK INC JAN 21 28 $15 (100 SHS),Margin,0,,USD,11,1,0,0.65,0.02,,-1100.67,5/11/2026
5/8/2026,IRA-Roll $462K,119072621,YOU BOUGHT OPENING TRANSACTION CALL (FIG) FIGMA INC CLASS A JAN 21 28 $17.5 (100 SHS) (Margin), -FIG280121C17.5,CALL (FIG) FIGMA INC CLASS A JAN 21 28 $17.5 (100 SHS),Margin,0,,USD,10.72,5,0,3.25,0.11,,-5363.36,5/11/2026
5/8/2026,IRA-ROTH $321K,233267024,YOU BOUGHT OPENING TRANSACTION CALL (TTD) THE TRADE DESK INC JAN 21 28 $17.5 (100 SHS) (Margin), -TTD280121C17.5,CALL (TTD) THE TRADE DESK INC JAN 21 28 $17.5 (100 SHS),Margin,0,,USD,10.45,5,0,3.25,0.11,,-5228.36,5/11/2026
5/8/2026,IRA-Roll $462K,119072621,YOU BOUGHT OPENING TRANSACTION CALL (BE) BLOOM ENERGY CORP JAN 21 28 $220 (100 SHS) (Margin), -BE280121C220,CALL (BE) BLOOM ENERGY CORP JAN 21 28 $220 (100 SHS),Margin,0,,USD,141.25,1,0,0.65,0.02,,-14125.67,5/11/2026
5/8/2026,IRA-ROTH $321K,233267024,YOU BOUGHT OPENING TRANSACTION CALL (NOW) SERVICENOW INC COM JAN 21 28 $70 (100 SHS) (Margin), -NOW280121C70,CALL (NOW) SERVICENOW INC COM JAN 21 28 $70 (100 SHS),Margin,0,,USD,38.32,1,0,0.65,0.02,,-3832.67,5/11/2026
5/8/2026,IRA-ROTH $321K,233267024,YOU BOUGHT OPENING TRANSACTION CALL (SNOW) SNOWFLAKE INC. JAN 21 28 $110 (100 SHS) (Margin), -SNOW280121C110,CALL (SNOW) SNOWFLAKE INC. JAN 21 28 $110 (100 SHS),Margin,0,,USD,66.05,1,0,0.65,0.02,,-6605.67,5/11/2026
5/8/2026,IRA-Roll $462K,119072621,YOU BOUGHT OPENING TRANSACTION CALL (NET) CLOUDFLARE INC CL A JAN 21 28 $160 (100 SHS) (Margin), -NET280121C160,CALL (NET) CLOUDFLARE INC CL A JAN 21 28 $160 (100 SHS),Margin,0,,USD,94.5,1,0,0.65,0.02,,-9450.67,5/11/2026
5/8/2026,IRA-Roll $462K,119072621,YOU BOUGHT OPENING TRANSACTION CALL (NET) CLOUDFLARE INC CL A JAN 21 28 $160 (100 SHS) (Margin), -NET280121C160,CALL (NET) CLOUDFLARE INC CL A JAN 21 28 $160 (100 SHS),Margin,0,,USD,104.15,1,0,0.65,0.02,,-10415.67,5/11/2026
5/8/2026,IRA-Roll $462K,119072621,YOU SOLD CLOSING TRANSACTION CALL (DPZ) DOMINO S PIZZA INC JAN 21 28 $260 (100 SHS) (Margin), -DPZ280121C260,CALL (DPZ) DOMINO S PIZZA INC JAN 21 28 $260 (100 SHS),Margin,0,,USD,96.09,-1,0,0.65,0.22,,9608.13,5/11/2026
5/8/2026,IRA-ROTH $321K,233267024,YOU BOUGHT OPENING TRANSACTION CALL (PANW) PALO ALTO NETWORKS JAN 21 28 $150 (100 SHS) (Margin), -PANW280121C150,CALL (PANW) PALO ALTO NETWORKS JAN 21 28 $150 (100 SHS),Margin,0,,USD,78.85,1,0,0.65,0.02,,-7885.67,5/11/2026
5/8/2026,IRA-ROTH $321K,233267024,YOU BOUGHT OPENING TRANSACTION CALL (NET) CLOUDFLARE INC CL A JAN 21 28 $150 (100 SHS) (Margin), -NET280121C150,CALL (NET) CLOUDFLARE INC CL A JAN 21 28 $150 (100 SHS),Margin,0,,USD,85.48,1,0,0.65,0.02,,-8548.67,5/11/2026
5/8/2026,IRA-ROTH $321K,233267024,YOU BOUGHT OPENING TRANSACTION CALL (NET) CLOUDFLARE INC CL A JAN 21 28 $150 (100 SHS) (Margin), -NET280121C150,CALL (NET) CLOUDFLARE INC CL A JAN 21 28 $150 (100 SHS),Margin,0,,USD,87.5,1,0,0.65,0.02,,-8750.67,5/11/2026
5/8/2026,IRA-Roll $462K,119072621,YOU BOUGHT OPENING TRANSACTION CALL (MDB) MONGODB INC CL A MAY 15 26 $280 (100 SHS) (Margin), -MDB260515C280,CALL (MDB) MONGODB INC CL A MAY 15 26 $280 (100 SHS),Margin,0,,USD,22,2,0,1.3,0.05,,-4401.35,5/11/2026
5/8/2026,IRA-Roll $462K,119072621,YOU BOUGHT OPENING TRANSACTION CALL (MDB) MONGODB INC CL A MAY 15 26 $280 (100 SHS) (Margin), -MDB260515C280,CALL (MDB) MONGODB INC CL A MAY 15 26 $280 (100 SHS),Margin,0,,USD,22,1,0,0.65,0.02,,-2200.67,5/11/2026
5/8/2026,IRA-ROTH $321K,233267024,YOU BOUGHT OPENING TRANSACTION CALL (DELL) DELL TECHNOLOGIES JAN 21 28 $190 (100 SHS) (Margin), -DELL280121C190,CALL (DELL) DELL TECHNOLOGIES JAN 21 28 $190 (100 SHS),Margin,0,,USD,100.2,1,0,0.65,0.02,,-10020.67,5/11/2026
5/8/2026,IRA-Roll $462K,119072621,YOU BOUGHT OPENING TRANSACTION CALL (MDB) MONGODB INC CL A MAY 15 26 $280 (100 SHS) (Margin), -MDB260515C280,CALL (MDB) MONGODB INC CL A MAY 15 26 $280 (100 SHS),Margin,0,,USD,22,1,0,0.65,0.02,,-2200.67,5/11/2026
5/8/2026,IRA-Roll $462K,119072621,YOU BOUGHT OPENING TRANSACTION CALL (MDB) MONGODB INC CL A MAY 15 26 $280 (100 SHS) (Margin), -MDB260515C280,CALL (MDB) MONGODB INC CL A MAY 15 26 $280 (100 SHS),Margin,0,,USD,22,1,0,0.65,0.02,,-2200.67,5/11/2026
5/8/2026,IRA-Roll $462K,119072621,YOU BOUGHT OPENING TRANSACTION CALL (CVE) CENOVUS ENERGY INC JAN 21 28 $22 (100 SHS) (Margin), -CVE280121C22,CALL (CVE) CENOVUS ENERGY INC JAN 21 28 $22 (100 SHS),Margin,0,,USD,9.76,1,0,0.65,0.02,,-976.67,5/11/2026
5/8/2026,IRA-Roll $462K,119072621,YOU BOUGHT OPENING TRANSACTION CALL (CRWV) COREWEAVE INC COM CL JAN 21 28 $90 (100 SHS) (Margin), -CRWV280121C90,CALL (CRWV) COREWEAVE INC COM CL JAN 21 28 $90 (100 SHS),Margin,0,,USD,54.94,1,0,0.65,0.02,,-5494.67,5/11/2026
5/8/2026,IRA-Roll $462K,119072621,YOU BOUGHT OPENING TRANSACTION CALL (CRWV) COREWEAVE INC COM CL JAN 21 28 $90 (100 SHS) (Margin), -CRWV280121C90,CALL (CRWV) COREWEAVE INC COM CL JAN 21 28 $90 (100 SHS),Margin,0,,USD,56.6,1,0,0.65,0.02,,-5660.67,5/11/2026
5/8/2026,IRA-Roll $462K,119072621,YOU BOUGHT OPENING TRANSACTION CALL (CRWV) COREWEAVE INC COM CL JAN 21 28 $90 (100 SHS) (Margin), -CRWV280121C90,CALL (CRWV) COREWEAVE INC COM CL JAN 21 28 $90 (100 SHS),Margin,0,,USD,56.68,1,0,0.65,0.02,,-5668.67,5/11/2026
5/8/2026,IRA-Roll $462K,119072621,YOU BOUGHT OPENING TRANSACTION CALL (CRWV) COREWEAVE INC COM CL JAN 21 28 $90 (100 SHS) (Margin), -CRWV280121C90,CALL (CRWV) COREWEAVE INC COM CL JAN 21 28 $90 (100 SHS),Margin,0,,USD,63.25,1,0,0.65,0.02,,-6325.67,5/11/2026
5/8/2026,IRA-Roll $462K,119072621,YOU BOUGHT OPENING TRANSACTION CALL (CAH) CARDINAL HEALTH INC JAN 21 28 $160 (100 SHS) (Margin), -CAH280121C160,CALL (CAH) CARDINAL HEALTH INC JAN 21 28 $160 (100 SHS),Margin,0,,USD,51.5,1,0,0.65,0.02,,-5150.67,5/11/2026
5/8/2026,IRA-ROTH $321K,233267024,YOU BOUGHT OPENING TRANSACTION CALL (DDOG) DATADOG INC CL A COM JAN 21 28 $150 (100 SHS) (Margin), -DDOG280121C150,CALL (DDOG) DATADOG INC CL A COM JAN 21 28 $150 (100 SHS),Margin,0,,USD,83,1,0,0.65,0.02,,-8300.67,5/11/2026
5/8/2026,Trust PHT $988K,Z40402241,YOU BOUGHT UBIQUITI INC COM (UI) (Margin),UI,UBIQUITI INC COM,Margin,0,,USD,806,10,0,,,,-8060,5/11/2026
5/8/2026,Trust PHT $988K,Z40402241,YOU BOUGHT UBIQUITI INC COM (UI) (Margin),UI,UBIQUITI INC COM,Margin,0,,USD,850,10,0,,,,-8500,5/11/2026
5/8/2026,Trust PHT $988K,Z40402241,YOU BOUGHT UBIQUITI INC COM (UI) (Margin),UI,UBIQUITI INC COM,Margin,0,,USD,854,10,0,,,,-8540,5/11/2026
5/8/2026,DI Ind. $83.5K,X69705290,YOU SOLD CLOSING TRANSACTION CALL (DPZ) DOMINO S PIZZA INC JAN 21 28 $260 (100 SHS) (Margin), -DPZ280121C260,CALL (DPZ) DOMINO S PIZZA INC JAN 21 28 $260 (100 SHS),Margin,0,,USD,95.28,-1,0,0.65,0.22,,9527.13,5/11/2026
5/8/2026,IRA-ROTH $321K,233267024,YOU BOUGHT OPENING TRANSACTION CALL (ANET) ARISTA NETWORKS INC JAN 21 28 $115 (100 SHS) (Margin), -ANET280121C115,CALL (ANET) ARISTA NETWORKS INC JAN 21 28 $115 (100 SHS),Margin,0,,USD,54,1,0,0.65,0.02,,-5400.67,5/11/2026
5/8/2026,Phil and Di,X65959334,BILL PAYMENT BLOOMINGDALE'S (Cash), ,No Description,Cash,0,,USD,,0,0,,,,-333.06,
5/11/2026,IRA-Roll $462K,119072621,YOU BOUGHT OPENING TRANSACTION CALL (TTD) THE TRADE DESK INC JAN 21 28 $15 (100 SHS) (Margin), -TTD280121C15,CALL (TTD) THE TRADE DESK INC JAN 21 28 $15 (100 SHS),Margin,0,,USD,11.1,5,0,3.25,0.11,,-5553.36,5/12/2026
5/11/2026,IRA-Roll $462K,119072621,YOU BOUGHT OPENING TRANSACTION CALL (BE) BLOOM ENERGY CORP JAN 21 28 $250 (100 SHS) (Margin), -BE280121C250,CALL (BE) BLOOM ENERGY CORP JAN 21 28 $250 (100 SHS),Margin,0,,USD,159.53,1,0,0.65,0.02,,-15953.67,5/12/2026
5/11/2026,IRA-Roll $462K,119072621,YOU SOLD CLOSING TRANSACTION CALL (PWR) QUANTA SERVICES COM JAN 21 28 $580 (100 SHS) (Margin), -PWR280121C580,CALL (PWR) QUANTA SERVICES COM JAN 21 28 $580 (100 SHS),Margin,0,,USD,311.25,-1,0,0.65,0.67,,31123.68,5/12/2026
5/11/2026,IRA-Roll $462K,119072621,YOU SOLD CLOSING TRANSACTION CALL (MDB) MONGODB INC CL A MAY 15 26 $280 (100 SHS) (Margin), -MDB260515C280,CALL (MDB) MONGODB INC CL A MAY 15 26 $280 (100 SHS),Margin,0,,USD,18.08,-5,0,3.25,0.3,,9036.45,5/12/2026
5/11/2026,IRA-Roll $462K,119072621,YOU BOUGHT OPENING TRANSACTION CALL (QCOM) QUALCOMM INC JAN 21 28 $175 (100 SHS) (Margin), -QCOM280121C175,CALL (QCOM) QUALCOMM INC JAN 21 28 $175 (100 SHS),Margin,0,,USD,92,1,0,0.65,0.02,,-9200.67,5/12/2026
5/11/2026,IRA-Roll $462K,119072621,YOU SOLD CLOSING TRANSACTION CALL (CVE) CENOVUS ENERGY INC JAN 21 28 $22 (100 SHS) (Margin), -CVE280121C22,CALL (CVE) CENOVUS ENERGY INC JAN 21 28 $22 (100 SHS),Margin,0,,USD,10.1,-27,0,17.55,1.19,,27251.26,5/12/2026
5/11/2026,IRA-ROTH $321K,233267024,YOU BOUGHT OPENING TRANSACTION CALL (SNOW) SNOWFLAKE INC. JAN 21 28 $120 (100 SHS) (Margin), -SNOW280121C120,CALL (SNOW) SNOWFLAKE INC. JAN 21 28 $120 (100 SHS),Margin,0,,USD,65,1,0,0.65,0.02,,-6500.67,5/12/2026
5/11/2026,IRA-Roll $462K,119072621,YOU BOUGHT OPENING TRANSACTION CALL (CEG) CONSTELLATION ENERGY JAN 21 28 $230 (100 SHS) (Margin), -CEG280121C230,CALL (CEG) CONSTELLATION ENERGY JAN 21 28 $230 (100 SHS),Margin,0,,USD,111.79,1,0,0.65,0.02,,-11179.67,5/12/2026
5/11/2026,IRA-Roll $462K,119072621,YOU SOLD CLOSING TRANSACTION CALL (LMND) LEMONADE INC COM JAN 21 28 $45 (100 SHS) (Margin), -LMND280121C45,CALL (LMND) LEMONADE INC COM JAN 21 28 $45 (100 SHS),Margin,0,,USD,26.32,-1,0,0.65,0.08,,2631.27,5/12/2026
5/11/2026,Trust PHT $988K,Z40402241,YOU BOUGHT UBIQUITI INC COM (UI) (Margin),UI,UBIQUITI INC COM,Margin,0,,USD,761.78,12,0,,,,-9141.36,5/12/2026
5/11/2026,IRA-ROTH $321K,233267024,YOU BOUGHT OPENING TRANSACTION CALL (DELL) DELL TECHNOLOGIES JAN 21 28 $185 (100 SHS) (Margin), -DELL280121C185,CALL (DELL) DELL TECHNOLOGIES JAN 21 28 $185 (100 SHS),Margin,0,,USD,104.75,1,0,0.65,0.02,,-10475.67,5/12/2026
5/11/2026,IRA-Roll $462K,119072621,YOU SOLD CLOSING TRANSACTION CALL (LMND) LEMONADE INC COM JAN 21 28 $45 (100 SHS) (Margin), -LMND280121C45,CALL (LMND) LEMONADE INC COM JAN 21 28 $45 (100 SHS),Margin,0,,USD,26.33,-2,0,1.3,0.16,,5264.54,5/12/2026
5/11/2026,IRA-ROTH $321K,233267024,YOU BOUGHT OPENING TRANSACTION CALL (MDB) MONGODB INC CL A JAN 21 28 $220 (100 SHS) (Margin), -MDB280121C220,CALL (MDB) MONGODB INC CL A JAN 21 28 $220 (100 SHS),Margin,0,,USD,140.95,1,0,0.65,0.02,,-14095.67,5/12/2026
5/11/2026,IRA-Roll $462K,119072621,YOU SOLD CLOSING TRANSACTION CALL (LMND) LEMONADE INC COM JAN 21 28 $45 (100 SHS) (Margin), -LMND280121C45,CALL (LMND) LEMONADE INC COM JAN 21 28 $45 (100 SHS),Margin,0,,USD,26.34,-8,0,5.2,0.62,,21066.18,5/12/2026
5/11/2026,IRA-Roll $462K,119072621,YOU BOUGHT OPENING TRANSACTION CALL (ANET) ARISTA NETWORKS INC JAN 21 28 $105 (100 SHS) (Margin), -ANET280121C105,CALL (ANET) ARISTA NETWORKS INC JAN 21 28 $105 (100 SHS),Margin,0,,USD,55.75,1,0,0.65,0.02,,-5575.67,5/12/2026
5/11/2026,Phil and Lynn,X82843893,DEBIT CARD PURCHASE MADISON SQUARE GARDEN 212-465-6600 NY 050726 AUTHID:112625 (Cash),,No Description,Cash,0,,USD,,0,0,,,,-146,
5/12/2026,IRA-Roll $462K,119072621,YOU BOUGHT OPENING TRANSACTION CALL (INTC) INTEL CORP COM JAN 21 28 $87.5 (100 SHS) (Margin), -INTC280121C87.5,CALL (INTC) INTEL CORP COM JAN 21 28 $87.5 (100 SHS),Margin,0,,USD,57.08,1,0,0.65,0.02,,-5708.67,5/13/2026
5/12/2026,IRA-Roll $462K,119072621,"YOU BOUGHT OPENING TRANSACTION CALL (P) EVERPURE, INC. JAN 21 28 $65 (100 SHS) (Margin)", -P280121C65,"CALL (P) EVERPURE, INC. JAN 21 28 $65 (100 SHS)",Margin,0,,USD,35.1,1,0,0.65,0.02,,-3510.67,5/13/2026
5/12/2026,IRA-Roll $462K,119072621,YOU BOUGHT OPENING TRANSACTION CALL (WDC) WESTERN DIGITAL JAN 21 28 $380 (100 SHS) (Margin), -WDC280121C380,CALL (WDC) WESTERN DIGITAL JAN 21 28 $380 (100 SHS),Margin,0,,USD,233.5,1,0,0.65,0.02,,-23350.67,5/13/2026
5/12/2026,IRA-Roll $462K,119072621,YOU BOUGHT OPENING TRANSACTION CALL (GLW) CORNING INC JAN 21 28 $145 (100 SHS) (Margin), -GLW280121C145,CALL (GLW) CORNING INC JAN 21 28 $145 (100 SHS),Margin,0,,USD,88.5,1,0,0.65,0.02,,-8850.67,5/13/2026
5/12/2026,IRA-Roll $462K,119072621,YOU BOUGHT OPENING TRANSACTION CALL (EWY) ISHARES MSCI SOUTH JAN 21 28 $125 (100 SHS) (Margin), -EWY280121C125,CALL (EWY) ISHARES MSCI SOUTH JAN 21 28 $125 (100 SHS),Margin,0,,USD,71.05,1,0,0.65,0.02,,-7105.67,5/13/2026
5/12/2026,IRA-Roll $462K,119072621,YOU BOUGHT OPENING TRANSACTION CALL (EWY) ISHARES MSCI SOUTH JAN 21 28 $125 (100 SHS) (Margin), -EWY280121C125,CALL (EWY) ISHARES MSCI SOUTH JAN 21 28 $125 (100 SHS),Margin,0,,USD,73.8,1,0,0.65,0.02,,-7380.67,5/13/2026
5/12/2026,IRA-Roll $462K,119072621,YOU BOUGHT OPENING TRANSACTION CALL (AMD) ADVANCED MICRO JAN 21 28 $330 (100 SHS) (Margin), -AMD280121C330,CALL (AMD) ADVANCED MICRO JAN 21 28 $330 (100 SHS),Margin,0,,USD,197.33,1,0,0.65,0.02,,-19733.67,5/13/2026
5/12/2026,IRA-Roll $462K,119072621,YOU BOUGHT OPENING TRANSACTION CALL (MRVL) MARVELL TECHNOLOGY JAN 21 28 $125 (100 SHS) (Margin), -MRVL280121C125,CALL (MRVL) MARVELL TECHNOLOGY JAN 21 28 $125 (100 SHS),Margin,0,,USD,71.95,1,0,0.65,0.02,,-7195.67,5/13/2026
5/12/2026,IRA-Roll $462K,119072621,YOU BOUGHT OPENING TRANSACTION CALL (PWR) QUANTA SERVICES COM JAN 21 28 $580 (100 SHS) (Margin), -PWR280121C580,CALL (PWR) QUANTA SERVICES COM JAN 21 28 $580 (100 SHS),Margin,0,,USD,297.5,1,0,0.65,0.02,,-29750.67,5/13/2026
5/12/2026,IRA-Roll $462K,119072621,YOU BOUGHT OPENING TRANSACTION CALL (LULU) LULULEMON ATHLETICA JAN 21 28 $95 (100 SHS) (Margin), -LULU280121C95,CALL (LULU) LULULEMON ATHLETICA JAN 21 28 $95 (100 SHS),Margin,0,,USD,51.03,1,0,0.65,0.02,,-5103.67,5/13/2026
5/12/2026,IRA-Roll $462K,119072621,YOU BOUGHT OPENING TRANSACTION CALL (LULU) LULULEMON ATHLETICA JAN 21 28 $95 (100 SHS) (Margin), -LULU280121C95,CALL (LULU) LULULEMON ATHLETICA JAN 21 28 $95 (100 SHS),Margin,0,,USD,51.23,1,0,0.65,0.02,,-5123.67,5/13/2026
5/12/2026,IRA-Roll $462K,119072621,YOU BOUGHT OPENING TRANSACTION CALL (DELL) DELL TECHNOLOGIES JAN 21 28 $175 (100 SHS) (Margin), -DELL280121C175,CALL (DELL) DELL TECHNOLOGIES JAN 21 28 $175 (100 SHS),Margin,0,,USD,98.58,1,0,0.65,0.02,,-9858.67,5/13/2026
5/12/2026,IRA-Roll $462K,119072621,YOU BOUGHT OPENING TRANSACTION CALL (QCOM) QUALCOMM INC JAN 21 28 $150 (100 SHS) (Margin), -QCOM280121C150,CALL (QCOM) QUALCOMM INC JAN 21 28 $150 (100 SHS),Margin,0,,USD,78.65,1,0,0.65,0.02,,-7865.67,5/13/2026
5/12/2026,IRA-Roll $462K,119072621,YOU BOUGHT OPENING TRANSACTION CALL (QCOM) QUALCOMM INC JAN 21 28 $160 (100 SHS) (Margin), -QCOM280121C160,CALL (QCOM) QUALCOMM INC JAN 21 28 $160 (100 SHS),Margin,0,,USD,76.55,1,0,0.65,0.02,,-7655.67,5/13/2026
5/12/2026,IRA-Roll $462K,119072621,YOU BOUGHT OPENING TRANSACTION CALL (QCOM) QUALCOMM INC JAN 21 28 $160 (100 SHS) (Margin), -QCOM280121C160,CALL (QCOM) QUALCOMM INC JAN 21 28 $160 (100 SHS),Margin,0,,USD,80.26,1,0,0.65,0.02,,-8026.67,5/13/2026
5/12/2026,IRA-Roll $462K,119072621,YOU BOUGHT OPENING TRANSACTION CALL (QCOM) QUALCOMM INC JAN 21 28 $165 (100 SHS) (Margin), -QCOM280121C165,CALL (QCOM) QUALCOMM INC JAN 21 28 $165 (100 SHS),Margin,0,,USD,81.08,1,0,0.65,0.02,,-8108.67,5/13/2026
5/12/2026,IRA-Roll $462K,119072621,YOU BOUGHT OPENING TRANSACTION CALL (CRWV) COREWEAVE INC COM CL JAN 21 28 $85 (100 SHS) (Margin), -CRWV280121C85,CALL (CRWV) COREWEAVE INC COM CL JAN 21 28 $85 (100 SHS),Margin,0,,USD,51.63,1,0,0.65,0.02,,-5163.67,5/13/2026
5/12/2026,IRA-ROTH $321K,233267024,YOU BOUGHT OPENING TRANSACTION CALL (INTC) INTEL CORP COM JAN 21 28 $90 (100 SHS) (Margin), -INTC280121C90,CALL (INTC) INTEL CORP COM JAN 21 28 $90 (100 SHS),Margin,0,,USD,56.78,1,0,0.65,0.02,,-5678.67,5/13/2026
5/12/2026,IRA-ROTH $321K,233267024,YOU BOUGHT OPENING TRANSACTION CALL (INTC) INTEL CORP COM JAN 21 28 $90 (100 SHS) (Margin), -INTC280121C90,CALL (INTC) INTEL CORP COM JAN 21 28 $90 (100 SHS),Margin,0,,USD,57.2,1,0,0.65,0.02,,-5720.67,5/13/2026
5/12/2026,IRA-ROTH $321K,233267024,YOU BOUGHT OPENING TRANSACTION CALL (STX) SEAGATE TECHNOLOGY JAN 21 28 $600 (100 SHS) (Margin), -STX280121C600,CALL (STX) SEAGATE TECHNOLOGY JAN 21 28 $600 (100 SHS),Margin,0,,USD,377,1,0,0.65,0.02,,-37700.67,5/13/2026
5/12/2026,IRA-ROTH $321K,233267024,YOU BOUGHT OPENING TRANSACTION CALL (MU) MICRON TECHNOLOGY JAN 21 28 $600 (100 SHS) (Margin), -MU280121C600,CALL (MU) MICRON TECHNOLOGY JAN 21 28 $600 (100 SHS),Margin,0,,USD,381.05,1,0,0.65,0.02,,-38105.67,5/13/2026
5/12/2026,IRA-Roll $462K,119072621,YOU BOUGHT OPENING TRANSACTION CALL (FSLY) FASTLY INC CL A JAN 21 28 $15 (100 SHS) (Margin), -FSLY280121C15,CALL (FSLY) FASTLY INC CL A JAN 21 28 $15 (100 SHS),Margin,0,,USD,10.44,10,0,6.5,0.23,,-10446.73,5/13/2026
5/12/2026,IRA-ROTH $321K,233267024,YOU BOUGHT OPENING TRANSACTION CALL (MU) MICRON TECHNOLOGY JAN 21 28 $560 (100 SHS) (Margin), -MU280121C560,CALL (MU) MICRON TECHNOLOGY JAN 21 28 $560 (100 SHS),Margin,0,,USD,361.97,1,0,0.65,0.02,,-36197.67,5/13/2026
5/12/2026,IRA-Roll $462K,119072621,YOU BOUGHT OPENING TRANSACTION CALL (AVGO) BROADCOM INC COM JAN 21 28 $320 (100 SHS) (Margin), -AVGO280121C320,CALL (AVGO) BROADCOM INC COM JAN 21 28 $320 (100 SHS),Margin,0,,USD,162.2,1,0,0.65,0.02,,-16220.67,5/13/2026
5/12/2026,IRA-ROTH $321K,233267024,YOU BOUGHT OPENING TRANSACTION CALL (EWY) ISHARES MSCI SOUTH JAN 21 28 $125 (100 SHS) (Margin), -EWY280121C125,CALL (EWY) ISHARES MSCI SOUTH JAN 21 28 $125 (100 SHS),Margin,0,,USD,71.75,1,0,0.65,0.02,,-7175.67,5/13/2026
5/12/2026,IRA-Roll $462K,119072621,YOU SOLD APPLE INC (AAPL) (Margin),AAPL,APPLE INC,Margin,0,,USD,293.9,-25,0,,0.16,,7347.34,5/13/2026
5/12/2026,IRA-ROTH $321K,233267024,YOU BOUGHT OPENING TRANSACTION CALL (DELL) DELL TECHNOLOGIES JAN 21 28 $175 (100 SHS) (Margin), -DELL280121C175,CALL (DELL) DELL TECHNOLOGIES JAN 21 28 $175 (100 SHS),Margin,0,,USD,100.5,1,0,0.65,0.02,,-10050.67,5/13/2026
5/12/2026,IRA-Roll $462K,119072621,YOU SOLD APPLE INC (AAPL) (Margin),AAPL,APPLE INC,Margin,0,,USD,294.24,-25,0,,0.16,,7355.84,5/13/2026
5/12/2026,IRA-Roll $462K,119072621,YOU SOLD APPLE INC (AAPL) (Margin),AAPL,APPLE INC,Margin,0,,USD,294.3,-25,0,,0.16,,7357.34,5/13/2026
5/12/2026,IRA-ROTH $321K,233267024,YOU BOUGHT OPENING TRANSACTION CALL (QCOM) QUALCOMM INC JAN 21 28 $160 (100 SHS) (Margin), -QCOM280121C160,CALL (QCOM) QUALCOMM INC JAN 21 28 $160 (100 SHS),Margin,0,,USD,75.42,1,0,0.65,0.02,,-7542.67,5/13/2026
5/12/2026,IRA-Roll $462K,119072621,YOU SOLD APPLE INC (AAPL) (Margin),AAPL,APPLE INC,Margin,0,,USD,294.35,-25,0,,0.16,,7358.59,5/13/2026
5/12/2026,IRA-ROTH $321K,233267024,YOU BOUGHT OPENING TRANSACTION CALL (CRWV) COREWEAVE INC COM CL JAN 21 28 $80 (100 SHS) (Margin), -CRWV280121C80,CALL (CRWV) COREWEAVE INC COM CL JAN 21 28 $80 (100 SHS),Margin,0,,USD,51.57,1,0,0.65,0.02,,-5157.67,5/13/2026
5/12/2026,IRA-Roll $462K,119072621,YOU SOLD APPLE INC (AAPL) (Margin),AAPL,APPLE INC,Margin,0,,USD,293.9,-50,0,,0.31,,14694.7,5/13/2026
5/12/2026,Trust PHT $988K,Z40402241,YOU BOUGHT OPENING TRANSACTION CALL (STX) SEAGATE TECHNOLOGY JAN 21 28 $620 (100 SHS) (Margin), -STX280121C620,CALL (STX) SEAGATE TECHNOLOGY JAN 21 28 $620 (100 SHS),Margin,0,,USD,386.5,1,0,0.65,0.02,,-38650.67,5/13/2026
5/12/2026,IRA-Roll $462K,119072621,YOU SOLD APPLE INC (AAPL) (Margin),AAPL,APPLE INC,Margin,0,,USD,293.97,-50,0,,0.31,,14698.19,5/13/2026
5/12/2026,Trust PHT $988K,Z40402241,YOU SOLD CLOSING TRANSACTION CALL (STX) SEAGATE TECHNOLOGY JAN 21 28 $620 (100 SHS) (Margin), -STX280121C620,CALL (STX) SEAGATE TECHNOLOGY JAN 21 28 $620 (100 SHS),Margin,0,,USD,368,-1,0,0.65,0.78,,36798.57,5/13/2026
5/12/2026,IRA-ROTH $321K,233267024,YOU BOUGHT OPENING TRANSACTION CALL (DDOG) DATADOG INC CL A COM JAN 21 28 $150 (100 SHS) (Margin), -DDOG280121C150,CALL (DDOG) DATADOG INC CL A COM JAN 21 28 $150 (100 SHS),Margin,0,,USD,86.5,1,0,0.65,0.02,,-8650.67,5/13/2026
5/12/2026,IRA-Roll $462K,119072621,YOU SOLD APPLE INC (AAPL) (Margin),AAPL,APPLE INC,Margin,0,,USD,293.99,-50,0,,0.31,,14699.19,5/13/2026
5/12/2026,IRA-ETF $203K,238174669,YOU BOUGHT INVESCO EXCHANGE TRADED FD TR SEMICO... (PSI) (Cash),PSI,INVESCO EXCHANGE TRADED FD TR SEMICONDU,Cash,0,,USD,148.36,50,0,,,,-7418,5/13/2026
5/13/2026,IRA-ROTH $321K,233267024,YOU BOUGHT OPENING TRANSACTION CALL (WDAY) WORKDAY INC COM JAN 21 28 $90 (100 SHS) (Margin), -WDAY280121C90,CALL (WDAY) WORKDAY INC COM JAN 21 28 $90 (100 SHS),Margin,0,,USD,46.9,1,0,0.65,0.02,,-4690.67,5/14/2026
5/13/2026,Phil and Lynn,X82843893,DEBIT CARD PURCHASE CVS/PHARMACY #11060 LONG ISLAND C NY051126 AUTHID:203590 (Cash),,No Description,Cash,0,,USD,,0,0,,,,-4.61,
5/13/2026,Phil and Lynn,X82843893,DEBIT CARD PURCHASE CVS/PHARMACY #11060 LONG ISLAND C NY051126 AUTHID:213687 (Cash),,No Description,Cash,0,,USD,,0,0,,,,-4.61,
5/13/2026,Phil and Lynn,X82843893,DEBIT CARD PURCHASE CVS/PHARMACY #11060 LONG ISLAND C NY051126 AUTHID:370936 (Cash),,No Description,Cash,0,,USD,,0,0,,,,-5,
5/13/2026,Phil and Lynn,X82843893,DEBIT CARD PURCHASE KEY FOOD 1780 LONG ISLAND C NY051126 AUTHID:507169 (Cash),,No Description,Cash,0,,USD,,0,0,,,,-19.09,
5/13/2026,Phil and Lynn,X82843893,DIRECT DEBIT 52-41 Center LWEB PMTS (Cash), ,No Description,Cash,0,,USD,,0,0,,,,-500,
5/14/2026,IRA-Roll $462K,119072621,REINVESTMENT APPLE INC (AAPL) (Margin),AAPL,APPLE INC,Margin,0,,USD,297.4,0.323,0,,,,-95.99,
5/14/2026,Phil and Lynn,X82843893,DEBIT CARD PURCHASE OMNYWEB* 877-789-6669 NY 051226 AUTHID:305705 (Cash),,No Description,Cash,0,,USD,,0,0,,,,-10,
5/14/2026,IRA-Roll $462K,119072621,DIVIDEND RECEIVED APPLE INC (AAPL) (Margin),AAPL,APPLE INC,Margin,0,,USD,,0,0,,,,95.99,
5/14/2026,Phil and Lynn,X82843893,DEBIT CARD PURCHASE SHAKE SHACK - 1299A 646-747-7178 NY 051226 AUTHID:349488 (Cash),,No Description,Cash,0,,USD,,0,0,,,,-13.05,
5/14/2026,IRA-ROTH $321K,233267024,YOU SOLD CLOSING TRANSACTION CALL (HIMS) HIMS &HERS HEALTH JAN 21 28 $25 (100 SHS) (Margin), -HIMS280121C25,CALL (HIMS) HIMS &HERS HEALTH JAN 21 28 $25 (100 SHS),Margin,0,,USD,10.85,-10,0,6.5,0.46,,10843.04,5/15/2026
5/14/2026,IRA-Roll $462K,119072621,YOU BOUGHT OPENING TRANSACTION CALL (INTC) INTEL CORP COM JAN 21 28 $90 (100 SHS) (Margin), -INTC280121C90,CALL (INTC) INTEL CORP COM JAN 21 28 $90 (100 SHS),Margin,0,,USD,55.64,1,0,0.65,0.02,,-5564.67,5/15/2026
5/14/2026,Phil and Lynn,X82843893,DEBIT CARD PURCHASE UBER * PENDING uber.com CA 051226 AUTHID:200533 (Cash),,No Description,Cash,0,,USD,,0,0,,,,-15.8,
5/14/2026,IRA-ROTH $321K,233267024,YOU BOUGHT OPENING TRANSACTION CALL (FSLY) FASTLY INC CL A JAN 21 28 $12.5 (100 SHS) (Margin), -FSLY280121C12.5,CALL (FSLY) FASTLY INC CL A JAN 21 28 $12.5 (100 SHS),Margin,0,,USD,10.18,1,0,0.65,0.02,,-1018.67,5/15/2026
5/14/2026,IRA-Roll $462K,119072621,YOU BOUGHT OPENING TRANSACTION CALL (QCOM) QUALCOMM INC JAN 21 28 $150 (100 SHS) (Margin), -QCOM280121C150,CALL (QCOM) QUALCOMM INC JAN 21 28 $150 (100 SHS),Margin,0,,USD,76.82,1,0,0.65,0.02,,-7682.67,5/15/2026
5/14/2026,Phil and Lynn,X82843893,DEBIT CARD PURCHASE INKD GRATUITY HOLD FAS HOLDFASTNYC.C NY051326 AUTHID:491398 (Cash),,No Description,Cash,0,,USD,,0,0,,,,-17.46,
5/14/2026,Trust PHT $988K,Z40402241,REINVESTMENT APPLE INC (AAPL) (Margin),AAPL,APPLE INC,Margin,0,,USD,297.4,1.118,0,,,,-332.57,
5/14/2026,IRA-Roll $462K,119072621,YOU BOUGHT OPENING TRANSACTION CALL (QCOM) QUALCOMM INC JAN 21 28 $145 (100 SHS) (Margin), -QCOM280121C145,CALL (QCOM) QUALCOMM INC JAN 21 28 $145 (100 SHS),Margin,0,,USD,80.75,1,0,0.65,0.02,,-8075.67,5/15/2026
5/14/2026,Phil and Lynn,X82843893,DEBIT CARD PURCHASE SQ *THE ZO. CLUBHOUSE NEW YORK NY 051226 AUTHID:008861 (Cash),,No Description,Cash,0,,USD,,0,0,,,,-20.42,
5/14/2026,Trust PHT $988K,Z40402241,DIVIDEND RECEIVED APPLE INC (AAPL) (Margin),AAPL,APPLE INC,Margin,0,,USD,,0,0,,,,332.57,
5/14/2026,IRA-Roll $462K,119072621,YOU BOUGHT OPENING TRANSACTION CALL (FSLY) FASTLY INC CL A JAN 21 28 $15 (100 SHS) (Margin), -FSLY280121C15,CALL (FSLY) FASTLY INC CL A JAN 21 28 $15 (100 SHS),Margin,0,,USD,9.25,1,0,0.65,0.02,,-925.67,5/15/2026
5/14/2026,Phil and Lynn,X82843893,DEBIT CARD PURCHASE INKD HOLD FAST INKIND.COM TX 051326 AUTHID:670257 (Cash),,No Description,Cash,0,,USD,,0,0,,,,-85.6,
5/15/2026,IRA-Roll $462K,119072621,"YOU BOUGHT OPENING TRANSACTION CALL (P) EVERPURE, INC. JAN 21 28 $55 (100 SHS) (Margin)", -P280121C55,"CALL (P) EVERPURE, INC. JAN 21 28 $55 (100 SHS)",Margin,0,,USD,39.7,1,0,0.65,0.02,,-3970.67,5/18/2026
5/15/2026,IRA-Roll $462K,119072621,YOU BOUGHT OPENING TRANSACTION CALL (INTC) INTEL CORP COM JAN 21 28 $85 (100 SHS) (Margin), -INTC280121C85,CALL (INTC) INTEL CORP COM JAN 21 28 $85 (100 SHS),Margin,0,,USD,50.7,1,0,0.65,0.02,,-5070.67,5/18/2026
5/15/2026,IRA-Roll $462K,119072621,YOU BOUGHT OPENING TRANSACTION CALL (GLW) CORNING INC JAN 21 28 $150 (100 SHS) (Margin), -GLW280121C150,CALL (GLW) CORNING INC JAN 21 28 $150 (100 SHS),Margin,0,,USD,90.95,1,0,0.65,0.02,,-9095.67,5/18/2026
5/15/2026,IRA-Roll $462K,119072621,YOU BOUGHT OPENING TRANSACTION CALL (BE) BLOOM ENERGY CORP JAN 21 28 $230 (100 SHS) (Margin), -BE280121C230,CALL (BE) BLOOM ENERGY CORP JAN 21 28 $230 (100 SHS),Margin,0,,USD,159.5,1,0,0.65,0.02,,-15950.67,5/18/2026
5/15/2026,IRA-Roll $462K,119072621,YOU BOUGHT OPENING TRANSACTION CALL (COHR) COHERENT CORP COM JAN 21 28 $300 (100 SHS) (Margin), -COHR280121C300,CALL (COHR) COHERENT CORP COM JAN 21 28 $300 (100 SHS),Margin,0,,USD,192.5,1,0,0.65,0.02,,-19250.67,5/18/2026
5/15/2026,IRA-Roll $462K,119072621,YOU BOUGHT OPENING TRANSACTION CALL (MU) MICRON TECHNOLOGY JAN 21 28 $570 (100 SHS) (Margin), -MU280121C570,CALL (MU) MICRON TECHNOLOGY JAN 21 28 $570 (100 SHS),Margin,0,,USD,370.57,1,0,0.65,0.02,,-37057.67,5/18/2026
5/15/2026,IRA-Roll $462K,119072621,YOU BOUGHT OPENING TRANSACTION CALL (TER) TERADYNE INC COM JAN 21 28 $250 (100 SHS) (Margin), -TER280121C250,CALL (TER) TERADYNE INC COM JAN 21 28 $250 (100 SHS),Margin,0,,USD,165.5,1,0,0.65,0.02,,-16550.67,5/18/2026
5/15/2026,IRA-Roll $462K,119072621,YOU BOUGHT OPENING TRANSACTION CALL (LRCX) LAM RESEARCH CORP JAN 21 28 $220 (100 SHS) (Margin), -LRCX280121C220,CALL (LRCX) LAM RESEARCH CORP JAN 21 28 $220 (100 SHS),Margin,0,,USD,124.33,1,0,0.65,0.02,,-12433.67,5/18/2026
5/15/2026,IRA-Roll $462K,119072621,YOU BOUGHT OPENING TRANSACTION CALL (EWY) ISHARES MSCI SOUTH JAN 21 28 $125 (100 SHS) (Margin), -EWY280121C125,CALL (EWY) ISHARES MSCI SOUTH JAN 21 28 $125 (100 SHS),Margin,0,,USD,74.3,1,0,0.65,0.02,,-7430.67,5/18/2026
5/15/2026,IRA-Roll $462K,119072621,YOU BOUGHT OPENING TRANSACTION CALL (AMD) ADVANCED MICRO JAN 21 28 $340 (100 SHS) (Margin), -AMD280121C340,CALL (AMD) ADVANCED MICRO JAN 21 28 $340 (100 SHS),Margin,0,,USD,190.51,1,0,0.65,0.02,,-19051.67,5/18/2026
5/15/2026,IRA-Roll $462K,119072621,YOU BOUGHT OPENING TRANSACTION CALL (LRCX) LAM RESEARCH CORP JAN 21 28 $210 (100 SHS) (Margin), -LRCX280121C210,CALL (LRCX) LAM RESEARCH CORP JAN 21 28 $210 (100 SHS),Margin,0,,USD,126.95,1,0,0.65,0.02,,-12695.67,5/18/2026
5/15/2026,IRA-Roll $462K,119072621,YOU BOUGHT OPENING TRANSACTION CALL (NET) CLOUDFLARE INC CL A JAN 21 28 $150 (100 SHS) (Margin), -NET280121C150,CALL (NET) CLOUDFLARE INC CL A JAN 21 28 $150 (100 SHS),Margin,0,,USD,89.26,1,0,0.65,0.02,,-8926.67,5/18/2026
5/15/2026,IRA-Roll $462K,119072621,YOU BOUGHT OPENING TRANSACTION CALL (CRWV) COREWEAVE INC COM CL JAN 21 28 $85 (100 SHS) (Margin), -CRWV280121C85,CALL (CRWV) COREWEAVE INC COM CL JAN 21 28 $85 (100 SHS),Margin,0,,USD,54.55,1,0,0.65,0.02,,-5455.67,5/18/2026
5/15/2026,IRA-Roll $462K,119072621,YOU BOUGHT OPENING TRANSACTION CALL (NVDA) NVIDIA CORPORATION JAN 21 28 $175 (100 SHS) (Margin), -NVDA280121C175,CALL (NVDA) NVIDIA CORPORATION JAN 21 28 $175 (100 SHS),Margin,0,,USD,86.75,1,0,0.65,0.02,,-8675.67,5/18/2026
5/15/2026,IRA-Roll $462K,119072621,YOU BOUGHT OPENING TRANSACTION CALL (AVGO) BROADCOM INC COM JAN 21 28 $330 (100 SHS) (Margin), -AVGO280121C330,CALL (AVGO) BROADCOM INC COM JAN 21 28 $330 (100 SHS),Margin,0,,USD,162.15,1,0,0.65,0.02,,-16215.67,5/18/2026
5/15/2026,IRA-Roll $462K,119072621,YOU BOUGHT OPENING TRANSACTION CALL (ARM) ARM HOLDINGS PLC JAN 21 28 $155 (100 SHS) (Margin), -ARM280121C155,CALL (ARM) ARM HOLDINGS PLC JAN 21 28 $155 (100 SHS),Margin,0,,USD,104,1,0,0.65,0.02,,-10400.67,5/18/2026
5/15/2026,IRA-Roll $462K,119072621,YOU SOLD PALANTIR TECHNOLOGIES INC CL A (PLTR) (Margin),PLTR,PALANTIR TECHNOLOGIES INC CL A,Margin,0,,USD,134.49,-2,0,,,,268.98,5/18/2026
5/15/2026,IRA-Roll $462K,119072621,YOU SOLD PALANTIR TECHNOLOGIES INC CL A (PLTR) (Margin),PLTR,PALANTIR TECHNOLOGIES INC CL A,Margin,0,,USD,134.48,-48,0,,0.14,,6454.9,5/18/2026
5/15/2026,IRA-Roll $462K,119072621,YOU SOLD PALANTIR TECHNOLOGIES INC CL A (PLTR) (Margin),PLTR,PALANTIR TECHNOLOGIES INC CL A,Margin,0,,USD,133.68,-50,0,,0.14,,6683.87,5/18/2026
5/15/2026,IRA-Roll $462K,119072621,YOU SOLD PALANTIR TECHNOLOGIES INC CL A (PLTR) (Margin),PLTR,PALANTIR TECHNOLOGIES INC CL A,Margin,0,,USD,134.95,-50,0,,0.14,,6747.11,5/18/2026
5/15/2026,IRA-Roll $462K,119072621,YOU SOLD PALANTIR TECHNOLOGIES INC CL A (PLTR) (Margin),PLTR,PALANTIR TECHNOLOGIES INC CL A,Margin,0,,USD,134.86,-100,0,,0.28,,13485.72,5/18/2026
5/15/2026,IRA-Roll $462K,119072621,YOU SOLD PALANTIR TECHNOLOGIES INC CL A (PLTR) (Margin),PLTR,PALANTIR TECHNOLOGIES INC CL A,Margin,0,,USD,134.92,-100,0,,0.28,,13491.72,5/18/2026
5/15/2026,IRA-Roll $462K,119072621,YOU SOLD PALANTIR TECHNOLOGIES INC CL A (PLTR) (Margin),PLTR,PALANTIR TECHNOLOGIES INC CL A,Margin,0,,USD,135.61,-100,0,,0.28,,13560.72,5/18/2026
5/15/2026,IRA-Roll $462K,119072621,YOU SOLD APPLE INC (AAPL) (Margin),AAPL,APPLE INC,Margin,0,,USD,298.65,-0.86,0,,,,256.84,5/18/2026
5/15/2026,IRA-Roll $462K,119072621,YOU SOLD APPLE INC (AAPL) (Margin),AAPL,APPLE INC,Margin,0,,USD,297.86,-20,0,,0.13,,5957.07,5/18/2026
5/15/2026,IRA-Roll $462K,119072621,YOU SOLD APPLE INC (AAPL) (Margin),AAPL,APPLE INC,Margin,0,,USD,297.86,-20,0,,0.13,,5957.07,5/18/2026
5/15/2026,IRA-ROTH $321K,233267024,YOU BOUGHT OPENING TRANSACTION CALL (INTC) INTEL CORP COM DEC 15 28 $85 (100 SHS) (Margin), -INTC281215C85,CALL (INTC) INTEL CORP COM DEC 15 28 $85 (100 SHS),Margin,0,,USD,59.75,1,0,0.65,0.02,,-5975.67,5/18/2026
5/15/2026,IRA-Roll $462K,119072621,YOU SOLD APPLE INC (AAPL) (Margin),AAPL,APPLE INC,Margin,0,,USD,298.2,-20,0,,0.13,,5963.87,5/18/2026
5/15/2026,IRA-Roll $462K,119072621,YOU SOLD APPLE INC (AAPL) (Margin),AAPL,APPLE INC,Margin,0,,USD,298.65,-20,0,,0.13,,5972.87,5/18/2026
5/15/2026,IRA-Roll $462K,119072621,YOU SOLD APPLE INC (AAPL) (Margin),AAPL,APPLE INC,Margin,0,,USD,297.82,-25,0,,0.16,,7445.34,5/18/2026
5/15/2026,DI Ind. $83.5K,X69705290,YOU BOUGHT VANECK ETF TRUST SEMICONDUCTR ETF (SMH) (Cash),SMH,VANECK ETF TRUST SEMICONDUCTR ETF,Cash,0,,USD,558.05,10,0,,,,-5580.55,5/18/2026
5/15/2026,DI Ind. $83.5K,X69705290,YOU BOUGHT ISHARES TR ISHARES SEMICDTR (SOXX) (Cash),SOXX,ISHARES TR ISHARES SEMICDTR,Cash,0,,USD,514.19,20,0,,,,-10283.8,5/18/2026
5/15/2026,Phil and Lynn,X82843893,DEBIT CARD PURCHASE MTA*NYCT PAYGO RECOVER NEW YORK NY 051226 AUTHID:165155 (Cash),,No Description,Cash,0,,USD,,0,0,,,,-3,
5/18/2026,IRA-ROTH $321K,233267024,JOURNALED JNL VS A/C TYPES (Cash),,No Description,Cash,0,,USD,,0,0,,,,-5975.67,
5/18/2026,IRA-ROTH $321K,233267024,JOURNALED JNL VS A/C TYPES (Margin),,No Description,Margin,0,,USD,,0,0,,,,5975.67,
5/18/2026,IRA-Roll $462K,119072621,JOURNALED JNL VS A/C TYPES (Cash),,No Description,Cash,0,,USD,,0,0,,,,-115986.64,
5/18/2026,IRA-Roll $462K,119072621,JOURNALED JNL VS A/C TYPES (Margin),,No Description,Margin,0,,USD,,0,0,,,,115986.64,
5/18/2026,Phil and Lynn,X82843893,DEBIT CARD PURCHASE AMAZON.COM*YQ3U80TK3 SEATTLE WA 051526 AUTHID:476431 (Cash),,No Description,Cash,0,,USD,,0,0,,,,-41.31,
5/18/2026,Trust PHT $988K,Z40402241,YOU BOUGHT UBIQUITI INC COM (UI) (Margin),UI,UBIQUITI INC COM,Margin,0,,USD,601.2,10,0,,,,-6012,5/19/2026
5/18/2026,Phil and Di,X65959334,BILL PAYMENT NORDSTROM /0001/N*****8410 **** (Cash), ,No Description,Cash,0,,USD,,0,0,,,,-148.69,
5/18/2026,IRA-ROTH $321K,233267024,YOU SOLD CLOSING TRANSACTION CALL (PANW) PALO ALTO NETWORKS JAN 21 28 $150 (100 SHS) (Margin), -PANW280121C150,CALL (PANW) PALO ALTO NETWORKS JAN 21 28 $150 (100 SHS),Margin,0,,USD,121.19,-1,0,0.65,0.27,,12118.08,5/19/2026
5/18/2026,IRA-ROTH $321K,233267024,JOURNALED JNL VS A/C TYPES (Cash),,No Description,Cash,0,,USD,,0,0,,,,-5975.67,
5/18/2026,IRA-ROTH $321K,233267024,JOURNALED JNL VS A/C TYPES (Margin),,No Description,Margin,0,,USD,,0,0,,,,5975.67,
5/18/2026,IRA-Roll $462K,119072621,YOU BOUGHT OPENING TRANSACTION CALL (BE) BLOOM ENERGY CORP JAN 21 28 $220 (100 SHS) (Margin), -BE280121C220,CALL (BE) BLOOM ENERGY CORP JAN 21 28 $220 (100 SHS),Margin,0,,USD,139.48,1,0,0.65,0.02,,-13948.67,5/19/2026
5/18/2026,IRA-Roll $462K,119072621,YOU SOLD ALPHABET INC CAP STK CL C (GOOG) (Margin),GOOG,ALPHABET INC CAP STK CL C,Margin,0,,USD,393.43,-50,0,,0.41,,19671.09,5/19/2026
5/18/2026,IRA-Roll $462K,119072621,YOU BOUGHT OPENING TRANSACTION CALL (MU) MICRON TECHNOLOGY JAN 21 28 $530 (100 SHS) (Margin), -MU280121C530,CALL (MU) MICRON TECHNOLOGY JAN 21 28 $530 (100 SHS),Margin,0,,USD,324.13,1,0,0.65,0.02,,-32413.67,5/19/2026
5/18/2026,IRA-Roll $462K,119072621,YOU SOLD ALPHABET INC CAP STK CL C (GOOG) (Margin),GOOG,ALPHABET INC CAP STK CL C,Margin,0,,USD,393.39,-20,0,,0.17,,7867.63,5/19/2026
5/18/2026,IRA-Roll $462K,119072621,YOU SOLD ALPHABET INC CAP STK CL C (GOOG) (Margin),GOOG,ALPHABET INC CAP STK CL C,Margin,0,,USD,394.2,-20,0,,0.17,,7883.83,5/19/2026
5/18/2026,IRA-Roll $462K,119072621,YOU BOUGHT OPENING TRANSACTION CALL (STX) SEAGATE TECHNOLOGY JAN 21 28 $550 (100 SHS) (Margin), -STX280121C550,CALL (STX) SEAGATE TECHNOLOGY JAN 21 28 $550 (100 SHS),Margin,0,,USD,361.2,1,0,0.65,0.02,,-36120.67,5/19/2026
5/18/2026,IRA-Roll $462K,119072621,YOU BOUGHT OPENING TRANSACTION CALL (VRT) VERTIV HOLDINGS CO JAN 21 28 $260 (100 SHS) (Margin), -VRT280121C260,CALL (VRT) VERTIV HOLDINGS CO JAN 21 28 $260 (100 SHS),Margin,0,,USD,150.3,1,0,0.65,0.02,,-15030.67,5/19/2026
5/18/2026,IRA-Roll $462K,119072621,YOU SOLD ALPHABET INC CAP STK CL C (GOOG) (Margin),GOOG,ALPHABET INC CAP STK CL C,Margin,0,,USD,394.67,-10,0,,0.09,,3946.63,5/19/2026
5/18/2026,IRA-Roll $462K,119072621,YOU BOUGHT OPENING TRANSACTION CALL (GLW) CORNING INC JAN 21 28 $135 (100 SHS) (Margin), -GLW280121C135,CALL (GLW) CORNING INC JAN 21 28 $135 (100 SHS),Margin,0,,USD,79.9,1,0,0.65,0.02,,-7990.67,5/19/2026
5/18/2026,IRA-Roll $462K,119072621,YOU SOLD ALPHABET INC CAP STK CL C (GOOG) (Margin),GOOG,ALPHABET INC CAP STK CL C,Margin,0,,USD,397,-10,0,,0.09,,3969.91,5/19/2026
5/18/2026,IRA-Roll $462K,119072621,YOU SOLD CLOSING TRANSACTION CALL (NOW) SERVICENOW INC COM JAN 21 28 $65 (100 SHS) (Margin), -NOW280121C65,CALL (NOW) SERVICENOW INC COM JAN 21 28 $65 (100 SHS),Margin,0,,USD,53.54,-1,0,0.65,0.14,,5353.21,5/19/2026
5/18/2026,IRA-Roll $462K,119072621,YOU SOLD CLOSING TRANSACTION CALL (NOW) SERVICENOW INC COM JAN 21 28 $65 (100 SHS) (Margin), -NOW280121C65,CALL (NOW) SERVICENOW INC COM JAN 21 28 $65 (100 SHS),Margin,0,,USD,52.75,-1,0,0.65,0.13,,5274.22,5/19/2026
5/18/2026,IRA-Roll $462K,119072621,YOU SOLD ALPHABET INC CAP STK CL C (GOOG) (Margin),GOOG,ALPHABET INC CAP STK CL C,Margin,0,,USD,398,-10,0,,0.09,,3979.91,5/19/2026
5/18/2026,IRA-Roll $462K,119072621,YOU SOLD ALPHABET INC CAP STK CL C (GOOG) (Margin),GOOG,ALPHABET INC CAP STK CL C,Margin,0,,USD,398,-10,0,,0.09,,3979.91,5/19/2026
5/18/2026,IRA-Roll $462K,119072621,YOU SOLD ALPHABET INC CAP STK CL C (GOOG) (Margin),GOOG,ALPHABET INC CAP STK CL C,Margin,0,,USD,397.72,-10,0,,0.09,,3977.11,5/19/2026
5/18/2026,IRA-Roll $462K,119072621,YOU SOLD ALPHABET INC CAP STK CL C (GOOG) (Margin),GOOG,ALPHABET INC CAP STK CL C,Margin,0,,USD,397.1,-10,0,,0.09,,3970.86,5/19/2026
5/18/2026,IRA-Roll $462K,119072621,YOU SOLD ALPHABET INC CAP STK CL C (GOOG) (Margin),GOOG,ALPHABET INC CAP STK CL C,Margin,0,,USD,398.02,-10,0,,0.09,,3980.11,5/19/2026
5/18/2026,IRA-Roll $462K,119072621,YOU SOLD ALPHABET INC CAP STK CL C (GOOG) (Margin),GOOG,ALPHABET INC CAP STK CL C,Margin,0,,USD,399,-10,0,,0.09,,3989.91,5/19/2026
5/18/2026,IRA-Roll $462K,119072621,YOU SOLD ALPHABET INC CAP STK CL C (GOOG) (Margin),GOOG,ALPHABET INC CAP STK CL C,Margin,0,,USD,399.66,-10,0,,0.09,,3996.51,5/19/2026
5/18/2026,IRA-Roll $462K,119072621,JOURNALED JNL VS A/C TYPES (Cash),,No Description,Cash,0,,USD,,0,0,,,,-115986.64,
5/18/2026,IRA-Roll $462K,119072621,JOURNALED JNL VS A/C TYPES (Margin),,No Description,Margin,0,,USD,,0,0,,,,115986.64,
5/18/2026,Phil and Lynn,X82843893,DEBIT CARD PURCHASE AMAZON.COM*YQ3U80TK3 SEATTLE WA 051526 AUTHID:476431 (Cash),,No Description,Cash,0,,USD,,0,0,,,,-41.31,
5/19/2026,IRA-Roll $462K,119072621,YOU BOUGHT OPENING TRANSACTION CALL (COHR) COHERENT CORP COM JAN 21 28 $280 (100 SHS) (Margin), -COHR280121C280,CALL (COHR) COHERENT CORP COM JAN 21 28 $280 (100 SHS),Margin,0,,USD,173.5,1,0,0.65,0.02,,-17350.67,5/20/2026
5/19/2026,IRA-Roll $462K,119072621,YOU BOUGHT OPENING TRANSACTION CALL (VRT) VERTIV HOLDINGS CO JAN 21 28 $240 (100 SHS) (Margin), -VRT280121C240,CALL (VRT) VERTIV HOLDINGS CO JAN 21 28 $240 (100 SHS),Margin,0,,USD,143.25,1,0,0.65,0.02,,-14325.67,5/20/2026
5/19/2026,IRA-Roll $462K,119072621,YOU BOUGHT OPENING TRANSACTION CALL (EWY) ISHARES MSCI SOUTH JAN 21 28 $120 (100 SHS) (Margin), -EWY280121C120,CALL (EWY) ISHARES MSCI SOUTH JAN 21 28 $120 (100 SHS),Margin,0,,USD,69.26,1,0,0.65,0.02,,-6926.67,5/20/2026
5/19/2026,IRA-Roll $462K,119072621,YOU BOUGHT OPENING TRANSACTION CALL (LULU) LULULEMON ATHLETICA JAN 21 28 $95 (100 SHS) (Margin), -LULU280121C95,CALL (LULU) LULULEMON ATHLETICA JAN 21 28 $95 (100 SHS),Margin,0,,USD,46.32,1,0,0.65,0.02,,-4632.67,5/20/2026
5/19/2026,IRA-Roll $462K,119072621,YOU BOUGHT OPENING TRANSACTION CALL (QCOM) QUALCOMM INC JAN 21 28 $145 (100 SHS) (Margin), -QCOM280121C145,CALL (QCOM) QUALCOMM INC JAN 21 28 $145 (100 SHS),Margin,0,,USD,75.35,1,0,0.65,0.02,,-7535.67,5/20/2026
5/19/2026,IRA-Roll $462K,119072621,YOU BOUGHT OPENING TRANSACTION CALL (CRWV) COREWEAVE INC COM CL JAN 21 28 $75 (100 SHS) (Margin), -CRWV280121C75,CALL (CRWV) COREWEAVE INC COM CL JAN 21 28 $75 (100 SHS),Margin,0,,USD,50.71,1,0,0.65,0.02,,-5071.67,5/20/2026
5/19/2026,IRA-Roll $462K,119072621,YOU BOUGHT OPENING TRANSACTION CALL (LMND) LEMONADE INC COM JAN 21 28 $40 (100 SHS) (Margin), -LMND280121C40,CALL (LMND) LEMONADE INC COM JAN 21 28 $40 (100 SHS),Margin,0,,USD,26.5,1,0,0.65,0.02,,-2650.67,5/20/2026
5/19/2026,IRA-Roll $462K,119072621,YOU BOUGHT OPENING TRANSACTION CALL (FSLY) FASTLY INC CL A JAN 21 28 $15 (100 SHS) (Margin), -FSLY280121C15,CALL (FSLY) FASTLY INC CL A JAN 21 28 $15 (100 SHS),Margin,0,,USD,8.47,5,0,3.25,0.11,,-4238.36,5/20/2026
5/19/2026,IRA-Roll $462K,119072621,YOU BOUGHT OPENING TRANSACTION CALL (AMZN) AMAZON.COM INC JAN 21 28 $210 (100 SHS) (Margin), -AMZN280121C210,CALL (AMZN) AMAZON.COM INC JAN 21 28 $210 (100 SHS),Margin,0,,USD,81.88,1,0,0.65,0.02,,-8188.67,5/20/2026
5/19/2026,IRA-Roll $462K,119072621,YOU SOLD PALANTIR TECHNOLOGIES INC CL A (PLTR) (Margin),PLTR,PALANTIR TECHNOLOGIES INC CL A,Margin,0,,USD,135.93,-0.13,0,,,,17.67,5/20/2026
5/19/2026,IRA-Roll $462K,119072621,YOU SOLD PALANTIR TECHNOLOGIES INC CL A (PLTR) (Margin),PLTR,PALANTIR TECHNOLOGIES INC CL A,Margin,0,,USD,135.93,-213,0,,0.6,,28952.49,5/20/2026
5/19/2026,IRA-ROTH $321K,233267024,YOU BOUGHT OPENING TRANSACTION CALL (WDAY) WORKDAY INC COM JAN 21 28 $105 (100 SHS) (Margin), -WDAY280121C105,CALL (WDAY) WORKDAY INC COM JAN 21 28 $105 (100 SHS),Margin,0,,USD,52.9,1,0,0.65,0.02,,-5290.67,5/20/2026
5/19/2026,IRA-Roll $462K,119072621,YOU SOLD ALPHABET INC CAP STK CL C (GOOG) (Margin),GOOG,ALPHABET INC CAP STK CL C,Margin,0,,USD,383.96,-20,0,,0.16,,7679.04,5/20/2026
5/19/2026,IRA-ROTH $321K,233267024,YOU BOUGHT OPENING TRANSACTION CALL (NOW) SERVICENOW INC COM JAN 21 28 $85 (100 SHS) (Margin), -NOW280121C85,CALL (NOW) SERVICENOW INC COM JAN 21 28 $85 (100 SHS),Margin,0,,USD,41.75,1,0,0.65,0.02,,-4175.67,5/20/2026
5/19/2026,IRA-Roll $462K,119072621,YOU SOLD ALPHABET INC CAP STK CL C (GOOG) (Margin),GOOG,ALPHABET INC CAP STK CL C,Margin,0,,USD,387.33,-20,0,,0.16,,7746.44,5/20/2026
5/19/2026,DI Ind. $83.5K,X69705290,YOU BOUGHT ISHARES TR ISHARES SEMICDTR (SOXX) (Cash),SOXX,ISHARES TR ISHARES SEMICDTR,Cash,0,,USD,492.89,20,0,,,,-9857.8,5/20/2026
5/19/2026,IRA-ROTH $321K,233267024,YOU BOUGHT OPENING TRANSACTION CALL (CRWV) COREWEAVE INC COM CL JAN 21 28 $75 (100 SHS) (Margin), -CRWV280121C75,CALL (CRWV) COREWEAVE INC COM CL JAN 21 28 $75 (100 SHS),Margin,0,,USD,49.95,1,0,0.65,0.02,,-4995.67,5/20/2026
5/19/2026,Trust PHT $988K,Z40402241,YOU SOLD SANDISK CORP COM (SNDK) (Margin),SNDK,SANDISK CORP COM,Margin,0,,USD,1335.39,-10,0,,0.28,,13353.62,5/20/2026
5/19/2026,DI Ind. $83.5K,X69705290,YOU BOUGHT INVESCO EXCHANGE TRADED FD TR SEMICO... (PSI) (Cash),PSI,INVESCO EXCHANGE TRADED FD TR SEMICONDU,Cash,0,,USD,140.57,50,0,,,,-7028.5,5/20/2026
5/19/2026,IRA-ROTH $321K,233267024,YOU BOUGHT OPENING TRANSACTION CALL (FSLY) FASTLY INC CL A JAN 21 28 $12.5 (100 SHS) (Margin), -FSLY280121C12.5,CALL (FSLY) FASTLY INC CL A JAN 21 28 $12.5 (100 SHS),Margin,0,,USD,9.15,5,0,3.25,0.11,,-4578.36,5/20/2026
5/20/2026,Trust PHT $988K,Z40402241,JOURNALED JNL VS A/C TYPES (Cash),,No Description,Cash,0,,USD,,0,0,,,,13353.62,
5/20/2026,Trust PHT $988K,Z40402241,JOURNALED JNL VS A/C TYPES (Margin),,No Description,Margin,0,,USD,,0,0,,,,-13353.62,
5/20/2026,DI Ind. $83.5K,X69705290,YOU SOLD CLOSING TRANSACTION CALL (ARM) ARM HOLDINGS PLC JAN 21 28 $160 (100 SHS) (Margin), -ARM280121C160,CALL (ARM) ARM HOLDINGS PLC JAN 21 28 $160 (100 SHS),Margin,0,,USD,139,-1,0,0.65,0.31,,13899.04,5/21/2026
5/20/2026,DI Ind. $83.5K,X69705290,YOU SOLD ISHARES TR ISHARES SEMICDTR (SOXX) (Margin),SOXX,ISHARES TR ISHARES SEMICDTR,Margin,0,,USD,511.39,-0.25,0,,,,127.85,5/21/2026
5/20/2026,DI Ind. $83.5K,X69705290,YOU SOLD ISHARES TR ISHARES SEMICDTR (SOXX) (Margin),SOXX,ISHARES TR ISHARES SEMICDTR,Margin,0,,USD,511.39,-15,0,,0.16,,7670.69,5/21/2026
5/20/2026,DI Ind. $83.5K,X69705290,YOU SOLD ISHARES TR ISHARES SEMICDTR (SOXX) (Margin),SOXX,ISHARES TR ISHARES SEMICDTR,Margin,0,,USD,510.31,-50,0,,0.53,,25514.97,5/21/2026
5/20/2026,IRA-ROTH $321K,233267024,YOU SOLD CLOSING TRANSACTION CALL (ARM) ARM HOLDINGS PLC JAN 21 28 $160 (100 SHS) (Margin), -ARM280121C160,CALL (ARM) ARM HOLDINGS PLC JAN 21 28 $160 (100 SHS),Margin,0,,USD,140.4,-1,0,0.65,0.31,,14039.04,5/21/2026
5/20/2026,IRA-ROTH $321K,233267024,JOURNALED JNL VS A/C TYPES (Cash),,No Description,Cash,0,,USD,,0,0,,,,-19040.37,
5/20/2026,IRA-ROTH $321K,233267024,JOURNALED JNL VS A/C TYPES (Margin),,No Description,Margin,0,,USD,,0,0,,,,19040.37,
5/20/2026,IRA-Roll $462K,119072621,YOU SOLD CLOSING TRANSACTION CALL (ARM) ARM HOLDINGS PLC JAN 21 28 $160 (100 SHS) (Margin), -ARM280121C160,CALL (ARM) ARM HOLDINGS PLC JAN 21 28 $160 (100 SHS),Margin,0,,USD,140.34,-1,0,0.65,0.31,,14033.04,5/21/2026
5/20/2026,IRA-Roll $462K,119072621,JOURNALED JNL VS A/C TYPES (Cash),,No Description,Cash,0,,USD,,0,0,,,,-26525.08,
5/20/2026,IRA-Roll $462K,119072621,JOURNALED JNL VS A/C TYPES (Margin),,No Description,Margin,0,,USD,,0,0,,,,26525.08,
5/21/2026,DI Ind. $83.5K,X69705290,YOU SOLD CLOSING TRANSACTION CALL (ARM) ARM HOLDINGS PLC JAN 21 28 $160 (100 SHS) (Margin), -ARM280121C160,CALL (ARM) ARM HOLDINGS PLC JAN 21 28 $160 (100 SHS),Margin,0,,USD,166.5,-1,0,0.65,0.37,,16648.98,5/22/2026
5/21/2026,DI Ind. $83.5K,X69705290,MARGIN INTEREST as of May-20-2026 (Margin),,No Description,Margin,0,,USD,,0,0,,,,-69.77,
5/21/2026,DI Ind. $83.5K,X69705290,JOURNALED JNL VS A/C TYPES (Cash),,No Description,Cash,0,,USD,,0,0,,,,31606.26,
5/21/2026,DI Ind. $83.5K,X69705290,JOURNALED JNL VS A/C TYPES (Margin),,No Description,Margin,0,,USD,,0,0,,,,-31606.26,
5/21/2026,IRA-ROTH $321K,233267024,YOU BOUGHT OPENING TRANSACTION CALL (WDAY) WORKDAY INC COM JAN 21 28 $80 (100 SHS) (Margin), -WDAY280121C80,CALL (WDAY) WORKDAY INC COM JAN 21 28 $80 (100 SHS),Margin,0,,USD,60.09,1,0,0.65,0.02,,-6009.67,5/22/2026
5/21/2026,IRA-ROTH $321K,233267024,YOU SOLD CLOSING TRANSACTION CALL (ARM) ARM HOLDINGS PLC JAN 21 28 $160 (100 SHS) (Margin), -ARM280121C160,CALL (ARM) ARM HOLDINGS PLC JAN 21 28 $160 (100 SHS),Margin,0,,USD,165.4,-1,0,0.65,0.37,,16538.98,5/22/2026
5/21/2026,IRA-ROTH $321K,233267024,JOURNALED JNL VS A/C TYPES (Cash),,No Description,Cash,0,,USD,,0,0,,,,14039.04,
5/21/2026,IRA-ROTH $321K,233267024,JOURNALED JNL VS A/C TYPES (Margin),,No Description,Margin,0,,USD,,0,0,,,,-14039.04,
5/21/2026,IRA-Roll $462K,119072621,YOU SOLD CLOSING TRANSACTION CALL (ARM) ARM HOLDINGS PLC JAN 21 28 $160 (100 SHS) (Margin), -ARM280121C160,CALL (ARM) ARM HOLDINGS PLC JAN 21 28 $160 (100 SHS),Margin,0,,USD,174.8,-1,0,0.65,0.39,,17478.96,5/22/2026
5/21/2026,IRA-Roll $462K,119072621,YOU BOUGHT OPENING TRANSACTION CALL (FSLY) FASTLY INC CL A JAN 21 28 $12.5 (100 SHS) (Margin), -FSLY280121C12.5,CALL (FSLY) FASTLY INC CL A JAN 21 28 $12.5 (100 SHS),Margin,0,,USD,9.16,1,0,0.65,0.02,,-916.67,5/22/2026
5/21/2026,IRA-Roll $462K,119072621,YOU SOLD ALPHABET INC CAP STK CL C (GOOG) (Margin),GOOG,ALPHABET INC CAP STK CL C,Margin,0,,USD,385.38,-0.206,0,,,,79.39,5/22/2026
5/21/2026,IRA-Roll $462K,119072621,YOU SOLD ALPHABET INC CAP STK CL C (GOOG) (Margin),GOOG,ALPHABET INC CAP STK CL C,Margin,0,,USD,385.38,-35,0,,0.27,,13488.03,5/22/2026
5/21/2026,IRA-Roll $462K,119072621,YOU BOUGHT OPENING TRANSACTION CALL (NVDA) NVIDIA CORPORATION JAN 21 28 $175 (100 SHS) (Margin), -NVDA280121C175,CALL (NVDA) NVIDIA CORPORATION JAN 21 28 $175 (100 SHS),Margin,0,,USD,78.75,1,0,0.65,0.02,,-7875.67,5/22/2026
5/21/2026,IRA-Roll $462K,119072621,YOU BOUGHT OPENING TRANSACTION CALL (WDAY) WORKDAY INC COM JAN 21 28 $80 (100 SHS) (Margin), -WDAY280121C80,CALL (WDAY) WORKDAY INC COM JAN 21 28 $80 (100 SHS),Margin,0,,USD,60.2,1,0,0.65,0.02,,-6020.67,5/22/2026
5/21/2026,IRA-Roll $462K,119072621,YOU SOLD ALPHABET INC CAP STK CL C (GOOG) (Margin),GOOG,ALPHABET INC CAP STK CL C,Margin,0,,USD,382.2,-20,0,,0.16,,7643.84,5/22/2026
5/21/2026,IRA-Roll $462K,119072621,JOURNALED JNL VS A/C TYPES (Cash),,No Description,Cash,0,,USD,,0,0,,,,14033.04,
5/21/2026,IRA-Roll $462K,119072621,JOURNALED JNL VS A/C TYPES (Margin),,No Description,Margin,0,,USD,,0,0,,,,-14033.04,
5/22/2026,DI Ind. $83.5K,X69705290,JOURNALED JNL VS A/C TYPES (Cash),,No Description,Cash,0,,USD,,0,0,,,,16579.21,
5/22/2026,DI Ind. $83.5K,X69705290,JOURNALED JNL VS A/C TYPES (Margin),,No Description,Margin,0,,USD,,0,0,,,,-16579.21,
5/22/2026,IRA-ROTH $321K,233267024,YOU BOUGHT OPENING TRANSACTION CALL (RDDT) REDDIT INC CL A JAN 21 28 $100 (100 SHS) (Margin), -RDDT280121C100,CALL (RDDT) REDDIT INC CL A JAN 21 28 $100 (100 SHS),Margin,0,,USD,72.12,1,0,0.65,0.02,,-7212.67,5/26/2026
5/22/2026,IRA-ROTH $321K,233267024,YOU SOLD CLOSING TRANSACTION CALL (ARM) ARM HOLDINGS PLC JAN 21 28 $160 (100 SHS) (Margin), -ARM280121C160,CALL (ARM) ARM HOLDINGS PLC JAN 21 28 $160 (100 SHS),Margin,0,,USD,189.64,-1,0,0.65,0.42,,18962.93,5/26/2026
5/22/2026,IRA-ROTH $321K,233267024,YOU SOLD CLOSING TRANSACTION CALL (DELL) DELL TECHNOLOGIES JAN 21 28 $190 (100 SHS) (Margin), -DELL280121C190,CALL (DELL) DELL TECHNOLOGIES JAN 21 28 $190 (100 SHS),Margin,0,,USD,142.19,-1,0,0.65,0.32,,14218.03,5/26/2026
5/22/2026,IRA-ROTH $321K,233267024,JOURNALED JNL VS A/C TYPES (Cash),,No Description,Cash,0,,USD,,0,0,,,,10529.31,
5/22/2026,IRA-ROTH $321K,233267024,JOURNALED JNL VS A/C TYPES (Margin),,No Description,Margin,0,,USD,,0,0,,,,-10529.31,
5/22/2026,IRA-Roll $462K,119072621,YOU BOUGHT OPENING TRANSACTION CALL (ARM) ARM HOLDINGS PLC JAN 21 28 $240 (100 SHS) (Margin), -ARM280121C240,CALL (ARM) ARM HOLDINGS PLC JAN 21 28 $240 (100 SHS),Margin,0,,USD,150.42,1,0,0.65,0.02,,-15042.67,5/26/2026
5/22/2026,IRA-Roll $462K,119072621,YOU BOUGHT OPENING TRANSACTION CALL (BE) BLOOM ENERGY CORP JUN 18 26 $245 (100 SHS) (Margin), -BE260618C245,CALL (BE) BLOOM ENERGY CORP JUN 18 26 $245 (100 SHS),Margin,0,,USD,70.75,1,0,0.65,0.02,,-7075.67,5/26/2026
5/22/2026,IRA-Roll $462K,119072621,YOU BOUGHT OPENING TRANSACTION CALL (APLD) APPLIED DIGITAL CORP JAN 21 28 $40 (100 SHS) (Margin), -APLD280121C40,CALL (APLD) APPLIED DIGITAL CORP JAN 21 28 $40 (100 SHS),Margin,0,,USD,24.56,2,0,1.3,0.04,,-4913.34,5/26/2026
5/22/2026,IRA-Roll $462K,119072621,YOU BOUGHT OPENING TRANSACTION CALL (LMND) LEMONADE INC COM JAN 21 28 $50 (100 SHS) (Margin), -LMND280121C50,CALL (LMND) LEMONADE INC COM JAN 21 28 $50 (100 SHS),Margin,0,,USD,26.07,1,0,0.65,0.02,,-2607.67,5/26/2026
5/22/2026,IRA-Roll $462K,119072621,YOU SOLD CLOSING TRANSACTION CALL (ARM) ARM HOLDINGS PLC JAN 21 28 $155 (100 SHS) (Margin), -ARM280121C155,CALL (ARM) ARM HOLDINGS PLC JAN 21 28 $155 (100 SHS),Margin,0,,USD,192.3,-1,0,0.65,0.42,,19228.93,5/26/2026
5/22/2026,IRA-Roll $462K,119072621,YOU SOLD CLOSING TRANSACTION CALL (ARM) ARM HOLDINGS PLC JAN 21 28 $160 (100 SHS) (Margin), -ARM280121C160,CALL (ARM) ARM HOLDINGS PLC JAN 21 28 $160 (100 SHS),Margin,0,,USD,189,-1,0,0.65,0.41,,18898.94,5/26/2026
5/22/2026,IRA-Roll $462K,119072621,YOU SOLD CLOSING TRANSACTION CALL (QCOM) QUALCOMM INC JAN 21 28 $175 (100 SHS) (Margin), -QCOM280121C175,CALL (QCOM) QUALCOMM INC JAN 21 28 $175 (100 SHS),Margin,0,,USD,103.5,-1,0,0.65,0.24,,10349.11,5/26/2026
5/22/2026,IRA-Roll $462K,119072621,YOU SOLD CLOSING TRANSACTION CALL (QCOM) QUALCOMM INC JAN 21 28 $165 (100 SHS) (Margin), -QCOM280121C165,CALL (QCOM) QUALCOMM INC JAN 21 28 $165 (100 SHS),Margin,0,,USD,109,-1,0,0.65,0.25,,10899.1,5/26/2026
5/22/2026,IRA-Roll $462K,119072621,JOURNALED JNL VS A/C TYPES (Cash),,No Description,Cash,0,,USD,,0,0,,,,23877.2,
5/22/2026,IRA-Roll $462K,119072621,JOURNALED JNL VS A/C TYPES (Margin),,No Description,Margin,0,,USD,,0,0,,,,-23877.2,
5/26/2026,Trust PHT $988K,Z40402241,TRANSFERRED TO VS X65-959334-1 (Cash), ,No Description,Cash,0,,USD,,0,0,,,,-5000,
5/26/2026,Trust PHT $988K,Z40402241,DIVIDEND RECEIVED UBIQUITI INC COM (UI) (Margin),UI,UBIQUITI INC COM,Margin,0,,USD,,0,0,,,,41.6,
5/26/2026,Phil and Di,X65959334,TRANSFERRED FROM VS Z40-402241-1 (Cash), ,No Description,Cash,0,,USD,,0,0,,,,5000,
5/26/2026,Phil and Di,X65959334,WIRE TRANSFER TO BANK (Cash),,No Description,Cash,0,,USD,,0,0,,,,-8000,
5/26/2026,IRA-ROTH $321K,233267024,YOU SOLD CLOSING TRANSACTION CALL (MU) MICRON TECHNOLOGY JAN 21 28 $500 (100 SHS) (Margin), -MU280121C500,CALL (MU) MICRON TECHNOLOGY JAN 21 28 $500 (100 SHS),Margin,0,,USD,546.93,-1,0,0.65,1.15,,54691.2,5/27/2026
5/26/2026,IRA-ROTH $321K,233267024,YOU SOLD CLOSING TRANSACTION CALL (MU) MICRON TECHNOLOGY JAN 21 28 $500 (100 SHS) (Margin), -MU280121C500,CALL (MU) MICRON TECHNOLOGY JAN 21 28 $500 (100 SHS),Margin,0,,USD,543.18,-1,0,0.65,1.14,,54316.21,5/27/2026
5/26/2026,IRA-ROTH $321K,233267024,JOURNALED JNL VS A/C TYPES (Cash),,No Description,Cash,0,,USD,,0,0,,,,25968.29,
5/26/2026,IRA-ROTH $321K,233267024,JOURNALED JNL VS A/C TYPES (Margin),,No Description,Margin,0,,USD,,0,0,,,,-25968.29,
5/26/2026,IRA-Roll $462K,119072621,YOU SOLD CLOSING TRANSACTION CALL (MRVL) MARVELL TECHNOLOGY JAN 21 28 $110 (100 SHS) (Margin), -MRVL280121C110,CALL (MRVL) MARVELL TECHNOLOGY JAN 21 28 $110 (100 SHS),Margin,0,,USD,116.63,-1,0,0.65,0.27,,11662.08,5/27/2026
5/26/2026,IRA-Roll $462K,119072621,YOU BOUGHT OPENING TRANSACTION CALL (MDB) MONGODB INC CL A JAN 21 28 $250 (100 SHS) (Margin), -MDB280121C250,CALL (MDB) MONGODB INC CL A JAN 21 28 $250 (100 SHS),Margin,0,,USD,141.5,1,0,0.65,0.02,,-14150.67,5/27/2026
5/26/2026,IRA-Roll $462K,119072621,YOU SOLD CLOSING TRANSACTION CALL (MU) MICRON TECHNOLOGY JAN 21 28 $500 (100 SHS) (Margin), -MU280121C500,CALL (MU) MICRON TECHNOLOGY JAN 21 28 $500 (100 SHS),Margin,0,,USD,517.45,-1,0,0.65,1.09,,51743.26,5/27/2026
5/26/2026,IRA-Roll $462K,119072621,DIVIDEND RECEIVED UBIQUITI INC COM (UI) (Margin),UI,UBIQUITI INC COM,Margin,0,,USD,,0,0,,,,4,
5/26/2026,IRA-Roll $462K,119072621,JOURNALED JNL VS A/C TYPES (Cash),,No Description,Cash,0,,USD,,0,0,,,,29736.72,
5/26/2026,IRA-Roll $462K,119072621,JOURNALED JNL VS A/C TYPES (Margin),,No Description,Margin,0,,USD,,0,0,,,,-29736.72,
5/27/2026,IRA-Roll $462K,119072621,YOU BOUGHT OPENING TRANSACTION CALL (MOD) MODINE MANUFACTURING JUN 18 26 $240 (100 SHS) (Margin), -MOD260618C240,CALL (MOD) MODINE MANUFACTURING JUN 18 26 $240 (100 SHS),Margin,0,,USD,44.38,1,0,0.65,0.02,,-4438.67,5/28/2026
5/27/2026,IRA-Roll $462K,119072621,YOU SOLD CLOSING TRANSACTION CALL (MOD) MODINE MANUFACTURING JUN 18 26 $240 (100 SHS) (Margin), -MOD260618C240,CALL (MOD) MODINE MANUFACTURING JUN 18 26 $240 (100 SHS),Margin,0,,USD,43.38,-1,0,0.65,0.11,,4337.24,5/28/2026
5/27/2026,IRA-Roll $462K,119072621,YOU BOUGHT OPENING TRANSACTION CALL (MU) MICRON TECHNOLOGY JAN 21 28 $700 (100 SHS) (Margin), -MU280121C700,CALL (MU) MICRON TECHNOLOGY JAN 21 28 $700 (100 SHS),Margin,0,,USD,466,1,0,0.65,0.02,,-46600.67,5/28/2026
5/27/2026,IRA-Roll $462K,119072621,YOU BOUGHT OPENING TRANSACTION CALL (ARM) ARM HOLDINGS PLC JAN 21 28 $260 (100 SHS) (Margin), -ARM280121C260,CALL (ARM) ARM HOLDINGS PLC JAN 21 28 $260 (100 SHS),Margin,0,,USD,141,1,0,0.65,0.02,,-14100.67,5/28/2026
5/27/2026,IRA-Roll $462K,119072621,YOU BOUGHT OPENING TRANSACTION CALL (ARM) ARM HOLDINGS PLC JAN 21 28 $250 (100 SHS) (Margin), -ARM280121C250,CALL (ARM) ARM HOLDINGS PLC JAN 21 28 $250 (100 SHS),Margin,0,,USD,144.75,1,0,0.65,0.02,,-14475.67,5/28/2026
5/27/2026,IRA-Roll $462K,119072621,YOU BOUGHT OPENING TRANSACTION CALL (AMD) ADVANCED MICRO JAN 21 28 $380 (100 SHS) (Margin), -AMD280121C380,CALL (AMD) ADVANCED MICRO JAN 21 28 $380 (100 SHS),Margin,0,,USD,223.28,1,0,0.65,0.02,,-22328.67,5/28/2026
5/27/2026,IRA-Roll $462K,119072621,YOU BOUGHT OPENING TRANSACTION CALL (MOD) MODINE MANUFACTURING JAN 21 28 $220 (100 SHS) (Margin), -MOD280121C220,CALL (MOD) MODINE MANUFACTURING JAN 21 28 $220 (100 SHS),Margin,0,,USD,135.5,1,0,0.65,0.02,,-13550.67,5/28/2026
5/27/2026,IRA-Roll $462K,119072621,YOU SOLD CLOSING TRANSACTION CALL (LULU) LULULEMON ATHLETICA JAN 21 28 $95 (100 SHS) (Margin), -LULU280121C95,CALL (LULU) LULULEMON ATHLETICA JAN 21 28 $95 (100 SHS),Margin,0,,USD,57,-1,0,0.65,0.14,,5699.21,5/28/2026
5/27/2026,IRA-Roll $462K,119072621,YOU SOLD CLOSING TRANSACTION CALL (LULU) LULULEMON ATHLETICA JAN 21 28 $95 (100 SHS) (Margin), -LULU280121C95,CALL (LULU) LULULEMON ATHLETICA JAN 21 28 $95 (100 SHS),Margin,0,,USD,58,-1,0,0.65,0.14,,5799.21,5/28/2026
5/27/2026,IRA-Roll $462K,119072621,YOU SOLD CLOSING TRANSACTION CALL (LULU) LULULEMON ATHLETICA JAN 21 28 $95 (100 SHS) (Margin), -LULU280121C95,CALL (LULU) LULULEMON ATHLETICA JAN 21 28 $95 (100 SHS),Margin,0,,USD,58.43,-1,0,0.65,0.15,,5842.2,5/28/2026
5/27/2026,IRA-Roll $462K,119072621,YOU SOLD CLOSING TRANSACTION CALL (LULU) LULULEMON ATHLETICA JAN 21 28 $110 (100 SHS) (Margin), -LULU280121C110,CALL (LULU) LULULEMON ATHLETICA JAN 21 28 $110 (100 SHS),Margin,0,,USD,49.31,-1,0,0.65,0.13,,4930.22,5/28/2026
5/27/2026,IRA-ROTH $321K,233267024,YOU BOUGHT OPENING TRANSACTION CALL (ARM) ARM HOLDINGS PLC JAN 21 28 $240 (100 SHS) (Margin), -ARM280121C240,CALL (ARM) ARM HOLDINGS PLC JAN 21 28 $240 (100 SHS),Margin,0,,USD,146.75,1,0,0.65,0.02,,-14675.67,5/28/2026
5/27/2026,IRA-Roll $462K,119072621,YOU SOLD CLOSING TRANSACTION CALL (LULU) LULULEMON ATHLETICA JAN 21 28 $110 (100 SHS) (Margin), -LULU280121C110,CALL (LULU) LULULEMON ATHLETICA JAN 21 28 $110 (100 SHS),Margin,0,,USD,49.94,-1,0,0.65,0.13,,4993.22,5/28/2026
5/27/2026,IRA-ROTH $321K,233267024,YOU BOUGHT OPENING TRANSACTION CALL (QCOM) QUALCOMM INC JAN 21 28 $170 (100 SHS) (Margin), -QCOM280121C170,CALL (QCOM) QUALCOMM INC JAN 21 28 $170 (100 SHS),Margin,0,,USD,97.77,1,0,0.65,0.02,,-9777.67,5/28/2026
5/27/2026,IRA-Roll $462K,119072621,YOU SOLD CLOSING TRANSACTION CALL (LULU) LULULEMON ATHLETICA JAN 21 28 $110 (100 SHS) (Margin), -LULU280121C110,CALL (LULU) LULULEMON ATHLETICA JAN 21 28 $110 (100 SHS),Margin,0,,USD,49.96,-1,0,0.65,0.13,,4995.22,5/28/2026
5/27/2026,IRA-ROTH $321K,233267024,YOU BOUGHT OPENING TRANSACTION CALL (QCOM) QUALCOMM INC JAN 21 28 $170 (100 SHS) (Margin), -QCOM280121C170,CALL (QCOM) QUALCOMM INC JAN 21 28 $170 (100 SHS),Margin,0,,USD,99.38,1,0,0.65,0.02,,-9938.67,5/28/2026
5/27/2026,IRA-Roll $462K,119072621,YOU SOLD CLOSING TRANSACTION CALL (LULU) LULULEMON ATHLETICA JAN 21 28 $110 (100 SHS) (Margin), -LULU280121C110,CALL (LULU) LULULEMON ATHLETICA JAN 21 28 $110 (100 SHS),Margin,0,,USD,50,-1,0,0.65,0.13,,4999.22,5/28/2026
5/27/2026,IRA-ROTH $321K,233267024,YOU BOUGHT OPENING TRANSACTION CALL (QCOM) QUALCOMM INC JAN 21 28 $180 (100 SHS) (Margin), -QCOM280121C180,CALL (QCOM) QUALCOMM INC JAN 21 28 $180 (100 SHS),Margin,0,,USD,92.97,1,0,0.65,0.02,,-9297.67,5/28/2026
5/27/2026,IRA-Roll $462K,119072621,YOU BOUGHT OPENING TRANSACTION CALL (QCOM) QUALCOMM INC JAN 21 28 $160 (100 SHS) (Margin), -QCOM280121C160,CALL (QCOM) QUALCOMM INC JAN 21 28 $160 (100 SHS),Margin,0,,USD,101.1,1,0,0.65,0.02,,-10110.67,5/28/2026
5/27/2026,IRA-ROTH $321K,233267024,YOU BOUGHT OPENING TRANSACTION CALL (CRWD) CROWDSTRIKE HLDGS JAN 21 28 $500 (100 SHS) (Margin), -CRWD280121C500,CALL (CRWD) CROWDSTRIKE HLDGS JAN 21 28 $500 (100 SHS),Margin,0,,USD,261.75,1,0,0.65,0.02,,-26175.67,5/28/2026
5/27/2026,IRA-Roll $462K,119072621,YOU BOUGHT OPENING TRANSACTION CALL (CRWD) CROWDSTRIKE HLDGS JAN 21 28 $500 (100 SHS) (Margin), -CRWD280121C500,CALL (CRWD) CROWDSTRIKE HLDGS JAN 21 28 $500 (100 SHS),Margin,0,,USD,261.5,1,0,0.65,0.02,,-26150.67,5/28/2026
5/27/2026,DI Ind. $83.5K,X69705290,YOU BOUGHT OPENING TRANSACTION CALL (ARM) ARM HOLDINGS PLC JAN 21 28 $240 (100 SHS) (Margin), -ARM280121C240,CALL (ARM) ARM HOLDINGS PLC JAN 21 28 $240 (100 SHS),Margin,0,,USD,148,1,0,0.65,0.02,,-14800.67,5/28/2026
5/27/2026,IRA-ROTH $321K,233267024,YOU BOUGHT OPENING TRANSACTION CALL (PANW) PALO ALTO NETWORKS JAN 21 28 $195 (100 SHS) (Margin), -PANW280121C195,CALL (PANW) PALO ALTO NETWORKS JAN 21 28 $195 (100 SHS),Margin,0,,USD,95.2,1,0,0.65,0.02,,-9520.67,5/28/2026
5/27/2026,IRA-Roll $462K,119072621,YOU BOUGHT OPENING TRANSACTION CALL (PANW) PALO ALTO NETWORKS JAN 21 28 $185 (100 SHS) (Margin), -PANW280121C185,CALL (PANW) PALO ALTO NETWORKS JAN 21 28 $185 (100 SHS),Margin,0,,USD,101.4,1,0,0.65,0.02,,-10140.67,5/28/2026
5/27/2026,DI Ind. $83.5K,X69705290,YOU BOUGHT OPENING TRANSACTION CALL (QCOM) QUALCOMM INC JAN 21 28 $170 (100 SHS) (Margin), -QCOM280121C170,CALL (QCOM) QUALCOMM INC JAN 21 28 $170 (100 SHS),Margin,0,,USD,96.43,1,0,0.65,0.02,,-9643.67,5/28/2026
5/27/2026,IRA-ROTH $321K,233267024,YOU BOUGHT OPENING TRANSACTION CALL (MDB) MONGODB INC CL A JAN 21 28 $230 (100 SHS) (Margin), -MDB280121C230,CALL (MDB) MONGODB INC CL A JAN 21 28 $230 (100 SHS),Margin,0,,USD,139.5,1,0,0.65,0.02,,-13950.67,5/28/2026
5/27/2026,DI Ind. $83.5K,X69705290,YOU BOUGHT OPENING TRANSACTION CALL (QCOM) QUALCOMM INC JAN 21 28 $175 (100 SHS) (Margin), -QCOM280121C175,CALL (QCOM) QUALCOMM INC JAN 21 28 $175 (100 SHS),Margin,0,,USD,94.5,1,0,0.65,0.02,,-9450.67,5/28/2026
5/27/2026,DI Ind. $83.5K,X69705290,YOU BOUGHT OPENING TRANSACTION CALL (PANW) PALO ALTO NETWORKS JAN 21 28 $200 (100 SHS) (Margin), -PANW280121C200,CALL (PANW) PALO ALTO NETWORKS JAN 21 28 $200 (100 SHS),Margin,0,,USD,91.38,1,0,0.65,0.02,,-9138.67,5/28/2026
5/28/2026,DI Ind. $83.5K,X69705290,JOURNALED JNL VS A/C TYPES (Cash),,No Description,Cash,0,,USD,,0,0,,,,-31299.17,
5/28/2026,DI Ind. $83.5K,X69705290,JOURNALED JNL VS A/C TYPES (Margin),,No Description,Margin,0,,USD,,0,0,,,,31299.17,
5/28/2026,IRA-ROTH $321K,233267024,YOU SOLD CLOSING TRANSACTION CALL (GLW) CORNING INC JUN 18 26 $160 (100 SHS) (Margin), -GLW260618C160,CALL (GLW) CORNING INC JUN 18 26 $160 (100 SHS),Margin,0,,USD,27.92,-1,0,0.65,0.08,,2791.27,5/29/2026
5/28/2026,IRA-ROTH $321K,233267024,YOU BOUGHT OPENING TRANSACTION CALL (GLW) CORNING INC JUN 18 26 $160 (100 SHS) (Margin), -GLW260618C160,CALL (GLW) CORNING INC JUN 18 26 $160 (100 SHS),Margin,0,,USD,27.68,1,0,0.65,0.02,,-2768.67,5/29/2026
5/28/2026,IRA-ROTH $321K,233267024,YOU BOUGHT OPENING TRANSACTION CALL (MU) MICRON TECHNOLOGY JAN 21 28 $700 (100 SHS) (Margin), -MU280121C700,CALL (MU) MICRON TECHNOLOGY JAN 21 28 $700 (100 SHS),Margin,0,,USD,470,1,0,0.65,0.02,,-47000.67,5/29/2026
5/28/2026,IRA-ROTH $321K,233267024,YOU BOUGHT OPENING TRANSACTION CALL (CIEN) CIENA CORP JAN 21 28 $470 (100 SHS) (Margin), -CIEN280121C470,CALL (CIEN) CIENA CORP JAN 21 28 $470 (100 SHS),Margin,0,,USD,280.7,1,0,0.65,0.02,,-28070.67,5/29/2026
5/28/2026,IRA-ROTH $321K,233267024,"YOU BOUGHT OPENING TRANSACTION CALL (P) EVERPURE, INC. JAN 21 28 $60 (100 SHS) (Margin)", -P280121C60,"CALL (P) EVERPURE, INC. JAN 21 28 $60 (100 SHS)",Margin,0,,USD,32.3,1,0,0.65,0.02,,-3230.67,5/29/2026
5/28/2026,IRA-ROTH $321K,233267024,YOU SOLD CLOSING TRANSACTION CALL (DELL) DELL TECHNOLOGIES JAN 21 28 $185 (100 SHS) (Margin), -DELL280121C185,CALL (DELL) DELL TECHNOLOGIES JAN 21 28 $185 (100 SHS),Margin,0,,USD,176,-1,0,0.65,0.39,,17598.96,5/29/2026
5/28/2026,IRA-ROTH $321K,233267024,YOU SOLD CLOSING TRANSACTION CALL (SNOW) SNOWFLAKE INC. JAN 21 28 $120 (100 SHS) (Margin), -SNOW280121C120,CALL (SNOW) SNOWFLAKE INC. JAN 21 28 $120 (100 SHS),Margin,0,,USD,141,-1,0,0.65,0.32,,14099.03,5/29/2026
5/28/2026,IRA-ROTH $321K,233267024,YOU SOLD CLOSING TRANSACTION CALL (DELL) DELL TECHNOLOGIES JAN 21 28 $175 (100 SHS) (Margin), -DELL280121C175,CALL (DELL) DELL TECHNOLOGIES JAN 21 28 $175 (100 SHS),Margin,0,,USD,181.04,-1,0,0.65,0.4,,18102.95,5/29/2026
5/28/2026,IRA-ROTH $321K,233267024,YOU SOLD CLOSING TRANSACTION CALL (SNOW) SNOWFLAKE INC. JAN 21 28 $110 (100 SHS) (Margin), -SNOW280121C110,CALL (SNOW) SNOWFLAKE INC. JAN 21 28 $110 (100 SHS),Margin,0,,USD,146,-1,0,0.65,0.33,,14599.02,5/29/2026
5/28/2026,IRA-ROTH $321K,233267024,JOURNALED JNL VS A/C TYPES (Cash),,No Description,Cash,0,,USD,,0,0,,,,-93336.69,
5/28/2026,IRA-ROTH $321K,233267024,JOURNALED JNL VS A/C TYPES (Margin),,No Description,Margin,0,,USD,,0,0,,,,93336.69,
5/28/2026,IRA-Roll $462K,119072621,YOU BOUGHT OPENING TRANSACTION CALL (GLW) CORNING INC JAN 21 28 $150 (100 SHS) (Margin), -GLW280121C150,CALL (GLW) CORNING INC JAN 21 28 $150 (100 SHS),Margin,0,,USD,80.62,1,0,0.65,0.02,,-8062.67,5/29/2026
5/28/2026,IRA-Roll $462K,119072621,"YOU BOUGHT OPENING TRANSACTION CALL (P) EVERPURE, INC. JAN 21 28 $60 (100 SHS) (Margin)", -P280121C60,"CALL (P) EVERPURE, INC. JAN 21 28 $60 (100 SHS)",Margin,0,,USD,30.32,1,0,0.65,0.02,,-3032.67,5/29/2026
5/28/2026,IRA-Roll $462K,119072621,YOU BOUGHT OPENING TRANSACTION CALL (VRT) VERTIV HOLDINGS CO JAN 21 28 $260 (100 SHS) (Margin), -VRT280121C260,CALL (VRT) VERTIV HOLDINGS CO JAN 21 28 $260 (100 SHS),Margin,0,,USD,136.69,1,0,0.65,0.02,,-13669.67,5/29/2026
5/28/2026,IRA-Roll $462K,119072621,"YOU BOUGHT OPENING TRANSACTION CALL (P) EVERPURE, INC. JAN 21 28 $70 (100 SHS) (Margin)", -P280121C70,"CALL (P) EVERPURE, INC. JAN 21 28 $70 (100 SHS)",Margin,0,,USD,27.47,1,0,0.65,0.02,,-2747.67,5/29/2026
5/28/2026,IRA-Roll $462K,119072621,YOU BOUGHT OPENING TRANSACTION CALL (MOD) MODINE MANUFACTURING JAN 21 28 $210 (100 SHS) (Margin), -MOD280121C210,CALL (MOD) MODINE MANUFACTURING JAN 21 28 $210 (100 SHS),Margin,0,,USD,136,1,0,0.65,0.02,,-13600.67,5/29/2026
5/28/2026,IRA-Roll $462K,119072621,"YOU BOUGHT OPENING TRANSACTION CALL (P) EVERPURE, INC. JAN 21 28 $60 (100 SHS) (Margin)", -P280121C60,"CALL (P) EVERPURE, INC. JAN 21 28 $60 (100 SHS)",Margin,0,,USD,31.95,1,0,0.65,0.02,,-3195.67,5/29/2026
5/28/2026,IRA-Roll $462K,119072621,YOU SOLD CLOSING TRANSACTION CALL (MU) MICRON TECHNOLOGY JAN 21 28 $530 (100 SHS) (Margin), -MU280121C530,CALL (MU) MICRON TECHNOLOGY JAN 21 28 $530 (100 SHS),Margin,0,,USD,557.45,-1,0,0.65,1.17,,55743.18,5/29/2026
5/28/2026,IRA-Roll $462K,119072621,YOU SOLD CLOSING TRANSACTION CALL (DELL) DELL TECHNOLOGIES JAN 21 28 $175 (100 SHS) (Margin), -DELL280121C175,CALL (DELL) DELL TECHNOLOGIES JAN 21 28 $175 (100 SHS),Margin,0,,USD,182.03,-1,0,0.65,0.4,,18201.95,5/29/2026
5/28/2026,IRA-Roll $462K,119072621,JOURNALED JNL VS A/C TYPES (Cash),,No Description,Cash,0,,USD,,0,0,,,,-120301.29,
5/28/2026,IRA-Roll $462K,119072621,JOURNALED JNL VS A/C TYPES (Margin),,No Description,Margin,0,,USD,,0,0,,,,120301.29,
5/29/2026,IRA-ETF $203K,238174669,YOU SOLD ISHARES TR ISHARES SEMICDTR (SOXX) (Cash),SOXX,ISHARES TR ISHARES SEMICDTR,Cash,0,,USD,567.2,-5,0,,0.07,,2835.93,6/1/2026
5/29/2026,IRA-ETF $203K,238174669,YOU SOLD ISHARES TR ISHARES SEMICDTR (SOXX) (Cash),SOXX,ISHARES TR ISHARES SEMICDTR,Cash,0,,USD,567.14,-5,0,,0.06,,2835.64,6/1/2026
5/29/2026,IRA-ETF $203K,238174669,YOU SOLD ISHARES TR ISHARES SEMICDTR (SOXX) (Cash),SOXX,ISHARES TR ISHARES SEMICDTR,Cash,0,,USD,567.23,-5,0,,0.06,,2836.07,6/1/2026
5/29/2026,IRA-ETF $203K,238174669,YOU SOLD ISHARES TR ISHARES SEMICDTR (SOXX) (Cash),SOXX,ISHARES TR ISHARES SEMICDTR,Cash,0,,USD,566.89,-5,0,,0.06,,2834.39,6/1/2026
5/29/2026,IRA-ETF $203K,238174669,YOU SOLD ISHARES TR ISHARES SEMICDTR (SOXX) (Cash),SOXX,ISHARES TR ISHARES SEMICDTR,Cash,0,,USD,566.74,-10,0,,0.12,,5667.32,6/1/2026
5/29/2026,IRA-ETF $203K,238174669,YOU SOLD SPDR SERIES TRUST STATE STREET S&P S... (XSD) (Cash),XSD,SPDR SERIES TRUST STATE STREET S&P SEMI,Cash,0,,USD,611.06,-10,0,,0.13,,6110.47,6/1/2026
5/29/2026,IRA-ETF $203K,238174669,YOU SOLD SPDR SERIES TRUST STATE STREET S&P S... (XSD) (Cash),XSD,SPDR SERIES TRUST STATE STREET S&P SEMI,Cash,0,,USD,610.82,-10,0,,0.13,,6108.07,6/1/2026
5/29/2026,IRA-ETF $203K,238174669,TRANSFERRED TO VS 119-072621-1 CALL (CRM) SALESFORCE INC COM JAN 21 28 $140 (100 SHS) (Cash), -CRM280121C140,CALL (CRM) SALESFORCE INC COM JAN 21 28 $140 (100 SHS),Cash,0,,USD,,-1,0,,,,0,
5/29/2026,DI Ind. $83.5K,X69705290,YOU SOLD ISHARES TR ISHARES SEMICDTR (SOXX) (Cash),SOXX,ISHARES TR ISHARES SEMICDTR,Cash,0,,USD,569.75,-5,0,,0.06,,2848.69,6/1/2026
5/29/2026,DI Ind. $83.5K,X69705290,YOU SOLD ISHARES TR ISHARES SEMICDTR (SOXX) (Cash),SOXX,ISHARES TR ISHARES SEMICDTR,Cash,0,,USD,569.63,-10,0,,0.13,,5696.17,6/1/2026
5/29/2026,DI Ind. $83.5K,X69705290,YOU SOLD ISHARES TR ISHARES SEMICDTR (SOXX) (Cash),SOXX,ISHARES TR ISHARES SEMICDTR,Cash,0,,USD,569.17,-5,0,,0.06,,2845.82,6/1/2026
5/29/2026,DI Ind. $83.5K,X69705290,YOU SOLD ISHARES TR ISHARES SEMICDTR (SOXX) (Cash),SOXX,ISHARES TR ISHARES SEMICDTR,Cash,0,,USD,569.06,-5,0,,0.06,,2845.24,6/1/2026
5/29/2026,IRA-ROTH $321K,233267024,YOU SOLD INVESCO EXCHANGE TRADED FD TR SEMICO... (PSI) (Margin),PSI,INVESCO EXCHANGE TRADED FD TR SEMICONDU,Margin,0,,USD,154.58,-30,0,,0.1,,4637.3,6/1/2026
5/29/2026,IRA-ROTH $321K,233267024,YOU SOLD ISHARES TR ISHARES SEMICDTR (SOXX) (Margin),SOXX,ISHARES TR ISHARES SEMICDTR,Margin,0,,USD,566.26,-10,0,,0.12,,5662.48,6/1/2026
5/29/2026,IRA-ROTH $321K,233267024,YOU SOLD CLOSING TRANSACTION CALL (NOW) SERVICENOW INC COM JAN 21 28 $70 (100 SHS) (Margin), -NOW280121C70,CALL (NOW) SERVICENOW INC COM JAN 21 28 $70 (100 SHS),Margin,0,,USD,67.71,-1,0,0.65,0.16,,6770.19,6/1/2026
5/29/2026,IRA-ROTH $321K,233267024,YOU BOUGHT OPENING TRANSACTION CALL (COHR) COHERENT CORP COM JAN 21 28 $290 (100 SHS) (Margin), -COHR280121C290,CALL (COHR) COHERENT CORP COM JAN 21 28 $290 (100 SHS),Margin,0,,USD,172.28,1,0,0.65,0.02,,-17228.67,6/1/2026
5/29/2026,IRA-ROTH $321K,233267024,YOU BOUGHT OPENING TRANSACTION CALL (MDB) MONGODB INC CL A JAN 21 28 $240 (100 SHS) (Margin), -MDB280121C240,CALL (MDB) MONGODB INC CL A JAN 21 28 $240 (100 SHS),Margin,0,,USD,141.25,1,0,0.65,0.02,,-14125.67,6/1/2026
5/29/2026,IRA-ROTH $321K,233267024,YOU BOUGHT OPENING TRANSACTION CALL (APLD) APPLIED DIGITAL CORP JAN 21 28 $40 (100 SHS) (Margin), -APLD280121C40,CALL (APLD) APPLIED DIGITAL CORP JAN 21 28 $40 (100 SHS),Margin,0,,USD,24.96,1,0,0.65,0.02,,-2496.67,6/1/2026
5/29/2026,IRA-ROTH $321K,233267024,YOU BOUGHT OPENING TRANSACTION CALL (BE) BLOOM ENERGY CORP JAN 21 28 $260 (100 SHS) (Margin), -BE280121C260,CALL (BE) BLOOM ENERGY CORP JAN 21 28 $260 (100 SHS),Margin,0,,USD,146.02,1,0,0.65,0.02,,-14602.67,6/1/2026
5/29/2026,IRA-ROTH $321K,233267024,JOURNALED JNL VS A/C TYPES (Cash),,No Description,Cash,0,,USD,,0,0,,,,-13879.45,
5/29/2026,IRA-ROTH $321K,233267024,JOURNALED JNL VS A/C TYPES (Margin),,No Description,Margin,0,,USD,,0,0,,,,13879.45,
5/29/2026,IRA-Roll $462K,119072621,YOU SOLD CLOSING TRANSACTION CALL (NOW) SERVICENOW INC COM JAN 21 28 $65 (100 SHS) (Margin), -NOW280121C65,CALL (NOW) SERVICENOW INC COM JAN 21 28 $65 (100 SHS),Margin,0,,USD,70.8,-1,0,0.65,0.17,,7079.18,6/1/2026
5/29/2026,IRA-Roll $462K,119072621,YOU SOLD CLOSING TRANSACTION CALL (NOW) SERVICENOW INC COM JAN 21 28 $65 (100 SHS) (Margin), -NOW280121C65,CALL (NOW) SERVICENOW INC COM JAN 21 28 $65 (100 SHS),Margin,0,,USD,70.84,-1,0,0.65,0.17,,7083.18,6/1/2026
5/29/2026,IRA-Roll $462K,119072621,YOU SOLD CLOSING TRANSACTION CALL (NOW) SERVICENOW INC COM JAN 21 28 $65 (100 SHS) (Margin), -NOW280121C65,CALL (NOW) SERVICENOW INC COM JAN 21 28 $65 (100 SHS),Margin,0,,USD,70.62,-1,0,0.65,0.17,,7061.18,6/1/2026
5/29/2026,IRA-Roll $462K,119072621,YOU SOLD CLOSING TRANSACTION CALL (NOW) SERVICENOW INC COM JAN 21 28 $65 (100 SHS) (Margin), -NOW280121C65,CALL (NOW) SERVICENOW INC COM JAN 21 28 $65 (100 SHS),Margin,0,,USD,70.65,-1,0,0.65,0.17,,7064.18,6/1/2026
5/29/2026,IRA-Roll $462K,119072621,YOU BOUGHT OPENING TRANSACTION CALL (MDB) MONGODB INC CL A JAN 21 28 $240 (100 SHS) (Margin), -MDB280121C240,CALL (MDB) MONGODB INC CL A JAN 21 28 $240 (100 SHS),Margin,0,,USD,149.4,1,0,0.65,0.02,,-14940.67,6/1/2026
5/29/2026,IRA-Roll $462K,119072621,YOU SOLD CLOSING TRANSACTION CALL (BE) BLOOM ENERGY CORP JUN 18 26 $245 (100 SHS) (Margin), -BE260618C245,CALL (BE) BLOOM ENERGY CORP JUN 18 26 $245 (100 SHS),Margin,0,,USD,50.2,-1,0,0.65,0.13,,5019.22,6/1/2026
5/29/2026,IRA-Roll $462K,119072621,TRANSFERRED FROM VS 238-174669-1 CALL (CRM) SALESFORCE INC COM JAN 21 28 $140 (100 SHS) (Cash), -CRM280121C140,CALL (CRM) SALESFORCE INC COM JAN 21 28 $140 (100 SHS),Cash,0,,USD,,1,0,,,,0,
5/29/2026,IRA-Roll $462K,119072621,YOU BOUGHT OPENING TRANSACTION CALL (BE) BLOOM ENERGY CORP JAN 21 28 $260 (100 SHS) (Margin), -BE280121C260,CALL (BE) BLOOM ENERGY CORP JAN 21 28 $260 (100 SHS),Margin,0,,USD,152.71,1,0,0.65,0.02,,-15271.67,6/1/2026
5/29/2026,IRA-Roll $462K,119072621,JOURNALED JNL VS A/C TYPES (Cash),,No Description,Cash,0,,USD,,0,0,,,,29636.11,
5/29/2026,IRA-Roll $462K,119072621,JOURNALED JNL VS A/C TYPES (Margin),,No Description,Margin,0,,USD,,0,0,,,,-29636.11,
6/1/2026,IRA-ETF $203K,238174669,YOU SOLD VANECK ETF TRUST SEMICONDUCTR ETF (SMH) (Cash),SMH,VANECK ETF TRUST SEMICONDUCTR ETF,Cash,0,,USD,606.9,-10,0,,0.13,,6068.82,6/2/2026
6/1/2026,IRA-ETF $203K,238174669,YOU SOLD VANECK ETF TRUST SEMICONDUCTR ETF (SMH) (Cash),SMH,VANECK ETF TRUST SEMICONDUCTR ETF,Cash,0,,USD,606.5,-10,0,,0.13,,6064.82,6/2/2026
6/1/2026,IRA-ETF $203K,238174669,YOU SOLD VANECK ETF TRUST SEMICONDUCTR ETF (SMH) (Cash),SMH,VANECK ETF TRUST SEMICONDUCTR ETF,Cash,0,,USD,604,-10,0,,0.14,,6039.86,6/2/2026
6/1/2026,IRA-ETF $203K,238174669,YOU SOLD VANECK ETF TRUST SEMICONDUCTR ETF (SMH) (Cash),SMH,VANECK ETF TRUST SEMICONDUCTR ETF,Cash,0,,USD,604.46,-10,0,,0.13,,6044.47,6/2/2026
6/1/2026,IRA-ETF $203K,238174669,YOU SOLD VANECK ETF TRUST SEMICONDUCTR ETF (SMH) (Cash),SMH,VANECK ETF TRUST SEMICONDUCTR ETF,Cash,0,,USD,604.36,-10,0,,0.13,,6043.47,6/2/2026
6/1/2026,IRA-ETF $203K,238174669,TRANSFERRED TO VS 119-072621-1 (Cash), ,No Description,Cash,0,,USD,,0,0,,,,-32000,
6/1/2026,DI Ind. $83.5K,X69705290,JOURNALED JNL VS A/C TYPES (Cash),,No Description,Cash,0,,USD,,0,0,,,,-11734.51,
6/1/2026,DI Ind. $83.5K,X69705290,JOURNALED JNL VS A/C TYPES (Margin),,No Description,Margin,0,,USD,,0,0,,,,11734.51,
6/1/2026,DI Ind. $83.5K,X69705290,JOURNALED VS X69-705290-2 AUTO-JOURNAL INVESCO EXCHANGE TRADED FD TR SEMICO... (PSI) (Cash),PSI,INVESCO EXCHANGE TRADED FD TR SEMICONDU,Cash,0,,USD,,-50,0,,,,0,
6/1/2026,DI Ind. $83.5K,X69705290,JOURNALED VS X69-705290-1 AUTO-JOURNAL INVESCO EXCHANGE TRADED FD TR SEMICO... (PSI) (Margin),PSI,INVESCO EXCHANGE TRADED FD TR SEMICONDU,Margin,0,,USD,,50,0,,,,0,
6/1/2026,DI Ind. $83.5K,X69705290,JOURNALED VS X69-705290-2 AUTO-JOURNAL VANECK ETF TRUST SEMICONDUCTR ETF (SMH) (Cash),SMH,VANECK ETF TRUST SEMICONDUCTR ETF,Cash,0,,USD,,-5,0,,,,0,
6/1/2026,DI Ind. $83.5K,X69705290,JOURNALED VS X69-705290-1 AUTO-JOURNAL VANECK ETF TRUST SEMICONDUCTR ETF (SMH) (Margin),SMH,VANECK ETF TRUST SEMICONDUCTR ETF,Margin,0,,USD,,5,0,,,,0,
6/1/2026,IRA-ROTH $321K,233267024,YOU SOLD CLOSING TRANSACTION CALL (MDB) MONGODB INC CL A JAN 21 28 $220 (100 SHS) (Margin), -MDB280121C220,CALL (MDB) MONGODB INC CL A JAN 21 28 $220 (100 SHS),Margin,0,,USD,233,-1,0,0.65,0.5,,23298.85,6/2/2026
6/1/2026,IRA-ROTH $321K,233267024,YOU SOLD ISHARES TR ISHARES SEMICDTR (SOXX) (Margin),SOXX,ISHARES TR ISHARES SEMICDTR,Margin,0,,USD,575.21,-20,0,,0.25,,11503.95,6/2/2026
6/1/2026,IRA-ROTH $321K,233267024,YOU SOLD CLOSING TRANSACTION CALL (MU) MICRON TECHNOLOGY JAN 21 28 $600 (100 SHS) (Margin), -MU280121C600,CALL (MU) MICRON TECHNOLOGY JAN 21 28 $600 (100 SHS),Margin,0,,USD,625.1,-1,0,0.65,1.31,,62508.04,6/2/2026
6/1/2026,IRA-ROTH $321K,233267024,YOU SOLD ISHARES TR ISHARES SEMICDTR (SOXX) (Margin),SOXX,ISHARES TR ISHARES SEMICDTR,Margin,0,,USD,572.75,-20,0,,0.24,,11454.76,6/2/2026
6/1/2026,IRA-ROTH $321K,233267024,YOU BOUGHT OPENING TRANSACTION CALL (VEEV) VEEVA SYSTEMS INC JAN 21 28 $150 (100 SHS) (Margin), -VEEV280121C150,CALL (VEEV) VEEVA SYSTEMS INC JAN 21 28 $150 (100 SHS),Margin,0,,USD,75,1,0,0.65,0.02,,-7500.67,6/2/2026
6/1/2026,IRA-ROTH $321K,233267024,YOU SOLD ISHARES TR ISHARES SEMICDTR (SOXX) (Margin),SOXX,ISHARES TR ISHARES SEMICDTR,Margin,0,,USD,570.41,-10,0,,0.13,,5703.97,6/2/2026
6/1/2026,IRA-ROTH $321K,233267024,YOU BOUGHT OPENING TRANSACTION CALL (MU) MICRON TECHNOLOGY JAN 21 28 $810 (100 SHS) (Margin), -MU280121C810,CALL (MU) MICRON TECHNOLOGY JAN 21 28 $810 (100 SHS),Margin,0,,USD,528,1,0,0.65,0.02,,-52800.67,6/2/2026
6/1/2026,IRA-ROTH $321K,233267024,YOU BOUGHT OPENING TRANSACTION CALL (DELL) DELL TECHNOLOGIES JAN 21 28 $340 (100 SHS) (Margin), -DELL280121C340,CALL (DELL) DELL TECHNOLOGIES JAN 21 28 $340 (100 SHS),Margin,0,,USD,212.68,1,0,0.65,0.02,,-21268.67,6/2/2026
6/1/2026,IRA-ROTH $321K,233267024,YOU BOUGHT OPENING TRANSACTION CALL (PWR) QUANTA SERVICES COM JAN 21 28 $520 (100 SHS) (Margin), -PWR280121C520,CALL (PWR) QUANTA SERVICES COM JAN 21 28 $520 (100 SHS),Margin,0,,USD,276.5,1,0,0.65,0.02,,-27650.67,6/2/2026
6/1/2026,IRA-ROTH $321K,233267024,YOU BOUGHT OPENING TRANSACTION CALL (QCOM) QUALCOMM INC JAN 21 28 $175 (100 SHS) (Margin), -QCOM280121C175,CALL (QCOM) QUALCOMM INC JAN 21 28 $175 (100 SHS),Margin,0,,USD,102.63,1,0,0.65,0.02,,-10263.67,6/2/2026
6/1/2026,IRA-ROTH $321K,233267024,YOU BOUGHT OPENING TRANSACTION CALL (QCOM) QUALCOMM INC JAN 21 28 $170 (100 SHS) (Margin), -QCOM280121C170,CALL (QCOM) QUALCOMM INC JAN 21 28 $170 (100 SHS),Margin,0,,USD,104.25,1,0,0.65,0.02,,-10425.67,6/2/2026
6/1/2026,IRA-ROTH $321K,233267024,YOU BOUGHT OPENING TRANSACTION CALL (DDOG) DATADOG INC CL A COM JAN 21 28 $200 (100 SHS) (Margin), -DDOG280121C200,CALL (DDOG) DATADOG INC CL A COM JAN 21 28 $200 (100 SHS),Margin,0,,USD,125.81,1,0,0.65,0.02,,-12581.67,6/2/2026
6/1/2026,IRA-ROTH $321K,233267024,YOU SOLD CLOSING TRANSACTION CALL (NOW) SERVICENOW INC COM JAN 21 28 $85 (100 SHS) (Margin), -NOW280121C85,CALL (NOW) SERVICENOW INC COM JAN 21 28 $85 (100 SHS),Margin,0,,USD,70.42,-1,0,0.65,0.17,,7041.18,6/2/2026
6/1/2026,IRA-ROTH $321K,233267024,YOU SOLD CLOSING TRANSACTION CALL (ARM) ARM HOLDINGS PLC JAN 21 28 $240 (100 SHS) (Margin), -ARM280121C240,CALL (ARM) ARM HOLDINGS PLC JAN 21 28 $240 (100 SHS),Margin,0,,USD,244.01,-1,0,0.65,0.53,,24399.82,6/2/2026
6/1/2026,IRA-ROTH $321K,233267024,YOU SOLD CLOSING TRANSACTION CALL (NET) CLOUDFLARE INC CL A JAN 21 28 $150 (100 SHS) (Margin), -NET280121C150,CALL (NET) CLOUDFLARE INC CL A JAN 21 28 $150 (100 SHS),Margin,0,,USD,145.38,-1,0,0.65,0.32,,14537.03,6/2/2026
6/1/2026,IRA-ROTH $321K,233267024,YOU SOLD CLOSING TRANSACTION CALL (NET) CLOUDFLARE INC CL A JAN 21 28 $150 (100 SHS) (Margin), -NET280121C150,CALL (NET) CLOUDFLARE INC CL A JAN 21 28 $150 (100 SHS),Margin,0,,USD,144.88,-1,0,0.65,0.32,,14487.03,6/2/2026
6/1/2026,IRA-ROTH $321K,233267024,YOU SOLD CLOSING TRANSACTION CALL (DDOG) DATADOG INC CL A COM JAN 21 28 $150 (100 SHS) (Margin), -DDOG280121C150,CALL (DDOG) DATADOG INC CL A COM JAN 21 28 $150 (100 SHS),Margin,0,,USD,149.5,-1,0,0.65,0.33,,14949.02,6/2/2026
6/1/2026,IRA-ROTH $321K,233267024,YOU SOLD CLOSING TRANSACTION CALL (WDAY) WORKDAY INC COM JAN 21 28 $90 (100 SHS) (Margin), -WDAY280121C90,CALL (WDAY) WORKDAY INC COM JAN 21 28 $90 (100 SHS),Margin,0,,USD,83,-1,0,0.65,0.2,,8299.15,6/2/2026
6/1/2026,IRA-ROTH $321K,233267024,YOU SOLD CLOSING TRANSACTION CALL (DDOG) DATADOG INC CL A COM JAN 21 28 $150 (100 SHS) (Margin), -DDOG280121C150,CALL (DDOG) DATADOG INC CL A COM JAN 21 28 $150 (100 SHS),Margin,0,,USD,146.5,-1,0,0.65,0.33,,14649.02,6/2/2026
6/1/2026,IRA-ROTH $321K,233267024,YOU SOLD CLOSING TRANSACTION CALL (MU) MICRON TECHNOLOGY JAN 21 28 $560 (100 SHS) (Margin), -MU280121C560,CALL (MU) MICRON TECHNOLOGY JAN 21 28 $560 (100 SHS),Margin,0,,USD,630,-1,0,0.65,1.32,,62998.03,6/2/2026
6/1/2026,IRA-ROTH $321K,233267024,JOURNALED JNL VS A/C TYPES (Cash),,No Description,Cash,0,,USD,,0,0,,,,-31383.71,
6/1/2026,IRA-ROTH $321K,233267024,JOURNALED JNL VS A/C TYPES (Margin),,No Description,Margin,0,,USD,,0,0,,,,31383.71,
6/1/2026,IRA-Roll $462K,119072621,YOU BOUGHT OPENING TRANSACTION CALL (VEEV) VEEVA SYSTEMS INC JAN 21 28 $155 (100 SHS) (Margin), -VEEV280121C155,CALL (VEEV) VEEVA SYSTEMS INC JAN 21 28 $155 (100 SHS),Margin,0,,USD,69,1,0,0.65,0.02,,-6900.67,6/2/2026
6/1/2026,IRA-Roll $462K,119072621,YOU BOUGHT OPENING TRANSACTION CALL (VEEV) VEEVA SYSTEMS INC JAN 21 28 $145 (100 SHS) (Margin), -VEEV280121C145,CALL (VEEV) VEEVA SYSTEMS INC JAN 21 28 $145 (100 SHS),Margin,0,,USD,78.5,1,0,0.65,0.02,,-7850.67,6/2/2026
6/1/2026,IRA-Roll $462K,119072621,YOU SOLD CLOSING TRANSACTION CALL (FIG) FIGMA INC CLASS A JAN 21 28 $15 (100 SHS) (Margin), -FIG280121C15,CALL (FIG) FIGMA INC CLASS A JAN 21 28 $15 (100 SHS),Margin,0,,USD,17.15,-1,0,0.65,0.06,,1714.29,6/2/2026
6/1/2026,IRA-Roll $462K,119072621,YOU SOLD CLOSING TRANSACTION CALL (NET) CLOUDFLARE INC CL A JAN 21 28 $150 (100 SHS) (Margin), -NET280121C150,CALL (NET) CLOUDFLARE INC CL A JAN 21 28 $150 (100 SHS),Margin,0,,USD,145.5,-1,0,0.65,0.32,,14549.03,6/2/2026
6/1/2026,IRA-Roll $462K,119072621,YOU SOLD CLOSING TRANSACTION CALL (FIG) FIGMA INC CLASS A JAN 21 28 $15 (100 SHS) (Margin), -FIG280121C15,CALL (FIG) FIGMA INC CLASS A JAN 21 28 $15 (100 SHS),Margin,0,,USD,17.25,-1,0,0.65,0.06,,1724.29,6/2/2026
6/1/2026,IRA-Roll $462K,119072621,YOU BOUGHT OPENING TRANSACTION CALL (INTC) INTEL CORP COM JAN 21 28 $85 (100 SHS) (Margin), -INTC280121C85,CALL (INTC) INTEL CORP COM JAN 21 28 $85 (100 SHS),Margin,0,,USD,53.84,1,0,0.65,0.02,,-5384.67,6/2/2026
6/1/2026,IRA-Roll $462K,119072621,YOU BOUGHT OPENING TRANSACTION CALL (TEAM) ATLASSIAN JAN 21 28 $80 (100 SHS) (Margin), -TEAM280121C80,CALL (TEAM) ATLASSIAN JAN 21 28 $80 (100 SHS),Margin,0,,USD,60.26,1,0,0.65,0.02,,-6026.67,6/2/2026
6/1/2026,IRA-Roll $462K,119072621,YOU SOLD CLOSING TRANSACTION CALL (FIG) FIGMA INC CLASS A JAN 21 28 $15 (100 SHS) (Margin), -FIG280121C15,CALL (FIG) FIGMA INC CLASS A JAN 21 28 $15 (100 SHS),Margin,0,,USD,17.18,-1,0,0.65,0.06,,1717.29,6/2/2026
6/1/2026,IRA-Roll $462K,119072621,YOU BOUGHT OPENING TRANSACTION CALL (QCOM) QUALCOMM INC JAN 21 28 $180 (100 SHS) (Margin), -QCOM280121C180,CALL (QCOM) QUALCOMM INC JAN 21 28 $180 (100 SHS),Margin,0,,USD,99.93,1,0,0.65,0.02,,-9993.67,6/2/2026
6/1/2026,IRA-Roll $462K,119072621,YOU SOLD CLOSING TRANSACTION CALL (FIG) FIGMA INC CLASS A JAN 21 28 $15 (100 SHS) (Margin), -FIG280121C15,CALL (FIG) FIGMA INC CLASS A JAN 21 28 $15 (100 SHS),Margin,0,,USD,16.87,-1,0,0.65,0.06,,1686.29,6/2/2026
6/1/2026,IRA-Roll $462K,119072621,YOU SOLD CLOSING TRANSACTION CALL (FIG) FIGMA INC CLASS A JAN 21 28 $15 (100 SHS) (Margin), -FIG280121C15,CALL (FIG) FIGMA INC CLASS A JAN 21 28 $15 (100 SHS),Margin,0,,USD,16.95,-1,0,0.65,0.06,,1694.29,6/2/2026
6/1/2026,IRA-Roll $462K,119072621,YOU SOLD CLOSING TRANSACTION CALL (ARM) ARM HOLDINGS PLC JAN 21 28 $240 (100 SHS) (Margin), -ARM280121C240,CALL (ARM) ARM HOLDINGS PLC JAN 21 28 $240 (100 SHS),Margin,0,,USD,244.75,-1,0,0.65,0.53,,24473.82,6/2/2026
6/1/2026,IRA-Roll $462K,119072621,YOU SOLD CLOSING TRANSACTION CALL (ARM) ARM HOLDINGS PLC JAN 21 28 $250 (100 SHS) (Margin), -ARM280121C250,CALL (ARM) ARM HOLDINGS PLC JAN 21 28 $250 (100 SHS),Margin,0,,USD,239.53,-1,0,0.65,0.52,,23951.83,6/2/2026
6/1/2026,IRA-Roll $462K,119072621,YOU BOUGHT OPENING TRANSACTION CALL (HUBS) HUBSPOT INC JAN 21 28 $180 (100 SHS) (Margin), -HUBS280121C180,CALL (HUBS) HUBSPOT INC JAN 21 28 $180 (100 SHS),Margin,0,,USD,118.06,1,0,0.65,0.02,,-11806.67,6/2/2026
6/1/2026,IRA-Roll $462K,119072621,YOU SOLD CLOSING TRANSACTION CALL (ARM) ARM HOLDINGS PLC JAN 21 28 $260 (100 SHS) (Margin), -ARM280121C260,CALL (ARM) ARM HOLDINGS PLC JAN 21 28 $260 (100 SHS),Margin,0,,USD,237,-1,0,0.65,0.51,,23698.84,6/2/2026
6/1/2026,IRA-Roll $462K,119072621,YOU SOLD CLOSING TRANSACTION CALL (MRVL) MARVELL TECHNOLOGY JAN 21 28 $125 (100 SHS) (Margin), -MRVL280121C125,CALL (MRVL) MARVELL TECHNOLOGY JAN 21 28 $125 (100 SHS),Margin,0,,USD,121.6,-1,0,0.65,0.28,,12159.07,6/2/2026
6/1/2026,IRA-Roll $462K,119072621,YOU SOLD CLOSING TRANSACTION CALL (MU) MICRON TECHNOLOGY JAN 21 28 $570 (100 SHS) (Margin), -MU280121C570,CALL (MU) MICRON TECHNOLOGY JAN 21 28 $570 (100 SHS),Margin,0,,USD,625,-1,0,0.65,1.31,,62498.04,6/2/2026
6/1/2026,IRA-Roll $462K,119072621,YOU SOLD CLOSING TRANSACTION CALL (MRVL) MARVELL TECHNOLOGY JAN 21 28 $120 (100 SHS) (Margin), -MRVL280121C120,CALL (MRVL) MARVELL TECHNOLOGY JAN 21 28 $120 (100 SHS),Margin,0,,USD,119.94,-1,0,0.65,0.27,,11993.08,6/2/2026
6/1/2026,IRA-Roll $462K,119072621,YOU BOUGHT OPENING TRANSACTION CALL (QCOM) QUALCOMM INC JAN 21 28 $175 (100 SHS) (Margin), -QCOM280121C175,CALL (QCOM) QUALCOMM INC JAN 21 28 $175 (100 SHS),Margin,0,,USD,98.85,1,0,0.65,0.02,,-9885.67,6/2/2026
6/1/2026,IRA-Roll $462K,119072621,YOU BOUGHT OPENING TRANSACTION CALL (ALAB) ASTERA LABS INC COM JAN 21 28 $250 (100 SHS) (Margin), -ALAB280121C250,CALL (ALAB) ASTERA LABS INC COM JAN 21 28 $250 (100 SHS),Margin,0,,USD,169.27,1,0,0.65,0.02,,-16927.67,6/2/2026
6/1/2026,IRA-Roll $462K,119072621,YOU BOUGHT OPENING TRANSACTION CALL (VEEV) VEEVA SYSTEMS INC JAN 21 28 $140 (100 SHS) (Margin), -VEEV280121C140,CALL (VEEV) VEEVA SYSTEMS INC JAN 21 28 $140 (100 SHS),Margin,0,,USD,78,1,0,0.65,0.02,,-7800.67,6/2/2026
6/1/2026,IRA-Roll $462K,119072621,TRANSFERRED FROM VS 238-174669-1 (Cash), ,No Description,Cash,0,,USD,,0,0,,,,32000,
6/1/2026,IRA-Roll $462K,119072621,JOURNALED JNL VS A/C TYPES (Cash),,No Description,Cash,0,,USD,,0,0,,,,3094.6,
6/1/2026,IRA-Roll $462K,119072621,JOURNALED JNL VS A/C TYPES (Margin),,No Description,Margin,0,,USD,,0,0,,,,-3094.6,
6/1/2026,Phil and Lynn,X82843893,DIVIDEND RECEIVED KROGER CO COM USD1.00 (KR) (Cash),KR,KROGER CO COM USD1.00,Cash,0,,USD,,0,0,,,,0.35,
06/02/2026,Trust PHT $988K,Z40402241,DIVIDEND RECEIVED KLA CORP COM NEW (KLAC) (Margin),KLAC,KLA CORP COM NEW,Margin,0,,USD,,0.000,0,,,,216.09,
06/02/2026,Trust PHT $988K,Z40402241,REINVESTMENT KLA CORP COM NEW (KLAC) (Margin),KLAC,KLA CORP COM NEW,Margin,0,,USD,1919.8,0.113,0,,,,-216.09,
06/02/2026,Trust PHT $988K,Z40402241,Electronic Funds Transfer Paid (Cash),,No Description,Cash,0,,USD,,0.000,0,,,,-15000,
06/02/2026,IRA-ETF $203K,238174669,YOU SOLD VANECK ETF TRUST SEMICONDUCTR ETF (SMH) (Cash),SMH,VANECK ETF TRUST SEMICONDUCTR ETF,Cash,0,,USD,625.66,-20,0,,0.27,,12512.93,06/03/2026
06/02/2026,IRA-ETF $203K,238174669,TRANSFERRED TO VS 119-072621-1 (Cash), ,No Description,Cash,0,,USD,,0.000,0,,,,-30000,
06/02/2026,IRA-ROTH $321K,233267024,YOU BOUGHT OPENING TRANSACTION CALL (HUBS) HUBSPOT INC JAN 21 28 $180 (100 SHS) (Margin), -HUBS280121C180,CALL (HUBS) HUBSPOT INC JAN 21 28 $180 (100 SHS),Margin,0,,USD,111.8,1,0,0.65,0.02,,-11180.67,06/03/2026
06/02/2026,IRA-ROTH $321K,233267024,YOU BOUGHT OPENING TRANSACTION CALL (HUBS) HUBSPOT INC JAN 21 28 $175 (100 SHS) (Margin), -HUBS280121C175,CALL (HUBS) HUBSPOT INC JAN 21 28 $175 (100 SHS),Margin,0,,USD,114.26,1,0,0.65,0.02,,-11426.67,06/03/2026
06/02/2026,IRA-ROTH $321K,233267024,YOU BOUGHT OPENING TRANSACTION CALL (INTU) INTUIT INC JAN 21 28 $250 (100 SHS) (Margin), -INTU280121C250,CALL (INTU) INTUIT INC JAN 21 28 $250 (100 SHS),Margin,0,,USD,125.75,1,0,0.65,0.02,,-12575.67,06/03/2026
06/02/2026,IRA-ROTH $321K,233267024,YOU BOUGHT OPENING TRANSACTION CALL (NOW) SERVICENOW INC COM JAN 21 28 $100 (100 SHS) (Margin), -NOW280121C100,CALL (NOW) SERVICENOW INC COM JAN 21 28 $100 (100 SHS),Margin,0,,USD,53.43,1,0,0.65,0.02,,-5343.67,06/03/2026
06/02/2026,IRA-ROTH $321K,233267024,YOU BOUGHT OPENING TRANSACTION CALL (WDAY) WORKDAY INC COM JAN 21 28 $100 (100 SHS) (Margin), -WDAY280121C100,CALL (WDAY) WORKDAY INC COM JAN 21 28 $100 (100 SHS),Margin,0,,USD,67.9,1,0,0.65,0.02,,-6790.67,06/03/2026
06/02/2026,IRA-ROTH $321K,233267024,JOURNALED JNL VS A/C TYPES (Cash),,No Description,Cash,0,,USD,,0.000,0,,,,133338.18,
06/02/2026,IRA-ROTH $321K,233267024,JOURNALED JNL VS A/C TYPES (Margin),,No Description,Margin,0,,USD,,0.000,0,,,,-133338.18,
06/02/2026,IRA-Roll $462K,119072621,YOU BOUGHT OPENING TRANSACTION CALL (FIG) FIGMA INC CLASS A JAN 21 28 $20 (100 SHS) (Margin), -FIG280121C20,CALL (FIG) FIGMA INC CLASS A JAN 21 28 $20 (100 SHS),Margin,0,,USD,12.45,1,0,0.65,0.02,,-1245.67,06/03/2026
06/02/2026,IRA-Roll $462K,119072621,YOU BOUGHT OPENING TRANSACTION CALL (WDAY) WORKDAY INC COM JAN 21 28 $110 (100 SHS) (Margin), -WDAY280121C110,CALL (WDAY) WORKDAY INC COM JAN 21 28 $110 (100 SHS),Margin,0,,USD,64.15,1,0,0.65,0.02,,-6415.67,06/03/2026
06/02/2026,IRA-Roll $462K,119072621,YOU BOUGHT OPENING TRANSACTION CALL (NOW) SERVICENOW INC COM JAN 21 28 $98 (100 SHS) (Margin), -NOW280121C98,CALL (NOW) SERVICENOW INC COM JAN 21 28 $98 (100 SHS),Margin,0,,USD,55.19,1,0,0.65,0.02,,-5519.67,06/03/2026
06/02/2026,IRA-Roll $462K,119072621,YOU SOLD CLOSING TRANSACTION CALL (ANET) ARISTA NETWORKS INC JAN 21 28 $105 (100 SHS) (Margin), -ANET280121C105,CALL (ANET) ARISTA NETWORKS INC JAN 21 28 $105 (100 SHS),Margin,0,,USD,89.98,-1,0,0.65,0.21,,8997.14,06/03/2026
06/02/2026,IRA-Roll $462K,119072621,YOU BOUGHT OPENING TRANSACTION CALL (FIG) FIGMA INC CLASS A JAN 21 28 $20 (100 SHS) (Margin), -FIG280121C20,CALL (FIG) FIGMA INC CLASS A JAN 21 28 $20 (100 SHS),Margin,0,,USD,12.72,1,0,0.65,0.02,,-1272.67,06/03/2026
06/02/2026,IRA-Roll $462K,119072621,YOU BOUGHT OPENING TRANSACTION CALL (HUBS) HUBSPOT INC JAN 21 28 $180 (100 SHS) (Margin), -HUBS280121C180,CALL (HUBS) HUBSPOT INC JAN 21 28 $180 (100 SHS),Margin,0,,USD,115.45,1,0,0.65,0.02,,-11545.67,06/03/2026
06/02/2026,IRA-Roll $462K,119072621,YOU SOLD CLOSING TRANSACTION CALL (COHR) COHERENT CORP COM JAN 21 28 $250 (100 SHS) (Margin), -COHR280121C250,CALL (COHR) COHERENT CORP COM JAN 21 28 $250 (100 SHS),Margin,0,,USD,260,-1,0,0.65,0.56,,25998.79,06/03/2026
06/02/2026,IRA-Roll $462K,119072621,YOU BOUGHT OPENING TRANSACTION CALL (VEEV) VEEVA SYSTEMS INC JAN 21 28 $135 (100 SHS) (Margin), -VEEV280121C135,CALL (VEEV) VEEVA SYSTEMS INC JAN 21 28 $135 (100 SHS),Margin,0,,USD,74.5,1,0,0.65,0.02,,-7450.67,06/03/2026
06/02/2026,IRA-Roll $462K,119072621,YOU BOUGHT OPENING TRANSACTION CALL (TTD) THE TRADE DESK INC JAN 21 28 $17.5 (100 SHS) (Margin), -TTD280121C17.5,CALL (TTD) THE TRADE DESK INC JAN 21 28 $17.5 (100 SHS),Margin,0,,USD,9.8,1,0,0.65,0.02,,-980.67,06/03/2026
06/02/2026,IRA-Roll $462K,119072621,YOU BOUGHT OPENING TRANSACTION CALL (TTD) THE TRADE DESK INC JAN 21 28 $15 (100 SHS) (Margin), -TTD280121C15,CALL (TTD) THE TRADE DESK INC JAN 21 28 $15 (100 SHS),Margin,0,,USD,10.85,1,0,0.65,0.02,,-1085.67,06/03/2026
06/02/2026,IRA-Roll $462K,119072621,YOU BOUGHT OPENING TRANSACTION CALL (CRWD) CROWDSTRIKE HLDGS JAN 21 28 $580 (100 SHS) (Margin), -CRWD280121C580,CALL (CRWD) CROWDSTRIKE HLDGS JAN 21 28 $580 (100 SHS),Margin,0,,USD,321,1,0,0.65,0.02,,-32100.67,06/03/2026
06/02/2026,IRA-Roll $462K,119072621,YOU BOUGHT OPENING TRANSACTION CALL (DELL) DELL TECHNOLOGIES JAN 21 28 $350 (100 SHS) (Margin), -DELL280121C350,CALL (DELL) DELL TECHNOLOGIES JAN 21 28 $350 (100 SHS),Margin,0,,USD,203.73,1,0,0.65,0.02,,-20373.67,06/03/2026
06/02/2026,IRA-Roll $462K,119072621,YOU BOUGHT OPENING TRANSACTION CALL (DELL) DELL TECHNOLOGIES JAN 21 28 $340 (100 SHS) (Margin), -DELL280121C340,CALL (DELL) DELL TECHNOLOGIES JAN 21 28 $340 (100 SHS),Margin,0,,USD,208.5,1,0,0.65,0.02,,-20850.67,06/03/2026
06/02/2026,IRA-Roll $462K,119072621,YOU BOUGHT OPENING TRANSACTION CALL (RDDT) REDDIT INC CL A JAN 21 28 $130 (100 SHS) (Margin), -RDDT280121C130,CALL (RDDT) REDDIT INC CL A JAN 21 28 $130 (100 SHS),Margin,0,,USD,79.93,1,0,0.65,0.02,,-7993.67,06/03/2026
06/02/2026,IRA-Roll $462K,119072621,YOU BOUGHT OPENING TRANSACTION CALL (HPE) HEWLETT PACKARD JAN 21 28 $42 (100 SHS) (Margin), -HPE280121C42,CALL (HPE) HEWLETT PACKARD JAN 21 28 $42 (100 SHS),Margin,0,,USD,23.7,1,0,0.65,0.02,,-2370.67,06/03/2026
06/02/2026,IRA-Roll $462K,119072621,YOU BOUGHT OPENING TRANSACTION CALL (COHR) COHERENT CORP COM JAN 21 28 $340 (100 SHS) (Margin), -COHR280121C340,CALL (COHR) COHERENT CORP COM JAN 21 28 $340 (100 SHS),Margin,0,,USD,222.2,1,0,0.65,0.02,,-22220.67,06/03/2026
06/02/2026,IRA-Roll $462K,119072621,YOU SOLD CLOSING TRANSACTION CALL (COHR) COHERENT CORP COM JAN 21 28 $250 (100 SHS) (Margin), -COHR280121C250,CALL (COHR) COHERENT CORP COM JAN 21 28 $250 (100 SHS),Margin,0,,USD,258.06,-1,0,0.65,0.56,,25804.79,06/03/2026
06/02/2026,IRA-Roll $462K,119072621,YOU BOUGHT OPENING TRANSACTION CALL (FIG) FIGMA INC CLASS A JAN 21 28 $20 (100 SHS) (Margin), -FIG280121C20,CALL (FIG) FIGMA INC CLASS A JAN 21 28 $20 (100 SHS),Margin,0,,USD,12.6,1,0,0.65,0.02,,-1260.67,06/03/2026
06/02/2026,IRA-Roll $462K,119072621,YOU BOUGHT OPENING TRANSACTION CALL (KTOS) KRATOS DEFENSE AND JAN 21 28 $50 (100 SHS) (Margin), -KTOS280121C50,CALL (KTOS) KRATOS DEFENSE AND JAN 21 28 $50 (100 SHS),Margin,0,,USD,29.5,1,0,0.65,0.02,,-2950.67,06/03/2026
06/02/2026,IRA-Roll $462K,119072621,YOU BOUGHT OPENING TRANSACTION CALL (AVAV) AEROVIRONMENT INC JAN 21 28 $160 (100 SHS) (Margin), -AVAV280121C160,CALL (AVAV) AEROVIRONMENT INC JAN 21 28 $160 (100 SHS),Margin,0,,USD,97,1,0,0.65,0.02,,-9700.67,06/03/2026
06/02/2026,IRA-Roll $462K,119072621,TRANSFERRED FROM VS 238-174669-1 (Cash), ,No Description,Cash,0,,USD,,0.000,0,,,,30000,
06/02/2026,IRA-Roll $462K,119072621,JOURNALED JNL VS A/C TYPES (Cash),,No Description,Cash,0,,USD,,0.000,0,,,,99283.13,
06/02/2026,IRA-Roll $462K,119072621,JOURNALED JNL VS A/C TYPES (Margin),,No Description,Margin,0,,USD,,0.000,0,,,,-99283.13,
06/03/2026,Trust PHT $988K,Z40402241,Electronic Funds Transfer Paid (Cash),,No Description,Cash,0,,USD,,0.000,0,,,,-15000,
06/03/2026,IRA-ETF $203K,238174669,YOU SOLD INVESCO EXCHANGE TRADED FD TR SEMICO... (PSI) (Cash),PSI,INVESCO EXCHANGE TRADED FD TR SEMICONDU,Cash,0,,USD,163.68,-20,0,,0.07,,3273.53,06/04/2026
06/03/2026,IRA-ETF $203K,238174669,YOU SOLD VANECK ETF TRUST SEMICONDUCTR ETF (SMH) (Cash),SMH,VANECK ETF TRUST SEMICONDUCTR ETF,Cash,0,,USD,637.52,-10,0,,0.14,,6375.01,06/04/2026
06/03/2026,IRA-ETF $203K,238174669,YOU SOLD INVESCO EXCHANGE TRADED FD TR SEMICO... (PSI) (Cash),PSI,INVESCO EXCHANGE TRADED FD TR SEMICONDU,Cash,0,,USD,163.15,-40,0,,0.14,,6525.86,06/04/2026
06/03/2026,IRA-ETF $203K,238174669,YOU SOLD VANECK ETF TRUST SEMICONDUCTR ETF (SMH) (Cash),SMH,VANECK ETF TRUST SEMICONDUCTR ETF,Cash,0,,USD,635.7,-20,0,,0.27,,12713.63,06/04/2026
06/03/2026,IRA-ETF $203K,238174669,YOU SOLD VANECK ETF TRUST SEMICONDUCTR ETF (SMH) (Cash),SMH,VANECK ETF TRUST SEMICONDUCTR ETF,Cash,0,,USD,636.15,-10,0,,0.14,,6361.32,06/04/2026
06/03/2026,IRA-ETF $203K,238174669,YOU SOLD INVESCO EXCHANGE TRADED FD TR SEMICO... (PSI) (Cash),PSI,INVESCO EXCHANGE TRADED FD TR SEMICONDU,Cash,0,,USD,163.09,-20,0,,0.07,,3261.73,06/04/2026
06/03/2026,IRA-ETF $203K,238174669,TRANSFERRED TO VS 119-072621-1 (Cash), ,No Description,Cash,0,,USD,,0.000,0,,,,-12000,
06/03/2026,IRA-ETF $203K,238174669,YOU SOLD INVESCO EXCHANGE TRADED FD TR SEMICO... (PSI) (Cash),PSI,INVESCO EXCHANGE TRADED FD TR SEMICONDU,Cash,0,,USD,164.72,-40,0,,0.14,,6588.66,06/04/2026
06/03/2026,IRA-ETF $203K,238174669,YOU SOLD VANECK ETF TRUST SEMICONDUCTR ETF (SMH) (Cash),SMH,VANECK ETF TRUST SEMICONDUCTR ETF,Cash,0,,USD,638.41,-10,0,,0.14,,6383.96,06/04/2026
06/03/2026,IRA-ETF $203K,238174669,YOU SOLD VANECK ETF TRUST SEMICONDUCTR ETF (SMH) (Cash),SMH,VANECK ETF TRUST SEMICONDUCTR ETF,Cash,0,,USD,636.5,-10,0,,0.14,,6364.86,06/04/2026
06/03/2026,IRA-ETF $203K,238174669,YOU SOLD INVESCO EXCHANGE TRADED FD TR SEMICO... (PSI) (Cash),PSI,INVESCO EXCHANGE TRADED FD TR SEMICONDU,Cash,0,,USD,163.86,-20,0,,0.07,,3277.13,06/04/2026
06/03/2026,DI IRA $40.6K,209435910,YOU SOLD ISHARES TR ISHARES SEMICDTR (SOXX) (Cash),SOXX,ISHARES TR ISHARES SEMICDTR,Cash,0,,USD,610.81,-10,0,,0.13,,6107.97,06/04/2026
06/03/2026,DI IRA $40.6K,209435910,YOU SOLD INVESCO EXCHANGE TRADED FD TR SEMICO... (PSI) (Cash),PSI,INVESCO EXCHANGE TRADED FD TR SEMICONDU,Cash,0,,USD,162.94,-40,0,,0.14,,6517.46,06/04/2026
06/03/2026,DI Ind. $83.5K,X69705290,YOU SOLD CLOSING TRANSACTION CALL (AMAT) APPLIED MATERIALS JAN 21 28 $300 (100 SHS) (Margin), -AMAT280121C300,CALL (AMAT) APPLIED MATERIALS JAN 21 28 $300 (100 SHS),Margin,0,,USD,254,-1,0,0.65,0.55,,25398.8,06/04/2026
06/03/2026,DI Ind. $83.5K,X69705290,YOU SOLD CLOSING TRANSACTION CALL (AMAT) APPLIED MATERIALS JAN 21 28 $300 (100 SHS) (Margin), -AMAT280121C300,CALL (AMAT) APPLIED MATERIALS JAN 21 28 $300 (100 SHS),Margin,0,,USD,252.25,-1,0,0.65,0.54,,25223.81,06/04/2026
06/03/2026,DI Ind. $83.5K,X69705290,YOU SOLD CLOSING TRANSACTION CALL (MRVL) MARVELL TECHNOLOGY JAN 21 28 $120 (100 SHS) (Margin), -MRVL280121C120,CALL (MRVL) MARVELL TECHNOLOGY JAN 21 28 $120 (100 SHS),Margin,0,,USD,212.45,-1,0,0.65,0.46,,21243.89,06/04/2026
06/03/2026,DI Ind. $83.5K,X69705290,YOU SOLD CLOSING TRANSACTION CALL (MRVL) MARVELL TECHNOLOGY JAN 21 28 $120 (100 SHS) (Margin), -MRVL280121C120,CALL (MRVL) MARVELL TECHNOLOGY JAN 21 28 $120 (100 SHS),Margin,0,,USD,205.43,-1,0,0.65,0.45,,20541.9,06/04/2026
06/03/2026,IRA-ROTH $321K,233267024,YOU SOLD INVESCO EXCHANGE TRADED FD TR SEMICO... (PSI) (Margin),PSI,INVESCO EXCHANGE TRADED FD TR SEMICONDU,Margin,0,,USD,163.84,-20,0,,0.08,,3276.72,06/04/2026
06/03/2026,IRA-ROTH $321K,233267024,YOU SOLD CLOSING TRANSACTION CALL (AMD) ADVANCED MICRO JAN 21 28 $310 (100 SHS) (Margin), -AMD280121C310,CALL (AMD) ADVANCED MICRO JAN 21 28 $310 (100 SHS),Margin,0,,USD,305.1,-1,0,0.65,0.65,,30508.7,06/04/2026
06/03/2026,IRA-ROTH $321K,233267024,YOU SOLD ISHARES TR ISHARES SEMICDTR (SOXX) (Margin),SOXX,ISHARES TR ISHARES SEMICDTR,Margin,0,,USD,613.37,-20,0,,0.26,,12267.14,06/04/2026
06/03/2026,IRA-ROTH $321K,233267024,YOU SOLD CLOSING TRANSACTION CALL (QCOM) QUALCOMM INC JAN 21 28 $160 (100 SHS) (Margin), -QCOM280121C160,CALL (QCOM) QUALCOMM INC JAN 21 28 $160 (100 SHS),Margin,0,,USD,122.5,-1,0,0.65,0.28,,12249.07,06/04/2026
06/03/2026,IRA-ROTH $321K,233267024,YOU BOUGHT OPENING TRANSACTION CALL (SAP) SAP ADR REP 1 ORD JAN 21 28 $145 (100 SHS) (Margin), -SAP280121C145,CALL (SAP) SAP ADR REP 1 ORD JAN 21 28 $145 (100 SHS),Margin,0,,USD,59.99,1,0,0.65,0.02,,-5999.67,06/04/2026
06/03/2026,IRA-ROTH $321K,233267024,YOU BOUGHT OPENING TRANSACTION CALL (ADBE) ADOBE INC COM JAN 21 28 $200 (100 SHS) (Margin), -ADBE280121C200,CALL (ADBE) ADOBE INC COM JAN 21 28 $200 (100 SHS),Margin,0,,USD,95.95,1,0,0.65,0.02,,-9595.67,06/04/2026
06/03/2026,IRA-ROTH $321K,233267024,YOU BOUGHT OPENING TRANSACTION CALL (KTOS) KRATOS DEFENSE AND JAN 21 28 $45 (100 SHS) (Margin), -KTOS280121C45,CALL (KTOS) KRATOS DEFENSE AND JAN 21 28 $45 (100 SHS),Margin,0,,USD,29,1,0,0.65,0.02,,-2900.67,06/04/2026
06/03/2026,IRA-ROTH $321K,233267024,YOU BOUGHT OPENING TRANSACTION CALL (AVAV) AEROVIRONMENT INC JAN 21 28 $145 (100 SHS) (Margin), -AVAV280121C145,CALL (AVAV) AEROVIRONMENT INC JAN 21 28 $145 (100 SHS),Margin,0,,USD,96.5,1,0,0.65,0.02,,-9650.67,06/04/2026
06/03/2026,IRA-ROTH $321K,233267024,YOU BOUGHT OPENING TRANSACTION CALL (LMND) LEMONADE INC COM JAN 21 28 $45 (100 SHS) (Margin), -LMND280121C45,CALL (LMND) LEMONADE INC COM JAN 21 28 $45 (100 SHS),Margin,0,,USD,25.32,1,0,0.65,0.02,,-2532.67,06/04/2026
06/03/2026,IRA-ROTH $321K,233267024,YOU BOUGHT OPENING TRANSACTION CALL (ALAB) ASTERA LABS INC COM JAN 21 28 $290 (100 SHS) (Margin), -ALAB280121C290,CALL (ALAB) ASTERA LABS INC COM JAN 21 28 $290 (100 SHS),Margin,0,,USD,190.5,1,0,0.65,0.02,,-19050.67,06/04/2026
06/03/2026,IRA-ROTH $321K,233267024,YOU BOUGHT OPENING TRANSACTION CALL PALO ALTO NETWO 220PANW+$ JAN 21 28 $520 (220 SHS) (Margin), -PANW1280121C520,CALL PALO ALTO NETWO 220PANW+$ JAN 21 28 $520 (220 SHS),Margin,0,,USD,239,1,0,0.65,0.02,,-23900.67,06/04/2026
06/03/2026,IRA-ROTH $321K,233267024,YOU BOUGHT OPENING TRANSACTION CALL (MDB) MONGODB INC CL A JAN 21 28 $280 (100 SHS) (Margin), -MDB280121C280,CALL (MDB) MONGODB INC CL A JAN 21 28 $280 (100 SHS),Margin,0,,USD,171.68,1,0,0.65,0.02,,-17168.67,06/04/2026
06/03/2026,IRA-ROTH $321K,233267024,YOU BOUGHT OPENING TRANSACTION CALL (SNOW) SNOWFLAKE INC. JAN 21 28 $185 (100 SHS) (Margin), -SNOW280121C185,CALL (SNOW) SNOWFLAKE INC. JAN 21 28 $185 (100 SHS),Margin,0,,USD,110.4,1,0,0.65,0.02,,-11040.67,06/04/2026
06/03/2026,IRA-ROTH $321K,233267024,JOURNALED JNL VS A/C TYPES (Cash),,No Description,Cash,0,,USD,,0.000,0,,,,-47317.35,
06/03/2026,IRA-ROTH $321K,233267024,JOURNALED JNL VS A/C TYPES (Margin),,No Description,Margin,0,,USD,,0.000,0,,,,47317.35,
06/03/2026,IRA-Roll $462K,119072621,YOU BOUGHT OPENING TRANSACTION CALL (HUBS) HUBSPOT INC JAN 21 28 $170 (100 SHS) (Margin), -HUBS280121C170,CALL (HUBS) HUBSPOT INC JAN 21 28 $170 (100 SHS),Margin,0,,USD,108.5,1,0,0.65,0.02,,-10850.67,06/04/2026
06/03/2026,IRA-Roll $462K,119072621,YOU BOUGHT OPENING TRANSACTION CALL (NOW) SERVICENOW INC COM JAN 21 28 $92 (100 SHS) (Margin), -NOW280121C92,CALL (NOW) SERVICENOW INC COM JAN 21 28 $92 (100 SHS),Margin,0,,USD,53.23,2,0,1.3,0.04,,-10647.34,06/04/2026
06/03/2026,IRA-Roll $462K,119072621,YOU BOUGHT OPENING TRANSACTION CALL (TEAM) ATLASSIAN JUN 18 26 $90 (100 SHS) (Margin), -TEAM260618C90,CALL (TEAM) ATLASSIAN JUN 18 26 $90 (100 SHS),Margin,0,,USD,14.3,1,0,0.65,0.02,,-1430.67,06/04/2026
06/03/2026,IRA-Roll $462K,119072621,YOU BOUGHT OPENING TRANSACTION CALL (OKTA) OKTA INC CL A JAN 21 28 $100 (100 SHS) (Margin), -OKTA280121C100,CALL (OKTA) OKTA INC CL A JAN 21 28 $100 (100 SHS),Margin,0,,USD,50.9,2,0,1.3,0.05,,-10181.35,06/04/2026
06/03/2026,IRA-Roll $462K,119072621,YOU BOUGHT OPENING TRANSACTION CALL (OKTA) OKTA INC CL A JAN 21 28 $95 (100 SHS) (Margin), -OKTA280121C95,CALL (OKTA) OKTA INC CL A JAN 21 28 $95 (100 SHS),Margin,0,,USD,54,2,0,1.3,0.05,,-10801.35,06/04/2026
06/03/2026,IRA-Roll $462K,119072621,TRANSFERRED FROM VS 238-174669-1 (Cash), ,No Description,Cash,0,,USD,,0.000,0,,,,12000,
06/03/2026,IRA-Roll $462K,119072621,YOU BOUGHT OPENING TRANSACTION CALL (DDOG) DATADOG INC CL A COM JAN 21 28 $185 (100 SHS) (Margin), -DDOG280121C185,CALL (DDOG) DATADOG INC CL A COM JAN 21 28 $185 (100 SHS),Margin,0,,USD,113.75,1,0,0.65,0.02,,-11375.67,06/04/2026
06/03/2026,IRA-Roll $462K,119072621,YOU SOLD CLOSING TRANSACTION CALL (AMD) ADVANCED MICRO JAN 21 28 $320 (100 SHS) (Margin), -AMD280121C320,CALL (AMD) ADVANCED MICRO JAN 21 28 $320 (100 SHS),Margin,0,,USD,288.2,-1,0,0.65,0.62,,28818.73,06/04/2026
06/03/2026,IRA-Roll $462K,119072621,YOU BOUGHT OPENING TRANSACTION CALL (HUBS) HUBSPOT INC JAN 21 28 $170 (100 SHS) (Margin), -HUBS280121C170,CALL (HUBS) HUBSPOT INC JAN 21 28 $170 (100 SHS),Margin,0,,USD,106,1,0,0.65,0.02,,-10600.67,06/04/2026
06/03/2026,IRA-Roll $462K,119072621,YOU SOLD CLOSING TRANSACTION CALL (QCOM) QUALCOMM INC JAN 21 28 $150 (100 SHS) (Margin), -QCOM280121C150,CALL (QCOM) QUALCOMM INC JAN 21 28 $150 (100 SHS),Margin,0,,USD,128.61,-1,0,0.65,0.29,,12860.06,06/04/2026
06/03/2026,IRA-Roll $462K,119072621,YOU SOLD CLOSING TRANSACTION CALL (QCOM) QUALCOMM INC JAN 21 28 $150 (100 SHS) (Margin), -QCOM280121C150,CALL (QCOM) QUALCOMM INC JAN 21 28 $150 (100 SHS),Margin,0,,USD,129.03,-1,0,0.65,0.29,,12902.06,06/04/2026
06/03/2026,IRA-Roll $462K,119072621,YOU BOUGHT OPENING TRANSACTION CALL PALO ALTO NETWO 220PANW+$ JAN 21 28 $510 (220 SHS) (Margin), -PANW1280121C510,CALL PALO ALTO NETWO 220PANW+$ JAN 21 28 $510 (220 SHS),Margin,0,,USD,245.5,1,0,0.65,0.02,,-24550.67,06/04/2026
06/03/2026,IRA-Roll $462K,119072621,YOU BOUGHT OPENING TRANSACTION CALL (LMND) LEMONADE INC COM JAN 21 28 $45 (100 SHS) (Margin), -LMND280121C45,CALL (LMND) LEMONADE INC COM JAN 21 28 $45 (100 SHS),Margin,0,,USD,25.88,1,0,0.65,0.02,,-2588.67,06/04/2026
06/03/2026,IRA-Roll $462K,119072621,YOU BOUGHT OPENING TRANSACTION CALL (SAP) SAP ADR REP 1 ORD JAN 21 28 $150 (100 SHS) (Margin), -SAP280121C150,CALL (SAP) SAP ADR REP 1 ORD JAN 21 28 $150 (100 SHS),Margin,0,,USD,57.9,1,0,0.65,0.02,,-5790.67,06/04/2026
06/03/2026,IRA-Roll $462K,119072621,YOU SOLD CLOSING TRANSACTION CALL (QCOM) QUALCOMM INC JAN 21 28 $145 (100 SHS) (Margin), -QCOM280121C145,CALL (QCOM) QUALCOMM INC JAN 21 28 $145 (100 SHS),Margin,0,,USD,132,-1,0,0.65,0.3,,13199.05,06/04/2026
06/03/2026,IRA-Roll $462K,119072621,YOU BOUGHT OPENING TRANSACTION CALL (UMC) UNITED MICR ELCTRNS JAN 21 28 $15 (100 SHS) (Margin), -UMC280121C15,CALL (UMC) UNITED MICR ELCTRNS JAN 21 28 $15 (100 SHS),Margin,0,,USD,10.05,5,0,3.25,0.11,,-5028.36,06/04/2026
06/03/2026,IRA-Roll $462K,119072621,YOU SOLD CLOSING TRANSACTION CALL (QCOM) QUALCOMM INC JAN 21 28 $145 (100 SHS) (Margin), -QCOM280121C145,CALL (QCOM) QUALCOMM INC JAN 21 28 $145 (100 SHS),Margin,0,,USD,130.9,-1,0,0.65,0.29,,13089.06,06/04/2026
06/03/2026,IRA-Roll $462K,119072621,YOU BOUGHT OPENING TRANSACTION CALL (ARM) ARM HOLDINGS PLC JAN 21 28 $320 (100 SHS) (Margin), -ARM280121C320,CALL (ARM) ARM HOLDINGS PLC JAN 21 28 $320 (100 SHS),Margin,0,,USD,200.5,1,0,0.65,0.02,,-20050.67,06/04/2026
06/03/2026,IRA-Roll $462K,119072621,YOU BOUGHT OPENING TRANSACTION CALL (SNOW) SNOWFLAKE INC. JAN 21 28 $190 (100 SHS) (Margin), -SNOW280121C190,CALL (SNOW) SNOWFLAKE INC. JAN 21 28 $190 (100 SHS),Margin,0,,USD,107.98,1,0,0.65,0.02,,-10798.67,06/04/2026
06/03/2026,IRA-Roll $462K,119072621,YOU BOUGHT OPENING TRANSACTION CALL (ARM) ARM HOLDINGS PLC JAN 21 28 $300 (100 SHS) (Margin), -ARM280121C300,CALL (ARM) ARM HOLDINGS PLC JAN 21 28 $300 (100 SHS),Margin,0,,USD,205.8,1,0,0.65,0.02,,-20580.67,06/04/2026
06/03/2026,IRA-Roll $462K,119072621,YOU BOUGHT OPENING TRANSACTION CALL (SAP) SAP ADR REP 1 ORD JAN 21 28 $150 (100 SHS) (Margin), -SAP280121C150,CALL (SAP) SAP ADR REP 1 ORD JAN 21 28 $150 (100 SHS),Margin,0,,USD,58.54,1,0,0.65,0.02,,-5854.67,06/04/2026
06/03/2026,IRA-Roll $462K,119072621,YOU BOUGHT OPENING TRANSACTION CALL (DDOG) DATADOG INC CL A COM JAN 21 28 $190 (100 SHS) (Margin), -DDOG280121C190,CALL (DDOG) DATADOG INC CL A COM JAN 21 28 $190 (100 SHS),Margin,0,,USD,109.5,1,0,0.65,0.02,,-10950.67,06/04/2026
06/03/2026,IRA-Roll $462K,119072621,YOU BOUGHT OPENING TRANSACTION CALL (MDB) MONGODB INC CL A JAN 21 28 $280 (100 SHS) (Margin), -MDB280121C280,CALL (MDB) MONGODB INC CL A JAN 21 28 $280 (100 SHS),Margin,0,,USD,170.85,1,0,0.65,0.02,,-17085.67,06/04/2026
06/03/2026,IRA-Roll $462K,119072621,JOURNALED JNL VS A/C TYPES (Cash),,No Description,Cash,0,,USD,,0.000,0,,,,-94537.67,
06/03/2026,IRA-Roll $462K,119072621,JOURNALED JNL VS A/C TYPES (Margin),,No Description,Margin,0,,USD,,0.000,0,,,,94537.67,
06/04/2026,DI Ind. $83.5K,X69705290,YOU BOUGHT ISHARES TR ISHARES SEMICDTR (SOXX) (Cash),SOXX,ISHARES TR ISHARES SEMICDTR,Cash,0,,USD,604.41,100,0,,,,-60441,06/05/2026
06/04/2026,DI Ind. $83.5K,X69705290,JOURNALED JNL VS A/C TYPES (Cash),,No Description,Cash,0,,USD,,0.000,0,,,,92408.4,
06/04/2026,DI Ind. $83.5K,X69705290,JOURNALED JNL VS A/C TYPES (Margin),,No Description,Margin,0,,USD,,0.000,0,,,,-92408.4,
06/04/2026,IRA-ROTH $321K,233267024,YOU BOUGHT OPENING TRANSACTION CALL (ANET) ARISTA NETWORKS INC JAN 21 28 $115 (100 SHS) (Margin), -ANET280121C115,CALL (ANET) ARISTA NETWORKS INC JAN 21 28 $115 (100 SHS),Margin,0,,USD,77.9,1,0,0.65,0.02,,-7790.67,06/05/2026
06/04/2026,IRA-ROTH $321K,233267024,YOU SOLD CLOSING TRANSACTION CALL (AMD) ADVANCED MICRO JAN 21 28 $310 (100 SHS) (Margin), -AMD280121C310,CALL (AMD) ADVANCED MICRO JAN 21 28 $310 (100 SHS),Margin,0,,USD,288.88,-1,0,0.65,0.62,,28886.73,06/05/2026
06/04/2026,IRA-ROTH $321K,233267024,YOU SOLD CLOSING TRANSACTION CALL (AMD) ADVANCED MICRO JAN 21 28 $310 (100 SHS) (Margin), -AMD280121C310,CALL (AMD) ADVANCED MICRO JAN 21 28 $310 (100 SHS),Margin,0,,USD,289.63,-1,0,0.65,0.62,,28961.73,06/05/2026
06/04/2026,IRA-ROTH $321K,233267024,YOU BOUGHT OPENING TRANSACTION CALL (NET) CLOUDFLARE INC CL A JAN 21 28 $210 (100 SHS) (Margin), -NET280121C210,CALL (NET) CLOUDFLARE INC CL A JAN 21 28 $210 (100 SHS),Margin,0,,USD,122.85,1,0,0.65,0.02,,-12285.67,06/05/2026
06/04/2026,IRA-ROTH $321K,233267024,YOU SOLD INVESCO EXCHANGE TRADED FD TR SEMICO... (PSI) (Margin),PSI,INVESCO EXCHANGE TRADED FD TR SEMICONDU,Margin,0,,USD,163.28,-40,0,,0.14,,6531.06,06/05/2026
06/04/2026,IRA-ROTH $321K,233267024,YOU BOUGHT OPENING TRANSACTION CALL (NET) CLOUDFLARE INC CL A JAN 21 28 $200 (100 SHS) (Margin), -NET280121C200,CALL (NET) CLOUDFLARE INC CL A JAN 21 28 $200 (100 SHS),Margin,0,,USD,128.2,1,0,0.65,0.02,,-12820.67,06/05/2026
06/04/2026,IRA-ROTH $321K,233267024,YOU SOLD INVESCO EXCHANGE TRADED FD TR SEMICO... (PSI) (Margin),PSI,INVESCO EXCHANGE TRADED FD TR SEMICONDU,Margin,0,,USD,162.63,-40,0,,0.14,,6505.06,06/05/2026
06/04/2026,IRA-ROTH $321K,233267024,YOU SOLD INVESCO EXCHANGE TRADED FD TR SEMICO... (PSI) (Margin),PSI,INVESCO EXCHANGE TRADED FD TR SEMICONDU,Margin,0,,USD,162.55,-40,0,,0.14,,6501.86,06/05/2026
06/04/2026,IRA-ROTH $321K,233267024,YOU BOUGHT OPENING TRANSACTION CALL (CIEN) CIENA CORP JAN 21 28 $490 (100 SHS) (Margin), -CIEN280121C490,CALL (CIEN) CIENA CORP JAN 21 28 $490 (100 SHS),Margin,0,,USD,222,1,0,0.65,0.02,,-22200.67,06/05/2026
06/04/2026,IRA-ROTH $321K,233267024,YOU BOUGHT OPENING TRANSACTION CALL (AVGO) BROADCOM INC COM JAN 21 28 $300 (100 SHS) (Margin), -AVGO280121C300,CALL (AVGO) BROADCOM INC COM JAN 21 28 $300 (100 SHS),Margin,0,,USD,164.1,1,0,0.65,0.02,,-16410.67,06/05/2026
06/04/2026,IRA-ROTH $321K,233267024,JOURNALED JNL VS A/C TYPES (Cash),,No Description,Cash,0,,USD,,0.000,0,,,,-43538.39,
06/04/2026,IRA-ROTH $321K,233267024,JOURNALED JNL VS A/C TYPES (Margin),,No Description,Margin,0,,USD,,0.000,0,,,,43538.39,
06/04/2026,IRA-Roll $462K,119072621,YOU SOLD CLOSING TRANSACTION CALL (AMD) ADVANCED MICRO JAN 21 28 $320 (100 SHS) (Margin), -AMD280121C320,CALL (AMD) ADVANCED MICRO JAN 21 28 $320 (100 SHS),Margin,0,,USD,282.5,-1,0,0.65,0.61,,28248.74,06/05/2026
06/04/2026,IRA-Roll $462K,119072621,YOU SOLD CLOSING TRANSACTION CALL (AMD) ADVANCED MICRO JAN 21 28 $320 (100 SHS) (Margin), -AMD280121C320,CALL (AMD) ADVANCED MICRO JAN 21 28 $320 (100 SHS),Margin,0,,USD,284,-1,0,0.65,0.61,,28398.74,06/05/2026
06/04/2026,IRA-Roll $462K,119072621,YOU SOLD TESLA INC COM (TSLA) (Margin),TSLA,TESLA INC COM,Margin,0,,USD,419.7,-20,0,,0.18,,8393.82,06/05/2026
06/04/2026,IRA-Roll $462K,119072621,YOU SOLD CLOSING TRANSACTION CALL (STX) SEAGATE TECHNOLOGY JAN 21 28 $550 (100 SHS) (Margin), -STX280121C550,CALL (STX) SEAGATE TECHNOLOGY JAN 21 28 $550 (100 SHS),Margin,0,,USD,556.4,-1,0,0.65,1.17,,55638.18,06/05/2026
06/04/2026,IRA-Roll $462K,119072621,YOU SOLD CLOSING TRANSACTION CALL (WDC) WESTERN DIGITAL JAN 21 28 $350 (100 SHS) (Margin), -WDC280121C350,CALL (WDC) WESTERN DIGITAL JAN 21 28 $350 (100 SHS),Margin,0,,USD,347,-1,0,0.65,0.74,,34698.61,06/05/2026
06/04/2026,IRA-Roll $462K,119072621,YOU SOLD TESLA INC COM (TSLA) (Margin),TSLA,TESLA INC COM,Margin,0,,USD,419.89,-20,0,,0.18,,8397.62,06/05/2026
06/04/2026,IRA-Roll $462K,119072621,YOU SOLD INVESCO EXCHANGE TRADED FD TR SEMICO... (PSI) (Cash),PSI,INVESCO EXCHANGE TRADED FD TR SEMICONDU,Cash,0,,USD,162.75,-40,0,,0.15,,6509.85,06/05/2026
06/04/2026,IRA-Roll $462K,119072621,YOU SOLD CLOSING TRANSACTION CALL (NET) CLOUDFLARE INC CL A JAN 21 28 $160 (100 SHS) (Margin), -NET280121C160,CALL (NET) CLOUDFLARE INC CL A JAN 21 28 $160 (100 SHS),Margin,0,,USD,150.28,-1,0,0.65,0.33,,15027.02,06/05/2026
06/04/2026,IRA-Roll $462K,119072621,YOU SOLD INVESCO EXCHANGE TRADED FD TR SEMICO... (PSI) (Cash),PSI,INVESCO EXCHANGE TRADED FD TR SEMICONDU,Cash,0,,USD,162.5,-40,0,,0.14,,6499.86,06/05/2026
06/04/2026,IRA-Roll $462K,119072621,YOU SOLD CLOSING TRANSACTION CALL (NET) CLOUDFLARE INC CL A JAN 21 28 $160 (100 SHS) (Margin), -NET280121C160,CALL (NET) CLOUDFLARE INC CL A JAN 21 28 $160 (100 SHS),Margin,0,,USD,152,-1,0,0.65,0.34,,15199.01,06/05/2026
06/04/2026,IRA-Roll $462K,119072621,TRANSFERRED FROM VS 238-174669-1 (Cash), ,No Description,Cash,0,,USD,,0.000,0,,,,45.69,
06/04/2026,IRA-Roll $462K,119072621,YOU BOUGHT OPENING TRANSACTION CALL (ARM) ARM HOLDINGS PLC JAN 21 28 $290 (100 SHS) (Margin), -ARM280121C290,CALL (ARM) ARM HOLDINGS PLC JAN 21 28 $290 (100 SHS),Margin,0,,USD,201.75,1,0,0.65,0.02,,-20175.67,06/05/2026
06/04/2026,IRA-Roll $462K,119072621,TRANSFERRED FROM INVESCO EXCHANGE TRADED FD TR SEMICO... (PSI) (Cash),PSI,INVESCO EXCHANGE TRADED FD TR SEMICONDU,Cash,0,,USD,,928.223,0,,,,0.00,
06/04/2026,IRA-Roll $462K,119072621,TRANSFERRED FROM VANECK ETF TRUST SEMICONDUCTR ETF (SMH) (Cash),SMH,VANECK ETF TRUST SEMICONDUCTR ETF,Cash,0,,USD,,355.728,0,,,,0.00,
06/04/2026,IRA-Roll $462K,119072621,YOU BOUGHT OPENING TRANSACTION CALL (CIEN) CIENA CORP JAN 21 28 $400 (100 SHS) (Margin), -CIEN280121C400,CALL (CIEN) CIENA CORP JAN 21 28 $400 (100 SHS),Margin,0,,USD,250,1,0,0.65,0.02,,-25000.67,06/05/2026
06/04/2026,IRA-Roll $462K,119072621,YOU BOUGHT OPENING TRANSACTION CALL (AVGO) BROADCOM INC COM JAN 21 28 $310 (100 SHS) (Margin), -AVGO280121C310,CALL (AVGO) BROADCOM INC COM JAN 21 28 $310 (100 SHS),Margin,0,,USD,160.58,1,0,0.65,0.02,,-16058.67,06/05/2026
06/04/2026,IRA-Roll $462K,119072621,TRANSFERRED FROM VS 238-174669-1 (Cash), ,No Description,Cash,0,,USD,,0.000,0,,,,62000,
06/04/2026,IRA-Roll $462K,119072621,JOURNALED JNL VS A/C TYPES (Cash),,No Description,Cash,0,,USD,,0.000,0,,,,-108298.16,
06/04/2026,IRA-Roll $462K,119072621,JOURNALED JNL VS A/C TYPES (Margin),,No Description,Margin,0,,USD,,0.000,0,,,,108298.16,
06/05/2026,Trust PHT $988K,Z40402241,YOU SOLD DOMINO S PIZZA INC (DPZ) (Margin),DPZ,DOMINO S PIZZA INC,Margin,0,,USD,310,-80,0,,0.52,,24799.48,06/08/2026
06/05/2026,Trust PHT $988K,Z40402241,YOU SOLD DOMINO S PIZZA INC (DPZ) (Margin),DPZ,DOMINO S PIZZA INC,Margin,0,,USD,310,-0.6,0,,,,186,06/08/2026
06/05/2026,Trust PHT $988K,Z40402241,Electronic Funds Transfer Paid (Cash),,No Description,Cash,0,,USD,,0.000,0,,,,-20000,
06/05/2026,DI IRA $40.6K,209435910,YOU BOUGHT OPENING TRANSACTION CALL (IREN) IREN LIMITED COM NPV JAN 21 28 $47 (100 SHS) (Cash), -IREN280121C47,CALL (IREN) IREN LIMITED COM NPV JAN 21 28 $47 (100 SHS),Cash,0,,USD,29.16,1,0,0.65,0.02,,-2916.67,06/08/2026
06/05/2026,DI IRA $40.6K,209435910,YOU SOLD INVESCO EXCHANGE TRADED FD TR SEMICO... (PSI) (Cash),PSI,INVESCO EXCHANGE TRADED FD TR SEMICONDU,Cash,0,,USD,150.87,-40,0,,0.13,,6034.67,06/08/2026
06/05/2026,DI IRA $40.6K,209435910,YOU SOLD INVESCO EXCHANGE TRADED FD TR SEMICO... (PSI) (Cash),PSI,INVESCO EXCHANGE TRADED FD TR SEMICONDU,Cash,0,,USD,153.17,-40,0,,0.13,,6126.67,06/08/2026
06/05/2026,DI IRA $40.6K,209435910,YOU BOUGHT OPENING TRANSACTION CALL (EWY) ISHARES MSCI SOUTH JAN 21 28 $125 (100 SHS) (Cash), -EWY280121C125,CALL (EWY) ISHARES MSCI SOUTH JAN 21 28 $125 (100 SHS),Cash,0,,USD,87,1,0,0.65,0.02,,-8700.67,06/08/2026
06/05/2026,DI IRA $40.6K,209435910,YOU SOLD INVESCO EXCHANGE TRADED FD TR SEMICO... (PSI) (Cash),PSI,INVESCO EXCHANGE TRADED FD TR SEMICONDU,Cash,0,,USD,153.9,-40,0,,0.14,,6155.86,06/08/2026
06/05/2026,DI IRA $40.6K,209435910,YOU BOUGHT OPENING TRANSACTION CALL (MRVL) MARVELL TECHNOLOGY JUN 18 26 $267.5 (100 SHS) (Cash), -MRVL260618C267.5,CALL (MRVL) MARVELL TECHNOLOGY JUN 18 26 $267.5 (100 SHS),Cash,0,,USD,45.1,1,0,0.65,0.02,,-4510.67,06/08/2026
06/05/2026,IRA-ROTH $321K,233267024,YOU BOUGHT OPENING TRANSACTION CALL (IREN) IREN LIMITED COM NPV JAN 21 28 $55 (100 SHS) (Margin), -IREN280121C55,CALL (IREN) IREN LIMITED COM NPV JAN 21 28 $55 (100 SHS),Margin,0,,USD,27.04,1,0,0.65,0.02,,-2704.67,06/08/2026
06/05/2026,IRA-ROTH $321K,233267024,YOU BOUGHT OPENING TRANSACTION CALL (EWY) ISHARES MSCI SOUTH JAN 21 28 $115 (100 SHS) (Margin), -EWY280121C115,CALL (EWY) ISHARES MSCI SOUTH JAN 21 28 $115 (100 SHS),Margin,0,,USD,88.7,1,0,0.65,0.02,,-8870.67,06/08/2026
06/05/2026,IRA-ROTH $321K,233267024,YOU BOUGHT OPENING TRANSACTION CALL (IREN) IREN LIMITED COM NPV JAN 21 28 $50 (100 SHS) (Margin), -IREN280121C50,CALL (IREN) IREN LIMITED COM NPV JAN 21 28 $50 (100 SHS),Margin,0,,USD,29.05,1,0,0.65,0.02,,-2905.67,06/08/2026
06/05/2026,IRA-ROTH $321K,233267024,YOU BOUGHT OPENING TRANSACTION CALL (MRVL) MARVELL TECHNOLOGY JAN 21 28 $240 (100 SHS) (Margin), -MRVL280121C240,CALL (MRVL) MARVELL TECHNOLOGY JAN 21 28 $240 (100 SHS),Margin,0,,USD,144.25,1,0,0.65,0.02,,-14425.67,06/08/2026
06/05/2026,IRA-ROTH $321K,233267024,YOU BOUGHT OPENING TRANSACTION CALL (IREN) IREN LIMITED COM NPV JAN 21 28 $47 (100 SHS) (Margin), -IREN280121C47,CALL (IREN) IREN LIMITED COM NPV JAN 21 28 $47 (100 SHS),Margin,0,,USD,31.03,1,0,0.65,0.02,,-3103.67,06/08/2026
06/05/2026,IRA-ROTH $321K,233267024,YOU BOUGHT OPENING TRANSACTION CALL (EWY) ISHARES MSCI SOUTH JAN 21 28 $120 (100 SHS) (Margin), -EWY280121C120,CALL (EWY) ISHARES MSCI SOUTH JAN 21 28 $120 (100 SHS),Margin,0,,USD,90,1,0,0.65,0.02,,-9000.67,06/08/2026
06/05/2026,IRA-ROTH $321K,233267024,YOU BOUGHT OPENING TRANSACTION CALL (ARM) ARM HOLDINGS PLC JAN 21 28 $290 (100 SHS) (Margin), -ARM280121C290,CALL (ARM) ARM HOLDINGS PLC JAN 21 28 $290 (100 SHS),Margin,0,,USD,182.75,1,0,0.65,0.02,,-18275.67,06/08/2026
06/05/2026,IRA-ROTH $321K,233267024,YOU BOUGHT OPENING TRANSACTION CALL (GLW) CORNING INC JAN 21 28 $135 (100 SHS) (Margin), -GLW280121C135,CALL (GLW) CORNING INC JAN 21 28 $135 (100 SHS),Margin,0,,USD,87.54,1,0,0.65,0.02,,-8754.67,06/08/2026
06/05/2026,IRA-ROTH $321K,233267024,JOURNALED JNL VS A/C TYPES (Cash),,No Description,Cash,0,,USD,,0.000,0,,,,5878.09,
06/05/2026,IRA-ROTH $321K,233267024,JOURNALED JNL VS A/C TYPES (Margin),,No Description,Margin,0,,USD,,0.000,0,,,,-5878.09,
06/05/2026,IRA-Roll $462K,119072621,YOU BOUGHT OPENING TRANSACTION CALL (AMD) ADVANCED MICRO JAN 21 28 $350 (100 SHS) (Cash), -AMD280121C350,CALL (AMD) ADVANCED MICRO JAN 21 28 $350 (100 SHS),Cash,0,,USD,221,1,0,0.65,0.02,,-22100.67,06/08/2026
06/05/2026,IRA-Roll $462K,119072621,YOU BOUGHT OPENING TRANSACTION CALL (BE) BLOOM ENERGY CORP JAN 21 28 $230 (100 SHS) (Cash), -BE280121C230,CALL (BE) BLOOM ENERGY CORP JAN 21 28 $230 (100 SHS),Cash,0,,USD,143.25,1,0,0.65,0.02,,-14325.67,06/08/2026
06/05/2026,IRA-Roll $462K,119072621,YOU BOUGHT OPENING TRANSACTION CALL (MRVL) MARVELL TECHNOLOGY JAN 21 28 $230 (100 SHS) (Cash), -MRVL280121C230,CALL (MRVL) MARVELL TECHNOLOGY JAN 21 28 $230 (100 SHS),Cash,0,,USD,139.75,1,0,0.65,0.02,,-13975.67,06/08/2026
06/05/2026,IRA-Roll $462K,119072621,YOU BOUGHT OPENING TRANSACTION CALL (EWY) ISHARES MSCI SOUTH JAN 21 28 $120 (100 SHS) (Cash), -EWY280121C120,CALL (EWY) ISHARES MSCI SOUTH JAN 21 28 $120 (100 SHS),Cash,0,,USD,82.65,1,0,0.65,0.02,,-8265.67,06/08/2026
06/05/2026,IRA-Roll $462K,119072621,YOU BOUGHT OPENING TRANSACTION CALL (ARM) ARM HOLDINGS PLC JAN 21 28 $270 (100 SHS) (Cash), -ARM280121C270,CALL (ARM) ARM HOLDINGS PLC JAN 21 28 $270 (100 SHS),Cash,0,,USD,176.5,1,0,0.65,0.02,,-17650.67,06/08/2026
06/05/2026,IRA-Roll $462K,119072621,YOU BOUGHT OPENING TRANSACTION CALL (NBIS) NEBIUS GROUP N V COM JAN 21 28 $190 (100 SHS) (Cash), -NBIS280121C190,CALL (NBIS) NEBIUS GROUP N V COM JAN 21 28 $190 (100 SHS),Cash,0,,USD,122.15,1,0,0.65,0.02,,-12215.67,06/08/2026
06/05/2026,IRA-Roll $462K,119072621,YOU BOUGHT OPENING TRANSACTION CALL (IREN) IREN LIMITED COM NPV JAN 21 28 $42 (100 SHS) (Cash), -IREN280121C42,CALL (IREN) IREN LIMITED COM NPV JAN 21 28 $42 (100 SHS),Cash,0,,USD,29.97,1,0,0.65,0.02,,-2997.67,06/08/2026
06/05/2026,IRA-Roll $462K,119072621,YOU BOUGHT OPENING TRANSACTION CALL (NBIS) NEBIUS GROUP N V COM JAN 21 28 $200 (100 SHS) (Cash), -NBIS280121C200,CALL (NBIS) NEBIUS GROUP N V COM JAN 21 28 $200 (100 SHS),Cash,0,,USD,120,1,0,0.65,0.02,,-12000.67,06/08/2026
06/05/2026,IRA-Roll $462K,119072621,YOU BOUGHT OPENING TRANSACTION CALL (IREN) IREN LIMITED COM NPV JAN 21 28 $45 (100 SHS) (Cash), -IREN280121C45,CALL (IREN) IREN LIMITED COM NPV JAN 21 28 $45 (100 SHS),Cash,0,,USD,29.66,1,0,0.65,0.02,,-2966.67,06/08/2026
06/05/2026,IRA-Roll $462K,119072621,YOU BOUGHT OPENING TRANSACTION CALL (MDB) MONGODB INC CL A JAN 21 28 $290 (100 SHS) (Cash), -MDB280121C290,CALL (MDB) MONGODB INC CL A JAN 21 28 $290 (100 SHS),Cash,0,,USD,170.5,1,0,0.65,0.02,,-17050.67,06/08/2026
06/05/2026,IRA-Roll $462K,119072621,YOU BOUGHT OPENING TRANSACTION CALL (MRVL) MARVELL TECHNOLOGY JAN 21 28 $230 (100 SHS) (Cash), -MRVL280121C230,CALL (MRVL) MARVELL TECHNOLOGY JAN 21 28 $230 (100 SHS),Cash,0,,USD,148.7,1,0,0.65,0.02,,-14870.67,06/08/2026
06/05/2026,IRA-Roll $462K,119072621,YOU BOUGHT OPENING TRANSACTION CALL (NBIS) NEBIUS GROUP N V COM JAN 21 28 $200 (100 SHS) (Cash), -NBIS280121C200,CALL (NBIS) NEBIUS GROUP N V COM JAN 21 28 $200 (100 SHS),Cash,0,,USD,124.5,1,0,0.65,0.02,,-12450.67,06/08/2026
06/05/2026,IRA-Roll $462K,119072621,YOU SOLD CLOSING TRANSACTION CALL (CVS) CVS HEALTH JAN 21 28 $62.5 (100 SHS) (Margin), -CVS280121C62.5,CALL (CVS) CVS HEALTH JAN 21 28 $62.5 (100 SHS),Margin,0,,USD,36.5,-1,0,0.65,0.1,,3649.25,06/08/2026
06/05/2026,IRA-Roll $462K,119072621,YOU SOLD CLOSING TRANSACTION CALL (CVS) CVS HEALTH JAN 21 28 $62.5 (100 SHS) (Margin), -CVS280121C62.5,CALL (CVS) CVS HEALTH JAN 21 28 $62.5 (100 SHS),Margin,0,,USD,36.53,-1,0,0.65,0.1,,3652.25,06/08/2026
06/05/2026,IRA-Roll $462K,119072621,YOU SOLD CLOSING TRANSACTION CALL (CVS) CVS HEALTH JAN 21 28 $62.5 (100 SHS) (Margin), -CVS280121C62.5,CALL (CVS) CVS HEALTH JAN 21 28 $62.5 (100 SHS),Margin,0,,USD,36.95,-1,0,0.65,0.1,,3694.25,06/08/2026
06/05/2026,IRA-Roll $462K,119072621,YOU SOLD CLOSING TRANSACTION CALL (CVS) CVS HEALTH JAN 21 28 $62.5 (100 SHS) (Margin), -CVS280121C62.5,CALL (CVS) CVS HEALTH JAN 21 28 $62.5 (100 SHS),Margin,0,,USD,36.93,-1,0,0.65,0.1,,3692.25,06/08/2026
06/05/2026,IRA-Roll $462K,119072621,YOU SOLD CLOSING TRANSACTION CALL (CVS) CVS HEALTH JAN 21 28 $62.5 (100 SHS) (Margin), -CVS280121C62.5,CALL (CVS) CVS HEALTH JAN 21 28 $62.5 (100 SHS),Margin,0,,USD,36.59,-1,0,0.65,0.1,,3658.25,06/08/2026
06/05/2026,IRA-Roll $462K,119072621,YOU SOLD CLOSING TRANSACTION CALL (CAH) CARDINAL HEALTH INC JAN 21 28 $160 (100 SHS) (Margin), -CAH280121C160,CALL (CAH) CARDINAL HEALTH INC JAN 21 28 $160 (100 SHS),Margin,0,,USD,64.2,-1,0,0.65,0.16,,6419.19,06/08/2026
06/05/2026,IRA-Roll $462K,119072621,YOU SOLD CLOSING TRANSACTION CALL (CAH) CARDINAL HEALTH INC JAN 21 28 $160 (100 SHS) (Margin), -CAH280121C160,CALL (CAH) CARDINAL HEALTH INC JAN 21 28 $160 (100 SHS),Margin,0,,USD,64.57,-1,0,0.65,0.16,,6456.19,06/08/2026
06/05/2026,IRA-Roll $462K,119072621,YOU SOLD CLOSING TRANSACTION CALL (CAH) CARDINAL HEALTH INC JAN 21 28 $160 (100 SHS) (Margin), -CAH280121C160,CALL (CAH) CARDINAL HEALTH INC JAN 21 28 $160 (100 SHS),Margin,0,,USD,64.66,-1,0,0.65,0.16,,6465.19,06/08/2026
06/05/2026,IRA-Roll $462K,119072621,YOU SOLD CLOSING TRANSACTION CALL (CAH) CARDINAL HEALTH INC JAN 21 28 $160 (100 SHS) (Margin), -CAH280121C160,CALL (CAH) CARDINAL HEALTH INC JAN 21 28 $160 (100 SHS),Margin,0,,USD,64.5,-1,0,0.65,0.16,,6449.19,06/08/2026
06/05/2026,IRA-Roll $462K,119072621,YOU BOUGHT OPENING TRANSACTION CALL (IREN) IREN LIMITED COM NPV JAN 21 28 $50 (100 SHS) (Cash), -IREN280121C50,CALL (IREN) IREN LIMITED COM NPV JAN 21 28 $50 (100 SHS),Cash,0,,USD,31.3,1,0,0.65,0.02,,-3130.67,06/08/2026
06/05/2026,IRA-Roll $462K,119072621,YOU BOUGHT OPENING TRANSACTION CALL (GLW) CORNING INC JAN 21 28 $140 (100 SHS) (Cash), -GLW280121C140,CALL (GLW) CORNING INC JAN 21 28 $140 (100 SHS),Cash,0,,USD,86.07,1,0,0.65,0.02,,-8607.67,06/08/2026
06/05/2026,IRA-Roll $462K,119072621,YOU BOUGHT OPENING TRANSACTION CALL (ARM) ARM HOLDINGS PLC JAN 21 28 $300 (100 SHS) (Cash), -ARM280121C300,CALL (ARM) ARM HOLDINGS PLC JAN 21 28 $300 (100 SHS),Cash,0,,USD,181.25,1,0,0.65,0.02,,-18125.67,06/08/2026
06/05/2026,IRA-Roll $462K,119072621,YOU BOUGHT OPENING TRANSACTION CALL (APLD) APPLIED DIGITAL CORP JAN 21 28 $37 (100 SHS) (Cash), -APLD280121C37,CALL (APLD) APPLIED DIGITAL CORP JAN 21 28 $37 (100 SHS),Cash,0,,USD,22.25,1,0,0.65,0.02,,-2225.67,06/08/2026
06/05/2026,IRA-Roll $462K,119072621,YOU BOUGHT OPENING TRANSACTION CALL (CIEN) CIENA CORP JAN 21 28 $400 (100 SHS) (Cash), -CIEN280121C400,CALL (CIEN) CIENA CORP JAN 21 28 $400 (100 SHS),Cash,0,,USD,253,1,0,0.65,0.02,,-25300.67,06/08/2026
06/05/2026,IRA-Roll $462K,119072621,YOU BOUGHT OPENING TRANSACTION CALL (EWY) ISHARES MSCI SOUTH JAN 21 28 $125 (100 SHS) (Cash), -EWY280121C125,CALL (EWY) ISHARES MSCI SOUTH JAN 21 28 $125 (100 SHS),Cash,0,,USD,88,1,0,0.65,0.02,,-8800.67,06/08/2026
06/05/2026,IRA-Roll $462K,119072621,YOU SOLD TESLA INC COM (TSLA) (Margin),TSLA,TESLA INC COM,Margin,0,,USD,423.77,-50,0,,0.44,,21188.06,06/08/2026
06/05/2026,IRA-Roll $462K,119072621,JOURNALED JNL VS A/C TYPES (Cash),,No Description,Cash,0,,USD,,0.000,0,,,,132766.73,
06/05/2026,IRA-Roll $462K,119072621,JOURNALED JNL VS A/C TYPES (Margin),,No Description,Margin,0,,USD,,0.000,0,,,,-132766.73,
06/15/2026,Phil and Lynn,X82843893,DEBIT CARD PURCHASE OUTSTAND AUTH 6/8 APPLE.COM/BILL 866-712-7753 CA (Cash),,No Description,Cash,0,,USD,,0.000,0,,,,-14.99,
06/08/2026,Trust PHT $988K,Z40402241,JOURNALED JNL VS A/C TYPES (Cash),,No Description,Cash,0,,USD,,0.000,0,,,,24985.48,
06/08/2026,Trust PHT $988K,Z40402241,JOURNALED JNL VS A/C TYPES (Margin),,No Description,Margin,0,,USD,,0.000,0,,,,-24985.48,
06/08/2026,DI IRA $40.6K,209435910,YOU SOLD ISHARES TR ISHARES SEMICDTR (SOXX) (Cash),SOXX,ISHARES TR ISHARES SEMICDTR,Cash,0,,USD,575,-20,0,,0.24,,11499.76,06/09/2026
06/08/2026,DI IRA $40.6K,209435910,YOU SOLD CLOSING TRANSACTION CALL (MRVL) MARVELL TECHNOLOGY JUN 18 26 $267.5 (100 SHS) (Cash), -MRVL260618C267.5,CALL (MRVL) MARVELL TECHNOLOGY JUN 18 26 $267.5 (100 SHS),Cash,0,,USD,34.55,-1,0,0.65,0.1,,3454.25,06/09/2026
06/08/2026,Phil and Di,X65959334,WIRE TRANSFER TO BANK (Cash),,No Description,Cash,0,,USD,,0.000,0,,,,-500,
06/08/2026,DI Ind. $83.5K,X69705290,YOU SOLD CLOSING TRANSACTION CALL (ARM) ARM HOLDINGS PLC JAN 21 28 $240 (100 SHS) (Margin), -ARM280121C240,CALL (ARM) ARM HOLDINGS PLC JAN 21 28 $240 (100 SHS),Margin,0,,USD,194.51,-1,0,0.65,0.43,,19449.92,06/09/2026
06/08/2026,IRA-ROTH $321K,233267024,YOU SOLD CLOSING TRANSACTION CALL (RDDT) REDDIT INC CL A JAN 21 28 $100 (100 SHS) (Margin), -RDDT280121C100,CALL (RDDT) REDDIT INC CL A JAN 21 28 $100 (100 SHS),Margin,0,,USD,95.29,-1,0,0.65,0.22,,9528.13,06/09/2026
06/08/2026,IRA-ROTH $321K,233267024,YOU SOLD CLOSING TRANSACTION CALL (MDB) MONGODB INC CL A JAN 21 28 $230 (100 SHS) (Margin), -MDB280121C230,CALL (MDB) MONGODB INC CL A JAN 21 28 $230 (100 SHS),Margin,0,,USD,186.86,-1,0,0.65,0.41,,18684.94,06/09/2026
06/08/2026,IRA-ROTH $321K,233267024,YOU SOLD ISHARES TR ISHARES SEMICDTR (SOXX) (Margin),SOXX,ISHARES TR ISHARES SEMICDTR,Margin,0,,USD,575.91,-40,0,,0.48,,23035.92,06/09/2026
06/08/2026,IRA-ROTH $321K,233267024,YOU SOLD ISHARES TR ISHARES SEMICDTR (SOXX) (Margin),SOXX,ISHARES TR ISHARES SEMICDTR,Margin,0,,USD,573.82,-20,0,,0.24,,11476.16,06/09/2026
06/08/2026,IRA-ROTH $321K,233267024,YOU SOLD CLOSING TRANSACTION CALL (STX) SEAGATE TECHNOLOGY JAN 21 28 $570 (100 SHS) (Margin), -STX280121C570,CALL (STX) SEAGATE TECHNOLOGY JAN 21 28 $570 (100 SHS),Margin,0,,USD,485.64,-1,0,0.65,1.03,,48562.32,06/09/2026
06/08/2026,IRA-ROTH $321K,233267024,YOU SOLD CLOSING TRANSACTION CALL (COHR) COHERENT CORP COM JAN 21 28 $290 (100 SHS) (Margin), -COHR280121C290,CALL (COHR) COHERENT CORP COM JAN 21 28 $290 (100 SHS),Margin,0,,USD,228.9,-1,0,0.65,0.5,,22888.85,06/09/2026
06/08/2026,IRA-ROTH $321K,233267024,YOU SOLD ISHARES TR ISHARES SEMICDTR (SOXX) (Margin),SOXX,ISHARES TR ISHARES SEMICDTR,Margin,0,,USD,577.88,-20,0,,0.24,,11557.36,06/09/2026
06/08/2026,IRA-ROTH $321K,233267024,YOU SOLD 26159ISMCB INVESCO EXCHANGE TRADED FD TR SEMICO... (PSI) (Margin),PSI,INVESCO EXCHANGE TRADED FD TR SEMICONDU,Margin,0,,USD,153.27,-10,0,,0.04,,1532.66,06/09/2026
06/08/2026,IRA-ROTH $321K,233267024,JOURNALED JNL VS A/C TYPES (Cash),,No Description,Cash,0,,USD,,0.000,0,,,,-68041.36,
06/08/2026,IRA-ROTH $321K,233267024,JOURNALED JNL VS A/C TYPES (Margin),,No Description,Margin,0,,USD,,0.000,0,,,,68041.36,
06/08/2026,IRA-Roll $462K,119072621,YOU SOLD UBIQUITI INC COM (UI) (Margin),UI,UBIQUITI INC COM,Margin,0,,USD,573.5,-5,0,,0.06,,2867.44,06/09/2026
06/08/2026,IRA-Roll $462K,119072621,YOU SOLD TESLA INC COM (TSLA) (Margin),TSLA,TESLA INC COM,Margin,0,,USD,412.47,-30,0,,0.26,,12373.84,06/09/2026
06/08/2026,IRA-Roll $462K,119072621,YOU SOLD CLOSING TRANSACTION CALL (AMD) ADVANCED MICRO JAN 21 28 $340 (100 SHS) (Margin), -AMD280121C340,CALL (AMD) ADVANCED MICRO JAN 21 28 $340 (100 SHS),Margin,0,,USD,246,-1,0,0.65,0.53,,24598.82,06/09/2026
06/08/2026,IRA-Roll $462K,119072621,YOU SOLD CLOSING TRANSACTION CALL (LRCX) LAM RESEARCH CORP JAN 21 28 $220 (100 SHS) (Margin), -LRCX280121C220,CALL (LRCX) LAM RESEARCH CORP JAN 21 28 $220 (100 SHS),Margin,0,,USD,162.09,-1,0,0.65,0.36,,16207.99,06/09/2026
06/08/2026,IRA-Roll $462K,119072621,YOU SOLD VANECK ETF TRUST SEMICONDUCTR ETF (SMH) (Cash),SMH,VANECK ETF TRUST SEMICONDUCTR ETF,Cash,0,,USD,601.09,-20,0,,0.25,,12021.55,06/09/2026
06/08/2026,IRA-Roll $462K,119072621,YOU SOLD CLOSING TRANSACTION CALL (COHR) COHERENT CORP COM JAN 21 28 $280 (100 SHS) (Margin), -COHR280121C280,CALL (COHR) COHERENT CORP COM JAN 21 28 $280 (100 SHS),Margin,0,,USD,232.8,-1,0,0.65,0.5,,23278.85,06/09/2026
06/08/2026,IRA-Roll $462K,119072621,YOU SOLD CLOSING TRANSACTION CALL (LRCX) LAM RESEARCH CORP JAN 21 28 $210 (100 SHS) (Margin), -LRCX280121C210,CALL (LRCX) LAM RESEARCH CORP JAN 21 28 $210 (100 SHS),Margin,0,,USD,166.25,-1,0,0.65,0.37,,16623.98,06/09/2026
06/08/2026,IRA-Roll $462K,119072621,YOU SOLD INVESCO EXCHANGE TRADED FD TR SEMICO... (PSI) (Cash),PSI,INVESCO EXCHANGE TRADED FD TR SEMICONDU,Cash,0,,USD,154,-40,0,,0.13,,6159.87,06/09/2026
06/08/2026,IRA-Roll $462K,119072621,YOU BOUGHT OPENING TRANSACTION CALL (BE) BLOOM ENERGY CORP JAN 21 28 $220 (100 SHS) (Margin), -BE280121C220,CALL (BE) BLOOM ENERGY CORP JAN 21 28 $220 (100 SHS),Margin,0,,USD,141.55,1,0,0.65,0.02,,-14155.67,06/09/2026
06/08/2026,IRA-Roll $462K,119072621,JOURNALED JNL VS A/C TYPES (Cash),,No Description,Cash,0,,USD,,0.000,0,,,,65324.07,
06/08/2026,IRA-Roll $462K,119072621,JOURNALED JNL VS A/C TYPES (Margin),,No Description,Margin,0,,USD,,0.000,0,,,,-65324.07,
06/16/2026,Phil and Lynn,X82843893,DEBIT CARD PURCHASE OUTSTAND AUTH 6/9 APPLE.COM/BILL 866-712-7753 CA (Cash),,No Description,Cash,0,,USD,,0.000,0,,,,-9.99,
06/15/2026,Phil and Lynn,X82843893,DEBIT CARD PURCHASE OUTSTAND AUTH 6/8 APPLE.COM/BILL 866-712-7753 CA (Cash),,No Description,Cash,0,,USD,,0.000,0,,,,-14.99,
06/09/2026,DI IRA $40.6K,209435910,YOU BOUGHT OPENING TRANSACTION CALL (VRT) VERTIV HOLDINGS CO JAN 21 28 $220 (100 SHS) (Cash), -VRT280121C220,CALL (VRT) VERTIV HOLDINGS CO JAN 21 28 $220 (100 SHS),Cash,0,,USD,130.5,1,0,0.65,0.02,,-13050.67,06/10/2026
06/09/2026,DI IRA $40.6K,209435910,YOU BOUGHT OPENING TRANSACTION CALL (QCOM) QUALCOMM INC JAN 21 28 $150 (100 SHS) (Cash), -QCOM280121C150,CALL (QCOM) QUALCOMM INC JAN 21 28 $150 (100 SHS),Cash,0,,USD,90.75,1,0,0.65,0.02,,-9075.67,06/10/2026
06/09/2026,DI IRA $40.6K,209435910,YOU BOUGHT OPENING TRANSACTION CALL (SMCI) SUPER MICRO COMPUTER JAN 21 28 $35 (100 SHS) (Cash), -SMCI280121C35,CALL (SMCI) SUPER MICRO COMPUTER JAN 21 28 $35 (100 SHS),Cash,0,,USD,20.35,1,0,0.65,0.02,,-2035.67,06/10/2026
06/09/2026,DI Ind. $83.5K,X69705290,JOURNALED JNL VS A/C TYPES (Cash),,No Description,Cash,0,,USD,,0.000,0,,,,19449.92,
06/09/2026,DI Ind. $83.5K,X69705290,JOURNALED JNL VS A/C TYPES (Margin),,No Description,Margin,0,,USD,,0.000,0,,,,-19449.92,
06/09/2026,IRA-ROTH $321K,233267024,YOU BOUGHT OPENING TRANSACTION CALL (ARM) ARM HOLDINGS PLC JAN 21 28 $250 (100 SHS) (Margin), -ARM280121C250,CALL (ARM) ARM HOLDINGS PLC JAN 21 28 $250 (100 SHS),Margin,0,,USD,165.25,1,0,0.65,0.02,,-16525.67,06/10/2026
06/09/2026,IRA-ROTH $321K,233267024,YOU BOUGHT OPENING TRANSACTION CALL (MRVL) MARVELL TECHNOLOGY JAN 21 28 $210 (100 SHS) (Margin), -MRVL280121C210,CALL (MRVL) MARVELL TECHNOLOGY JAN 21 28 $210 (100 SHS),Margin,0,,USD,133.01,1,0,0.65,0.02,,-13301.67,06/10/2026
06/09/2026,IRA-ROTH $321K,233267024,YOU BOUGHT OPENING TRANSACTION CALL (COHR) COHERENT CORP COM JAN 21 28 $300 (100 SHS) (Margin), -COHR280121C300,CALL (COHR) COHERENT CORP COM JAN 21 28 $300 (100 SHS),Margin,0,,USD,180.1,1,0,0.65,0.02,,-18010.67,06/10/2026
06/09/2026,IRA-ROTH $321K,233267024,YOU BOUGHT OPENING TRANSACTION CALL (CBRS) CEREBRAS SYSTEMS INC JAN 21 28 $170 (100 SHS) (Margin), -CBRS280121C170,CALL (CBRS) CEREBRAS SYSTEMS INC JAN 21 28 $170 (100 SHS),Margin,0,,USD,115.4,1,0,0.65,0.02,,-11540.67,06/10/2026
06/09/2026,IRA-ROTH $321K,233267024,JOURNALED JNL VS A/C TYPES (Cash),,No Description,Cash,0,,USD,,0.000,0,,,,147266.34,
06/09/2026,IRA-ROTH $321K,233267024,JOURNALED JNL VS A/C TYPES (Margin),,No Description,Margin,0,,USD,,0.000,0,,,,-147266.34,
06/09/2026,IRA-Roll $462K,119072621,YOU BOUGHT OPENING TRANSACTION CALL (ARM) ARM HOLDINGS PLC JAN 21 28 $250 (100 SHS) (Cash), -ARM280121C250,CALL (ARM) ARM HOLDINGS PLC JAN 21 28 $250 (100 SHS),Cash,0,,USD,170.25,1,0,0.65,0.02,,-17025.67,06/10/2026
06/09/2026,IRA-Roll $462K,119072621,YOU BOUGHT OPENING TRANSACTION CALL (MRVL) MARVELL TECHNOLOGY JAN 21 28 $50 (100 SHS) (Cash), -MRVL280121C50,CALL (MRVL) MARVELL TECHNOLOGY JAN 21 28 $50 (100 SHS),Cash,0,,USD,226.75,1,0,0.65,0.02,,-22675.67,06/10/2026
06/09/2026,IRA-Roll $462K,119072621,YOU BOUGHT OPENING TRANSACTION CALL (COHR) COHERENT CORP COM JAN 21 28 $310 (100 SHS) (Cash), -COHR280121C310,CALL (COHR) COHERENT CORP COM JAN 21 28 $310 (100 SHS),Cash,0,,USD,193.24,1,0,0.65,0.02,,-19324.67,06/10/2026
06/09/2026,IRA-Roll $462K,119072621,YOU BOUGHT OPENING TRANSACTION CALL (COHR) COHERENT CORP COM JAN 21 28 $320 (100 SHS) (Margin), -COHR280121C320,CALL (COHR) COHERENT CORP COM JAN 21 28 $320 (100 SHS),Margin,0,,USD,201.74,1,0,0.65,0.02,,-20174.67,06/10/2026
06/09/2026,IRA-Roll $462K,119072621,JOURNALED JNL VS A/C TYPES (Cash),,No Description,Cash,0,,USD,,0.000,0,,,,81795.25,
06/09/2026,IRA-Roll $462K,119072621,JOURNALED JNL VS A/C TYPES (Margin),,No Description,Margin,0,,USD,,0.000,0,,,,-81795.25,
06/16/2026,Phil and Lynn,X82843893,DEBIT CARD PURCHASE OUTSTAND AUTH 6/9 APPLE.COM/BILL 866-712-7753 CA (Cash),,No Description,Cash,0,,USD,,0.000,0,,,,-9.99,
06/10/2026,Trust PHT $988K,Z40402241,YOU SOLD UBIQUITI INC COM (UI) (Margin),UI,UBIQUITI INC COM,Margin,0,,USD,556,-1,0,,0.02,,555.98,06/11/2026
06/10/2026,Trust PHT $988K,Z40402241,YOU SOLD UBIQUITI INC COM (UI) (Margin),UI,UBIQUITI INC COM,Margin,0,,USD,551.15,-10,0,,0.12,,5511.35,06/11/2026
06/10/2026,DI IRA $40.6K,209435910,YOU BOUGHT OPENING TRANSACTION CALL (SMCI) SUPER MICRO COMPUTER JAN 21 28 $25 (100 SHS) (Cash), -SMCI280121C25,CALL (SMCI) SUPER MICRO COMPUTER JAN 21 28 $25 (100 SHS),Cash,0,,USD,15.21,1,0,0.65,0.02,,-1521.67,06/11/2026
06/10/2026,DI IRA $40.6K,209435910,YOU BOUGHT OPENING TRANSACTION CALL (SMCI) SUPER MICRO COMPUTER JAN 21 28 $30 (100 SHS) (Cash), -SMCI280121C30,CALL (SMCI) SUPER MICRO COMPUTER JAN 21 28 $30 (100 SHS),Cash,0,,USD,15.97,1,0,0.65,0.02,,-1597.67,06/11/2026
06/10/2026,Phil and Di,X65959334,TRANSFERRED TO VS X82-843893-1 (Cash), ,No Description,Cash,0,,USD,,0.000,0,,,,-1000,
06/10/2026,DI Ind. $83.5K,X69705290,YOU SOLD CLOSING TRANSACTION CALL (RDDT) REDDIT INC CL A JAN 21 28 $115 (100 SHS) (Margin), -RDDT280121C115,CALL (RDDT) REDDIT INC CL A JAN 21 28 $115 (100 SHS),Margin,0,,USD,94.04,-1,0,0.65,0.22,,9403.13,06/11/2026
06/10/2026,IRA-ROTH $321K,233267024,YOU BOUGHT OPENING TRANSACTION CALL (GNRC) GENERAC HLDGS INC JAN 21 28 $185 (100 SHS) (Margin), -GNRC280121C185,CALL (GNRC) GENERAC HLDGS INC JAN 21 28 $185 (100 SHS),Margin,0,,USD,101.5,1,0,0.65,0.02,,-10150.67,06/11/2026
06/10/2026,IRA-ROTH $321K,233267024,YOU BOUGHT OPENING TRANSACTION CALL (SMCI) SUPER MICRO COMPUTER JAN 21 28 $25 (100 SHS) (Margin), -SMCI280121C25,CALL (SMCI) SUPER MICRO COMPUTER JAN 21 28 $25 (100 SHS),Margin,0,,USD,15,1,0,0.65,0.02,,-1500.67,06/11/2026
06/10/2026,IRA-ROTH $321K,233267024,YOU SOLD CLOSING TRANSACTION CALL (EWY) ISHARES MSCI SOUTH JAN 21 28 $125 (100 SHS) (Margin), -EWY280121C125,CALL (EWY) ISHARES MSCI SOUTH JAN 21 28 $125 (100 SHS),Margin,0,,USD,82.7,-1,0,0.65,0.2,,8269.15,06/11/2026
06/10/2026,IRA-ROTH $321K,233267024,YOU BOUGHT OPENING TRANSACTION CALL (SMCI) SUPER MICRO COMPUTER JAN 21 28 $28 (100 SHS) (Margin), -SMCI280121C28,CALL (SMCI) SUPER MICRO COMPUTER JAN 21 28 $28 (100 SHS),Margin,0,,USD,16.7,1,0,0.65,0.02,,-1670.67,06/11/2026
06/10/2026,IRA-ROTH $321K,233267024,YOU SOLD CLOSING TRANSACTION CALL PALO ALTO NETWO 220PANW+$ JAN 21 28 $520 (220 SHS) (Margin), -PANW1280121C520,CALL PALO ALTO NETWO 220PANW+$ JAN 21 28 $520 (220 SHS),Margin,0,,USD,216.25,-1,0,0.65,0.47,,21623.88,06/11/2026
06/10/2026,IRA-ROTH $321K,233267024,YOU SOLD CLOSING TRANSACTION CALL (WDAY) WORKDAY INC COM JAN 21 28 $80 (100 SHS) (Margin), -WDAY280121C80,CALL (WDAY) WORKDAY INC COM JAN 21 28 $80 (100 SHS),Margin,0,,USD,74.5,-1,0,0.65,0.18,,7449.17,06/11/2026
06/10/2026,IRA-ROTH $321K,233267024,YOU SOLD CLOSING TRANSACTION CALL (MDB) MONGODB INC CL A JAN 21 28 $240 (100 SHS) (Margin), -MDB280121C240,CALL (MDB) MONGODB INC CL A JAN 21 28 $240 (100 SHS),Margin,0,,USD,183.35,-1,0,0.65,0.4,,18333.95,06/11/2026
06/10/2026,IRA-ROTH $321K,233267024,YOU SOLD CLOSING TRANSACTION CALL (RDDT) REDDIT INC CL A JAN 21 28 $115 (100 SHS) (Margin), -RDDT280121C115,CALL (RDDT) REDDIT INC CL A JAN 21 28 $115 (100 SHS),Margin,0,,USD,94.66,-1,0,0.65,0.22,,9465.13,06/11/2026
06/10/2026,IRA-ROTH $321K,233267024,YOU SOLD CLOSING TRANSACTION CALL (RDDT) REDDIT INC CL A JAN 21 28 $115 (100 SHS) (Margin), -RDDT280121C115,CALL (RDDT) REDDIT INC CL A JAN 21 28 $115 (100 SHS),Margin,0,,USD,93.4,-1,0,0.65,0.22,,9339.13,06/11/2026
06/10/2026,IRA-ROTH $321K,233267024,JOURNALED JNL VS A/C TYPES (Cash),,No Description,Cash,0,,USD,,0.000,0,,,,-59378.68,
06/10/2026,IRA-ROTH $321K,233267024,JOURNALED JNL VS A/C TYPES (Margin),,No Description,Margin,0,,USD,,0.000,0,,,,59378.68,
06/10/2026,IRA-Roll $462K,119072621,YOU BOUGHT OPENING TRANSACTION CALL (GNRC) GENERAC HLDGS INC JAN 21 28 $180 (100 SHS) (Cash), -GNRC280121C180,CALL (GNRC) GENERAC HLDGS INC JAN 21 28 $180 (100 SHS),Cash,0,,USD,104.25,1,0,0.65,0.02,,-10425.67,06/11/2026
06/10/2026,IRA-Roll $462K,119072621,YOU BOUGHT OPENING TRANSACTION CALL (BE) BLOOM ENERGY CORP JAN 21 28 $210 (100 SHS) (Cash), -BE280121C210,CALL (BE) BLOOM ENERGY CORP JAN 21 28 $210 (100 SHS),Cash,0,,USD,130.05,1,0,0.65,0.02,,-13005.67,06/11/2026
06/10/2026,IRA-Roll $462K,119072621,YOU BOUGHT OPENING TRANSACTION CALL (SMCI) SUPER MICRO COMPUTER JAN 21 28 $25 (100 SHS) (Cash), -SMCI280121C25,CALL (SMCI) SUPER MICRO COMPUTER JAN 21 28 $25 (100 SHS),Cash,0,,USD,15.26,1,0,0.65,0.02,,-1526.67,06/11/2026
06/10/2026,IRA-Roll $462K,119072621,YOU BOUGHT OPENING TRANSACTION CALL (SMCI) SUPER MICRO COMPUTER JAN 21 28 $28 (100 SHS) (Cash), -SMCI280121C28,CALL (SMCI) SUPER MICRO COMPUTER JAN 21 28 $28 (100 SHS),Cash,0,,USD,16.6,1,0,0.65,0.02,,-1660.67,06/11/2026
06/10/2026,IRA-Roll $462K,119072621,YOU BOUGHT OPENING TRANSACTION CALL (SMCI) SUPER MICRO COMPUTER JAN 21 28 $28 (100 SHS) (Cash), -SMCI280121C28,CALL (SMCI) SUPER MICRO COMPUTER JAN 21 28 $28 (100 SHS),Cash,0,,USD,16.65,1,0,0.65,0.02,,-1665.67,06/11/2026
06/10/2026,IRA-Roll $462K,119072621,YOU SOLD CLOSING TRANSACTION CALL PALO ALTO NETWO 220PANW+$ JAN 21 28 $510 (220 SHS) (Margin), -PANW1280121C510,CALL PALO ALTO NETWO 220PANW+$ JAN 21 28 $510 (220 SHS),Margin,0,,USD,221.75,-1,0,0.65,0.48,,22173.87,06/11/2026
06/10/2026,IRA-Roll $462K,119072621,YOU SOLD CLOSING TRANSACTION CALL (TSM) TAIWAN SEMICONDUCTOR JAN 21 28 $300 (100 SHS) (Margin), -TSM280121C300,CALL (TSM) TAIWAN SEMICONDUCTOR JAN 21 28 $300 (100 SHS),Margin,0,,USD,171.25,-1,0,0.65,0.38,,17123.97,06/11/2026
06/10/2026,IRA-Roll $462K,119072621,YOU SOLD CLOSING TRANSACTION CALL (EWY) ISHARES MSCI SOUTH JAN 21 28 $120 (100 SHS) (Margin), -EWY280121C120,CALL (EWY) ISHARES MSCI SOUTH JAN 21 28 $120 (100 SHS),Margin,0,,USD,86.33,-1,0,0.65,0.2,,8632.15,06/11/2026
06/10/2026,IRA-Roll $462K,119072621,YOU SOLD CLOSING TRANSACTION CALL (WDAY) WORKDAY INC COM JAN 21 28 $80 (100 SHS) (Margin), -WDAY280121C80,CALL (WDAY) WORKDAY INC COM JAN 21 28 $80 (100 SHS),Margin,0,,USD,74.65,-1,0,0.65,0.18,,7464.17,06/11/2026
06/10/2026,IRA-Roll $462K,119072621,YOU SOLD CLOSING TRANSACTION CALL (EWY) ISHARES MSCI SOUTH JAN 21 28 $120 (100 SHS) (Cash), -EWY280121C120,CALL (EWY) ISHARES MSCI SOUTH JAN 21 28 $120 (100 SHS),Cash,0,,USD,88.33,-1,0,0.65,0.21,,8832.14,06/11/2026
06/10/2026,IRA-Roll $462K,119072621,YOU SOLD CLOSING TRANSACTION CALL (MDB) MONGODB INC CL A JAN 21 28 $250 (100 SHS) (Margin), -MDB280121C250,CALL (MDB) MONGODB INC CL A JAN 21 28 $250 (100 SHS),Margin,0,,USD,181.03,-1,0,0.65,0.4,,18101.95,06/11/2026
06/10/2026,IRA-Roll $462K,119072621,YOU SOLD CLOSING TRANSACTION CALL (MDB) MONGODB INC CL A JAN 21 28 $240 (100 SHS) (Margin), -MDB280121C240,CALL (MDB) MONGODB INC CL A JAN 21 28 $240 (100 SHS),Margin,0,,USD,184.85,-1,0,0.65,0.41,,18483.94,06/11/2026
06/10/2026,IRA-Roll $462K,119072621,YOU SOLD CLOSING TRANSACTION CALL (RDDT) REDDIT INC CL A JAN 21 28 $115 (100 SHS) (Margin), -RDDT280121C115,CALL (RDDT) REDDIT INC CL A JAN 21 28 $115 (100 SHS),Margin,0,,USD,95.08,-1,0,0.65,0.22,,9507.13,06/11/2026
06/10/2026,IRA-Roll $462K,119072621,YOU SOLD CLOSING TRANSACTION CALL (RDDT) REDDIT INC CL A JAN 21 28 $115 (100 SHS) (Margin), -RDDT280121C115,CALL (RDDT) REDDIT INC CL A JAN 21 28 $115 (100 SHS),Margin,0,,USD,94.66,-1,0,0.65,0.22,,9465.13,06/11/2026
06/10/2026,IRA-Roll $462K,119072621,TRANSFER OF ASSETS ACAT DEL 06-12-26 (Cash),,No Description,Cash,0,,USD,,0.000,0,,,,-10000,
06/10/2026,IRA-Roll $462K,119072621,JOURNALED JNL VS A/C TYPES (Cash),,No Description,Cash,0,,USD,,0.000,0,,,,-20174.67,
06/10/2026,IRA-Roll $462K,119072621,JOURNALED JNL VS A/C TYPES (Margin),,No Description,Margin,0,,USD,,0.000,0,,,,20174.67,
06/10/2026,Phil and Lynn,X82843893,DEBIT CARD PURCHASE APPLE.COM/BILL 866-712-7753 CA 060826 AUTHID:123610 (Cash),,No Description,Cash,0,,USD,,0.000,0,,,,-14.99,
06/10/2026,Phil and Lynn,X82843893,DIRECT (Cash), ,No Description,Cash,0,,USD,,0.000,0,,,,-37.94,
06/10/2026,Phil and Lynn,X82843893,TRANSFERRED FROM VS X65-959334-1 (Cash), ,No Description,Cash,0,,USD,,0.000,0,,,,1000,
06/10/2026,Phil and Lynn,X82843893,Electronic Funds Transfer Paid (Cash),,No Description,Cash,0,,USD,,0.000,0,,,,-90,
06/11/2026,Trust PHT $988K,Z40402241,YOU SOLD PAR TECHNOLOGY CORP (PAR) (Margin),PAR,PAR TECHNOLOGY CORP,Margin,0,,USD,13.5,-909,0,,0.26,,12271.24,06/12/2026
06/11/2026,Trust PHT $988K,Z40402241,YOU SOLD UBIQUITI INC COM (UI) (Margin),UI,UBIQUITI INC COM,Margin,0,,USD,568,-10,0,,0.12,,5679.88,06/12/2026
06/11/2026,Trust PHT $988K,Z40402241,YOU SOLD UBIQUITI INC COM (UI) (Margin),UI,UBIQUITI INC COM,Margin,0,,USD,568,-10,0,,0.13,,5679.87,06/12/2026
06/11/2026,Trust PHT $988K,Z40402241,YOU SOLD UBIQUITI INC COM (UI) (Margin),UI,UBIQUITI INC COM,Margin,0,,USD,565,-10,0,,0.12,,5649.88,06/12/2026
06/11/2026,Trust PHT $988K,Z40402241,DIVIDEND RECEIVED MICROSOFT CORP (MSFT) (Margin),MSFT,MICROSOFT CORP,Margin,0,,USD,,0.000,0,,,,94.26,
06/11/2026,Trust PHT $988K,Z40402241,REINVESTMENT MICROSOFT CORP (MSFT) (Margin),MSFT,MICROSOFT CORP,Margin,0,,USD,401.32,0.235,0,,,,-94.26,
06/11/2026,Trust PHT $988K,Z40402241,JOURNALED JNL VS A/C TYPES (Cash),,No Description,Cash,0,,USD,,0.000,0,,,,6067.33,
06/11/2026,Trust PHT $988K,Z40402241,JOURNALED JNL VS A/C TYPES (Margin),,No Description,Margin,0,,USD,,0.000,0,,,,-6067.33,
06/11/2026,DI IRA $40.6K,209435910,YOU SOLD CLOSING TRANSACTION CALL (EWY) ISHARES MSCI SOUTH JAN 21 28 $125 (100 SHS) (Cash), -EWY280121C125,CALL (EWY) ISHARES MSCI SOUTH JAN 21 28 $125 (100 SHS),Cash,0,,USD,93.2,-1,0,0.65,0.22,,9319.13,06/12/2026
06/11/2026,DI IRA $40.6K,209435910,YOU SOLD EX-DIV DATE 06/15/26RECORD DATE 06/15/26PAYABLE DTE 06/18/26 ISHARES TR ISHARES SEMICDTR (SOXX) (Cash),SOXX,ISHARES TR ISHARES SEMICDTR,Cash,0,,USD,574.75,-19,0,,0.24,,10920.01,06/12/2026
06/11/2026,DI IRA $40.6K,209435910,YOU SOLD EX-DIV DATE 06/15/26RECORD DATE 06/15/26PAYABLE DTE 06/18/26 ISHARES TR ISHARES SEMICDTR (SOXX) (Cash),SOXX,ISHARES TR ISHARES SEMICDTR,Cash,0,,USD,574.75,-0.089,0,,,,51.15,06/12/2026
06/11/2026,DI IRA $40.6K,209435910,YOU BOUGHT OPENING TRANSACTION CALL (ORCL) ORACLE CORP JAN 21 28 $135 (100 SHS) (Cash), -ORCL280121C135,CALL (ORCL) ORACLE CORP JAN 21 28 $135 (100 SHS),Cash,0,,USD,76.9,1,0,0.65,0.02,,-7690.67,06/12/2026
06/11/2026,DI IRA $40.6K,209435910,YOU SOLD INVESCO EXCHANGE TRADED FD TR SEMICO... (PSI) (Cash),PSI,INVESCO EXCHANGE TRADED FD TR SEMICONDU,Cash,0,,USD,156.6,-0.351,0,,,,54.96,06/12/2026
06/11/2026,DI IRA $40.6K,209435910,YOU SOLD INVESCO EXCHANGE TRADED FD TR SEMICO... (PSI) (Cash),PSI,INVESCO EXCHANGE TRADED FD TR SEMICONDU,Cash,0,,USD,156.45,-40,0,,0.13,,6257.87,06/12/2026
06/11/2026,DI Ind. $83.5K,X69705290,YOU SOLD EX-DIV DATE 06/15/26RECORD DATE 06/15/26PAYABLE DTE 06/18/26 ISHARES TR ISHARES SEMICDTR (SOXX) (Cash),SOXX,ISHARES TR ISHARES SEMICDTR,Cash,0,,USD,586.33,-115,0,,1.39,,67426.57,06/12/2026
06/11/2026,DI Ind. $83.5K,X69705290,YOU SOLD INVESCO EXCHANGE TRADED FD TR SEMICO... (PSI) (Margin),PSI,INVESCO EXCHANGE TRADED FD TR SEMICONDU,Margin,0,,USD,161.75,-50,0,,0.17,,8087.33,06/12/2026
06/11/2026,DI Ind. $83.5K,X69705290,YOU SOLD VANECK ETF TRUST SEMICONDUCTR ETF (SMH) (Margin),SMH,VANECK ETF TRUST SEMICONDUCTR ETF,Margin,0,,USD,584.44,-5,0,,0.07,,2922.13,06/12/2026
06/11/2026,DI Ind. $83.5K,X69705290,YOU SOLD VANECK ETF TRUST SEMICONDUCTR ETF (SMH) (Cash),SMH,VANECK ETF TRUST SEMICONDUCTR ETF,Cash,0,,USD,597.53,-10,0,,0.13,,5975.17,06/12/2026
06/11/2026,DI Ind. $83.5K,X69705290,YOU SOLD INVESCO EXCHANGE TRADED FD TR SEMICO... (PSI) (Cash),PSI,INVESCO EXCHANGE TRADED FD TR SEMICONDU,Cash,0,,USD,157.55,-50,0,,0.17,,7877.33,06/12/2026
06/11/2026,DI Ind. $83.5K,X69705290,YOU SOLD CLOSING TRANSACTION CALL (ANET) ARISTA NETWORKS INC JAN 21 28 $115 (100 SHS) (Margin), -ANET280121C115,CALL (ANET) ARISTA NETWORKS INC JAN 21 28 $115 (100 SHS),Margin,0,,USD,67.25,-1,0,0.65,0.16,,6724.19,06/12/2026
06/11/2026,DI Ind. $83.5K,X69705290,YOU SOLD CLOSING TRANSACTION CALL (PANW) PALO ALTO NETWORKS JAN 21 28 $200 (100 SHS) (Margin), -PANW280121C200,CALL (PANW) PALO ALTO NETWORKS JAN 21 28 $200 (100 SHS),Margin,0,,USD,109.9,-1,0,0.65,0.25,,10989.1,06/12/2026
06/11/2026,DI Ind. $83.5K,X69705290,YOU BOUGHT OPENING TRANSACTION CALL (ORCL) ORACLE CORP JAN 21 28 $135 (100 SHS) (Margin), -ORCL280121C135,CALL (ORCL) ORACLE CORP JAN 21 28 $135 (100 SHS),Margin,0,,USD,75.81,1,0,0.65,0.02,,-7581.67,06/12/2026
06/11/2026,DI Ind. $83.5K,X69705290,JOURNALED JNL VS A/C TYPES (Cash),,No Description,Cash,0,,USD,,0.000,0,,,,9403.13,
06/11/2026,DI Ind. $83.5K,X69705290,JOURNALED JNL VS A/C TYPES (Margin),,No Description,Margin,0,,USD,,0.000,0,,,,-9403.13,
06/11/2026,IRA-ROTH $321K,233267024,YOU SOLD CLOSING TRANSACTION CALL (MU) MICRON TECHNOLOGY JAN 21 28 $700 (100 SHS) (Margin), -MU280121C700,CALL (MU) MICRON TECHNOLOGY JAN 21 28 $700 (100 SHS),Margin,0,,USD,543.36,-1,0,0.65,1.14,,54334.21,06/12/2026
06/11/2026,IRA-ROTH $321K,233267024,YOU SOLD CLOSING TRANSACTION CALL (EWY) ISHARES MSCI SOUTH JAN 21 28 $115 (100 SHS) (Margin), -EWY280121C115,CALL (EWY) ISHARES MSCI SOUTH JAN 21 28 $115 (100 SHS),Margin,0,,USD,102.4,-1,0,0.65,0.24,,10239.11,06/12/2026
06/11/2026,IRA-ROTH $321K,233267024,YOU SOLD EX-DIV DATE 06/15/26RECORD DATE 06/15/26PAYABLE DTE 06/18/26 ISHARES TR ISHARES SEMICDTR (SOXX) (Margin),SOXX,ISHARES TR ISHARES SEMICDTR,Margin,0,,USD,584.36,-40,0,,0.49,,23373.91,06/12/2026
06/11/2026,IRA-ROTH $321K,233267024,YOU SOLD INVESCO EXCHANGE TRADED FD TR SEMICO... (PSI) (Margin),PSI,INVESCO EXCHANGE TRADED FD TR SEMICONDU,Margin,0,,USD,161.4,-40,0,,0.14,,6455.86,06/12/2026
06/11/2026,IRA-ROTH $321K,233267024,YOU SOLD EX-DIV DATE 06/15/26RECORD DATE 06/15/26PAYABLE DTE 06/18/26 ISHARES TR ISHARES SEMICDTR (SOXX) (Margin),SOXX,ISHARES TR ISHARES SEMICDTR,Margin,0,,USD,583.92,-20,0,,0.25,,11678.15,06/12/2026
06/11/2026,IRA-ROTH $321K,233267024,YOU SOLD INVESCO EXCHANGE TRADED FD TR SEMICO... (PSI) (Margin),PSI,INVESCO EXCHANGE TRADED FD TR SEMICONDU,Margin,0,,USD,161.3,-40,0,,0.14,,6451.86,06/12/2026
06/11/2026,IRA-ROTH $321K,233267024,YOU SOLD EX-DIV DATE 06/15/26RECORD DATE 06/15/26PAYABLE DTE 06/18/26 ISHARES TR ISHARES SEMICDTR (SOXX) (Margin),SOXX,ISHARES TR ISHARES SEMICDTR,Margin,0,,USD,578.8,-40,0,,0.48,,23151.52,06/12/2026
06/11/2026,IRA-ROTH $321K,233267024,YOU SOLD INVESCO EXCHANGE TRADED FD TR SEMICO... (PSI) (Margin),PSI,INVESCO EXCHANGE TRADED FD TR SEMICONDU,Margin,0,,USD,160.12,-40,0,,0.14,,6404.66,06/12/2026
06/11/2026,IRA-ROTH $321K,233267024,YOU SOLD EX-DIV DATE 06/15/26RECORD DATE 06/15/26PAYABLE DTE 06/18/26 ISHARES TR ISHARES SEMICDTR (SOXX) (Margin),SOXX,ISHARES TR ISHARES SEMICDTR,Margin,0,,USD,578.15,-20,0,,0.24,,11562.76,06/12/2026
06/11/2026,IRA-ROTH $321K,233267024,YOU SOLD INVESCO EXCHANGE TRADED FD TR SEMICO... (PSI) (Margin),PSI,INVESCO EXCHANGE TRADED FD TR SEMICONDU,Margin,0,,USD,159.58,-40,0,,0.14,,6383.06,06/12/2026
06/11/2026,IRA-ROTH $321K,233267024,YOU BOUGHT OPENING TRANSACTION CALL (WDAY) WORKDAY INC COM JAN 21 28 $105 (100 SHS) (Margin), -WDAY280121C105,CALL (WDAY) WORKDAY INC COM JAN 21 28 $105 (100 SHS),Margin,0,,USD,54.92,1,0,0.65,0.02,,-5492.67,06/12/2026
06/11/2026,IRA-ROTH $321K,233267024,YOU SOLD CLOSING TRANSACTION CALL (CRWD) CROWDSTRIKE HLDGS JAN 21 28 $500 (100 SHS) (Margin), -CRWD280121C500,CALL (CRWD) CROWDSTRIKE HLDGS JAN 21 28 $500 (100 SHS),Margin,0,,USD,302.77,-1,0,0.65,0.65,,30275.7,06/12/2026
06/11/2026,IRA-ROTH $321K,233267024,YOU SOLD CLOSING TRANSACTION CALL (PANW) PALO ALTO NETWORKS JAN 21 28 $195 (100 SHS) (Margin), -PANW280121C195,CALL (PANW) PALO ALTO NETWORKS JAN 21 28 $195 (100 SHS),Margin,0,,USD,115.88,-1,0,0.65,0.26,,11587.09,06/12/2026
06/11/2026,IRA-ROTH $321K,233267024,YOU BOUGHT OPENING TRANSACTION CALL (CBRS) CEREBRAS SYSTEMS INC JAN 21 28 $175 (100 SHS) (Margin), -CBRS280121C175,CALL (CBRS) CEREBRAS SYSTEMS INC JAN 21 28 $175 (100 SHS),Margin,0,,USD,123.96,1,0,0.65,0.02,,-12396.67,06/12/2026
06/11/2026,IRA-ROTH $321K,233267024,YOU BOUGHT OPENING TRANSACTION CALL (ORCL) ORACLE CORP JAN 21 28 $140 (100 SHS) (Margin), -ORCL280121C140,CALL (ORCL) ORACLE CORP JAN 21 28 $140 (100 SHS),Margin,0,,USD,74.28,1,0,0.65,0.02,,-7428.67,06/12/2026
06/11/2026,IRA-ROTH $321K,233267024,YOU SOLD INVESCO EXCHANGE TRADED FD TR SEMICO... (PSI) (Margin),PSI,INVESCO EXCHANGE TRADED FD TR SEMICONDU,Margin,0,,USD,156.8,-40,0,,0.14,,6271.86,06/12/2026
06/11/2026,IRA-ROTH $321K,233267024,YOU SOLD CLOSING TRANSACTION CALL (STX) SEAGATE TECHNOLOGY JAN 21 28 $600 (100 SHS) (Margin), -STX280121C600,CALL (STX) SEAGATE TECHNOLOGY JAN 21 28 $600 (100 SHS),Margin,0,,USD,447,-1,0,0.65,0.95,,44698.4,06/12/2026
06/11/2026,IRA-ROTH $321K,233267024,YOU BOUGHT OPENING TRANSACTION CALL (ORCL) ORACLE CORP JAN 21 28 $135 (100 SHS) (Margin), -ORCL280121C135,CALL (ORCL) ORACLE CORP JAN 21 28 $135 (100 SHS),Margin,0,,USD,76.26,1,0,0.65,0.02,,-7626.67,06/12/2026
06/11/2026,IRA-ROTH $321K,233267024,JOURNALED JNL VS A/C TYPES (Cash),,No Description,Cash,0,,USD,,0.000,0,,,,61158.4,
06/11/2026,IRA-ROTH $321K,233267024,JOURNALED JNL VS A/C TYPES (Margin),,No Description,Margin,0,,USD,,0.000,0,,,,-61158.4,
06/11/2026,IRA-Roll $462K,119072621,YOU SOLD CLOSING TRANSACTION CALL (MU) MICRON TECHNOLOGY JAN 21 28 $700 (100 SHS) (Margin), -MU280121C700,CALL (MU) MICRON TECHNOLOGY JAN 21 28 $700 (100 SHS),Margin,0,,USD,541.12,-1,0,0.65,1.14,,54110.21,06/12/2026
06/11/2026,IRA-Roll $462K,119072621,YOU SOLD VANECK ETF TRUST SEMICONDUCTR ETF (SMH) (Cash),SMH,VANECK ETF TRUST SEMICONDUCTR ETF,Cash,0,,USD,609.3,-40,0,,0.51,,24371.49,06/12/2026
06/11/2026,IRA-Roll $462K,119072621,YOU SOLD INVESCO EXCHANGE TRADED FD TR SEMICO... (PSI) (Cash),PSI,INVESCO EXCHANGE TRADED FD TR SEMICONDU,Cash,0,,USD,161.4,-40,0,,0.14,,6455.86,06/12/2026
06/11/2026,IRA-Roll $462K,119072621,YOU SOLD VANECK ETF TRUST SEMICONDUCTR ETF (SMH) (Cash),SMH,VANECK ETF TRUST SEMICONDUCTR ETF,Cash,0,,USD,607.34,-20,0,,0.26,,12146.44,06/12/2026
06/11/2026,IRA-Roll $462K,119072621,YOU SOLD INVESCO EXCHANGE TRADED FD TR SEMICO... (PSI) (Cash),PSI,INVESCO EXCHANGE TRADED FD TR SEMICONDU,Cash,0,,USD,161.1,-60,0,,0.2,,9665.8,06/12/2026
06/11/2026,IRA-Roll $462K,119072621,YOU SOLD INVESCO EXCHANGE TRADED FD TR SEMICO... (PSI) (Cash),PSI,INVESCO EXCHANGE TRADED FD TR SEMICONDU,Cash,0,,USD,159.92,-40,0,,0.13,,6396.67,06/12/2026
06/11/2026,IRA-Roll $462K,119072621,YOU SOLD VANECK ETF TRUST SEMICONDUCTR ETF (SMH) (Cash),SMH,VANECK ETF TRUST SEMICONDUCTR ETF,Cash,0,,USD,601.35,-20,0,,0.26,,12026.74,06/12/2026
06/11/2026,IRA-Roll $462K,119072621,YOU SOLD VANECK ETF TRUST SEMICONDUCTR ETF (SMH) (Cash),SMH,VANECK ETF TRUST SEMICONDUCTR ETF,Cash,0,,USD,603.31,-40,0,,0.5,,24131.9,06/12/2026
06/11/2026,IRA-Roll $462K,119072621,YOU SOLD CLOSING TRANSACTION CALL (WDC) WESTERN DIGITAL JAN 21 28 $380 (100 SHS) (Margin), -WDC280121C380,CALL (WDC) WESTERN DIGITAL JAN 21 28 $380 (100 SHS),Margin,0,,USD,271.67,-1,0,0.65,0.58,,27165.77,06/12/2026
06/11/2026,IRA-Roll $462K,119072621,YOU BOUGHT OPENING TRANSACTION CALL (NTNX) NUTANIX INC CL A JAN 21 28 $40 (100 SHS) (Cash), -NTNX280121C40,CALL (NTNX) NUTANIX INC CL A JAN 21 28 $40 (100 SHS),Cash,0,,USD,18.75,1,0,0.65,0.02,,-1875.67,06/12/2026
06/11/2026,IRA-Roll $462K,119072621,YOU SOLD VANECK ETF TRUST SEMICONDUCTR ETF (SMH) (Cash),SMH,VANECK ETF TRUST SEMICONDUCTR ETF,Cash,0,,USD,601.98,-20,0,,0.26,,12039.34,06/12/2026
06/11/2026,IRA-Roll $462K,119072621,YOU SOLD INVESCO EXCHANGE TRADED FD TR SEMICO... (PSI) (Cash),PSI,INVESCO EXCHANGE TRADED FD TR SEMICONDU,Cash,0,,USD,159.53,-50,0,,0.17,,7976.33,06/12/2026
06/11/2026,IRA-Roll $462K,119072621,YOU SOLD CLOSING TRANSACTION CALL (ANET) ARISTA NETWORKS INC JAN 21 28 $115 (100 SHS) (Margin), -ANET280121C115,CALL (ANET) ARISTA NETWORKS INC JAN 21 28 $115 (100 SHS),Margin,0,,USD,68.23,-1,0,0.65,0.17,,6822.18,06/12/2026
06/11/2026,IRA-Roll $462K,119072621,YOU SOLD CLOSING TRANSACTION CALL (ANET) ARISTA NETWORKS INC JAN 21 28 $115 (100 SHS) (Margin), -ANET280121C115,CALL (ANET) ARISTA NETWORKS INC JAN 21 28 $115 (100 SHS),Margin,0,,USD,68.26,-1,0,0.65,0.17,,6825.18,06/12/2026
06/11/2026,IRA-Roll $462K,119072621,YOU SOLD CLOSING TRANSACTION CALL (ANET) ARISTA NETWORKS INC JAN 21 28 $115 (100 SHS) (Margin), -ANET280121C115,CALL (ANET) ARISTA NETWORKS INC JAN 21 28 $115 (100 SHS),Margin,0,,USD,68.21,-1,0,0.65,0.17,,6820.18,06/12/2026
06/11/2026,IRA-Roll $462K,119072621,YOU SOLD CLOSING TRANSACTION CALL (ANET) ARISTA NETWORKS INC JAN 21 28 $115 (100 SHS) (Margin), -ANET280121C115,CALL (ANET) ARISTA NETWORKS INC JAN 21 28 $115 (100 SHS),Margin,0,,USD,68.12,-1,0,0.65,0.17,,6811.18,06/12/2026
06/11/2026,IRA-Roll $462K,119072621,YOU SOLD CLOSING TRANSACTION CALL (ANET) ARISTA NETWORKS INC JAN 21 28 $115 (100 SHS) (Margin), -ANET280121C115,CALL (ANET) ARISTA NETWORKS INC JAN 21 28 $115 (100 SHS),Margin,0,,USD,67.76,-1,0,0.65,0.16,,6775.19,06/12/2026
06/11/2026,IRA-Roll $462K,119072621,YOU SOLD CLOSING TRANSACTION CALL (ANET) ARISTA NETWORKS INC JAN 21 28 $115 (100 SHS) (Margin), -ANET280121C115,CALL (ANET) ARISTA NETWORKS INC JAN 21 28 $115 (100 SHS),Margin,0,,USD,67.9,-1,0,0.65,0.16,,6789.19,06/12/2026
06/11/2026,IRA-Roll $462K,119072621,YOU SOLD INVESCO EXCHANGE TRADED FD TR SEMICO... (PSI) (Cash),PSI,INVESCO EXCHANGE TRADED FD TR SEMICONDU,Cash,0,,USD,159.18,-40,0,,0.14,,6367.06,06/12/2026
06/11/2026,IRA-Roll $462K,119072621,YOU BOUGHT OPENING TRANSACTION CALL (SAP) SAP ADR REP 1 ORD JAN 21 28 $125 (100 SHS) (Cash), -SAP280121C125,CALL (SAP) SAP ADR REP 1 ORD JAN 21 28 $125 (100 SHS),Cash,0,,USD,56.6,1,0,0.65,0.02,,-5660.67,06/12/2026
06/11/2026,IRA-Roll $462K,119072621,YOU BOUGHT OPENING TRANSACTION CALL (CBRS) CEREBRAS SYSTEMS INC JAN 21 28 $175 (100 SHS) (Cash), -CBRS280121C175,CALL (CBRS) CEREBRAS SYSTEMS INC JAN 21 28 $175 (100 SHS),Cash,0,,USD,113.75,1,0,0.65,0.02,,-11375.67,06/12/2026
06/11/2026,IRA-Roll $462K,119072621,YOU SOLD CLOSING TRANSACTION CALL (CRWD) CROWDSTRIKE HLDGS JAN 21 28 $500 (100 SHS) (Margin), -CRWD280121C500,CALL (CRWD) CROWDSTRIKE HLDGS JAN 21 28 $500 (100 SHS),Margin,0,,USD,303.35,-1,0,0.65,0.65,,30333.7,06/12/2026
06/11/2026,IRA-Roll $462K,119072621,YOU SOLD CLOSING TRANSACTION CALL (PANW) PALO ALTO NETWORKS JAN 21 28 $185 (100 SHS) (Margin), -PANW280121C185,CALL (PANW) PALO ALTO NETWORKS JAN 21 28 $185 (100 SHS),Margin,0,,USD,122.2,-1,0,0.65,0.28,,12219.07,06/12/2026
06/11/2026,IRA-Roll $462K,119072621,YOU BOUGHT OPENING TRANSACTION CALL (CRM) SALESFORCE INC COM JAN 21 28 $125 (100 SHS) (Cash), -CRM280121C125,CALL (CRM) SALESFORCE INC COM JAN 21 28 $125 (100 SHS),Cash,0,,USD,63.29,1,0,0.65,0.02,,-6329.67,06/12/2026
06/11/2026,IRA-Roll $462K,119072621,YOU BOUGHT OPENING TRANSACTION CALL (HUBS) HUBSPOT INC JAN 21 28 $150 (100 SHS) (Cash), -HUBS280121C150,CALL (HUBS) HUBSPOT INC JAN 21 28 $150 (100 SHS),Cash,0,,USD,88.92,1,0,0.65,0.02,,-8892.67,06/12/2026
06/11/2026,IRA-Roll $462K,119072621,YOU SOLD CLOSING TRANSACTION CALL (FSLY) FASTLY INC CL A JAN 21 28 $12.5 (100 SHS) (Margin), -FSLY280121C12.5,CALL (FSLY) FASTLY INC CL A JAN 21 28 $12.5 (100 SHS),Margin,0,,USD,10.78,-1,0,0.65,0.05,,1077.3,06/12/2026
06/11/2026,IRA-Roll $462K,119072621,YOU BOUGHT OPENING TRANSACTION CALL (SAP) SAP ADR REP 1 ORD JAN 21 28 $130 (100 SHS) (Cash), -SAP280121C130,CALL (SAP) SAP ADR REP 1 ORD JAN 21 28 $130 (100 SHS),Cash,0,,USD,53.23,1,0,0.65,0.02,,-5323.67,06/12/2026
06/11/2026,IRA-Roll $462K,119072621,YOU SOLD INVESCO EXCHANGE TRADED FD TR SEMICO... (PSI) (Cash),PSI,INVESCO EXCHANGE TRADED FD TR SEMICONDU,Cash,0,,USD,156.67,-40,0,,0.13,,6266.67,06/12/2026
06/11/2026,IRA-Roll $462K,119072621,YOU SOLD CLOSING TRANSACTION CALL (EWY) ISHARES MSCI SOUTH JAN 21 28 $125 (100 SHS) (Margin), -EWY280121C125,CALL (EWY) ISHARES MSCI SOUTH JAN 21 28 $125 (100 SHS),Margin,0,,USD,86.4,-1,0,0.65,0.2,,8639.15,06/12/2026
06/11/2026,IRA-Roll $462K,119072621,YOU SOLD CLOSING TRANSACTION CALL (TSM) TAIWAN SEMICONDUCTOR JAN 21 28 $320 (100 SHS) (Margin), -TSM280121C320,CALL (TSM) TAIWAN SEMICONDUCTOR JAN 21 28 $320 (100 SHS),Margin,0,,USD,163.03,-1,0,0.65,0.36,,16301.99,06/12/2026
06/11/2026,IRA-Roll $462K,119072621,YOU SOLD CLOSING TRANSACTION CALL (EWY) ISHARES MSCI SOUTH JAN 21 28 $125 (100 SHS) (Margin), -EWY280121C125,CALL (EWY) ISHARES MSCI SOUTH JAN 21 28 $125 (100 SHS),Margin,0,,USD,87.4,-1,0,0.65,0.21,,8739.14,06/12/2026
06/11/2026,IRA-Roll $462K,119072621,YOU SOLD CLOSING TRANSACTION CALL (EWY) ISHARES MSCI SOUTH JAN 21 28 $125 (100 SHS) (Margin), -EWY280121C125,CALL (EWY) ISHARES MSCI SOUTH JAN 21 28 $125 (100 SHS),Margin,0,,USD,87.22,-1,0,0.65,0.2,,8721.15,06/12/2026
06/11/2026,IRA-Roll $462K,119072621,YOU SOLD CLOSING TRANSACTION CALL (EWY) ISHARES MSCI SOUTH JAN 21 28 $125 (100 SHS) (Cash), -EWY280121C125,CALL (EWY) ISHARES MSCI SOUTH JAN 21 28 $125 (100 SHS),Cash,0,,USD,88.45,-1,0,0.65,0.21,,8844.14,06/12/2026
06/11/2026,IRA-Roll $462K,119072621,YOU SOLD CLOSING TRANSACTION CALL (TSM) TAIWAN SEMICONDUCTOR JAN 21 28 $320 (100 SHS) (Margin), -TSM280121C320,CALL (TSM) TAIWAN SEMICONDUCTOR JAN 21 28 $320 (100 SHS),Margin,0,,USD,165.5,-1,0,0.65,0.37,,16548.98,06/12/2026
06/11/2026,IRA-Roll $462K,119072621,YOU SOLD CLOSING TRANSACTION CALL (TSM) TAIWAN SEMICONDUCTOR JAN 21 28 $320 (100 SHS) (Margin), -TSM280121C320,CALL (TSM) TAIWAN SEMICONDUCTOR JAN 21 28 $320 (100 SHS),Margin,0,,USD,165.5,-1,0,0.65,0.37,,16548.98,06/12/2026
06/11/2026,IRA-Roll $462K,119072621,YOU SOLD CLOSING TRANSACTION CALL (TER) TERADYNE INC COM JAN 21 28 $250 (100 SHS) (Margin), -TER280121C250,CALL (TER) TERADYNE INC COM JAN 21 28 $250 (100 SHS),Margin,0,,USD,197.5,-1,0,0.65,0.43,,19748.92,06/12/2026
06/11/2026,IRA-Roll $462K,119072621,YOU SOLD CLOSING TRANSACTION CALL (AMD) ADVANCED MICRO JAN 21 28 $330 (100 SHS) (Margin), -AMD280121C330,CALL (AMD) ADVANCED MICRO JAN 21 28 $330 (100 SHS),Margin,0,,USD,238.08,-1,0,0.65,0.52,,23806.83,06/12/2026
06/11/2026,IRA-Roll $462K,119072621,YOU SOLD CLOSING TRANSACTION CALL (ALAB) ASTERA LABS INC COM JAN 21 28 $250 (100 SHS) (Margin), -ALAB280121C250,CALL (ALAB) ASTERA LABS INC COM JAN 21 28 $250 (100 SHS),Margin,0,,USD,207.5,-1,0,0.65,0.45,,20748.9,06/12/2026
06/11/2026,IRA-Roll $462K,119072621,YOU BOUGHT OPENING TRANSACTION CALL (ORCL) ORACLE CORP JAN 21 28 $135 (100 SHS) (Cash), -ORCL280121C135,CALL (ORCL) ORACLE CORP JAN 21 28 $135 (100 SHS),Cash,0,,USD,76.3,1,0,0.65,0.02,,-7630.67,06/12/2026
06/11/2026,IRA-Roll $462K,119072621,TRANSFER OF ASSETS ACAT DELIVER (Cash),,No Description,Cash,0,,USD,,0.000,0,,,,-10000,
06/11/2026,IRA-Roll $462K,119072621,JOURNALED JNL VS A/C TYPES (Cash),,No Description,Cash,0,,USD,,0.000,0,,,,110952.31,
06/11/2026,IRA-Roll $462K,119072621,JOURNALED JNL VS A/C TYPES (Margin),,No Description,Margin,0,,USD,,0.000,0,,,,-110952.31,
06/11/2026,Phil and Lynn,X82843893,DEBIT CARD PURCHASE APPLE.COM/BILL 866-712-7753 CA 060926 AUTHID:365440 (Cash),,No Description,Cash,0,,USD,,0.000,0,,,,-9.99,
06/12/2026,Trust PHT $988K,Z40402241,YOU SOLD UBIQUITI INC COM (UI) (Margin),UI,UBIQUITI INC COM,Margin,0,,USD,592,-21,0,,0.26,,12431.74,06/15/2026
06/12/2026,Trust PHT $988K,Z40402241,YOU BOUGHT SPACE EXPL TECHNOLOGIES CORP CL A (SPCX) (Margin),SPCX,SPACE EXPL TECHNOLOGIES CORP CL A,Margin,0,,USD,164.91,33,0,,,,-5442.03,06/15/2026
06/12/2026,Trust PHT $988K,Z40402241,YOU BOUGHT SPACE EXPL TECHNOLOGIES CORP CL A (SPCX) (Margin),SPCX,SPACE EXPL TECHNOLOGIES CORP CL A,Margin,0,,USD,164.89,17,0,,,,-2803.13,06/15/2026
06/12/2026,Trust PHT $988K,Z40402241,YOU BOUGHT SPACE EXPL TECHNOLOGIES CORP CL A (SPCX) (Margin),SPCX,SPACE EXPL TECHNOLOGIES CORP CL A,Margin,0,,USD,164.93,50,0,,,,-8246.5,06/15/2026
06/12/2026,Trust PHT $988K,Z40402241,YOU BOUGHT SPACE EXPL TECHNOLOGIES CORP CL A (SPCX) (Margin),SPCX,SPACE EXPL TECHNOLOGIES CORP CL A,Margin,0,,USD,156,100,0,,,,-15600,06/15/2026
06/12/2026,Trust PHT $988K,Z40402241,YOU BOUGHT SPACE EXPL TECHNOLOGIES CORP CL A (SPCX) (Margin),SPCX,SPACE EXPL TECHNOLOGIES CORP CL A,Margin,0,,USD,150,100,0,,,,-15000,06/15/2026
06/12/2026,Trust PHT $988K,Z40402241,JOURNALED JNL VS A/C TYPES (Cash),,No Description,Cash,0,,USD,,0.000,0,,,,29280.88,
06/12/2026,Trust PHT $988K,Z40402241,JOURNALED JNL VS A/C TYPES (Margin),,No Description,Margin,0,,USD,,0.000,0,,,,-29280.88,
06/12/2026,Trust PHT $988K,Z40402241,DISTRIBUTION KLA CORP COM NEW (KLAC) (Margin),KLAC,KLA CORP COM NEW,Margin,0,,USD,,846.585,0,,,,0.00,
06/12/2026,DI IRA $40.6K,209435910,YOU BOUGHT OPENING TRANSACTION CALL (NOW) SERVICENOW INC COM JAN 21 28 $70 (100 SHS) (Cash), -NOW280121C70,CALL (NOW) SERVICENOW INC COM JAN 21 28 $70 (100 SHS),Cash,0,,USD,47.45,1,0,0.65,0.02,,-4745.67,06/15/2026
06/12/2026,DI IRA $40.6K,209435910,YOU BOUGHT OPENING TRANSACTION CALL (RDDT) REDDIT INC CL A JAN 21 28 $120 (100 SHS) (Cash), -RDDT280121C120,CALL (RDDT) REDDIT INC CL A JAN 21 28 $120 (100 SHS),Cash,0,,USD,78.25,1,0,0.65,0.02,,-7825.67,06/15/2026
06/12/2026,DI Ind. $83.5K,X69705290,JOURNALED JNL VS A/C TYPES (Cash),,No Description,Cash,0,,USD,,0.000,0,,,,21141.08,
06/12/2026,DI Ind. $83.5K,X69705290,JOURNALED JNL VS A/C TYPES (Margin),,No Description,Margin,0,,USD,,0.000,0,,,,-21141.08,
06/12/2026,IRA-ROTH $321K,233267024,YOU SOLD CLOSING TRANSACTION CALL (INTC) INTEL CORP COM DEC 15 28 $85 (100 SHS) (Margin), -INTC281215C85,CALL (INTC) INTEL CORP COM DEC 15 28 $85 (100 SHS),Margin,0,,USD,76,-1,0,0.65,0.18,,7599.17,06/15/2026
06/12/2026,IRA-ROTH $321K,233267024,YOU SOLD INVESCO EXCHANGE TRADED FD TR SEMICO... (PSI) (Margin),PSI,INVESCO EXCHANGE TRADED FD TR SEMICONDU,Margin,0,,USD,169.37,-0.749,0,,,,126.86,06/15/2026
06/12/2026,IRA-ROTH $321K,233267024,YOU SOLD INVESCO EXCHANGE TRADED FD TR SEMICO... (PSI) (Margin),PSI,INVESCO EXCHANGE TRADED FD TR SEMICONDU,Margin,0,,USD,169.37,-9,0,,0.04,,1524.29,06/15/2026
06/12/2026,IRA-ROTH $321K,233267024,YOU SOLD INVESCO EXCHANGE TRADED FD TR SEMICO... (PSI) (Margin),PSI,INVESCO EXCHANGE TRADED FD TR SEMICONDU,Margin,0,,USD,168.57,-40,0,,0.14,,6742.66,06/15/2026
06/12/2026,IRA-ROTH $321K,233267024,YOU SOLD CLOSING TRANSACTION CALL (ARM) ARM HOLDINGS PLC JAN 21 28 $250 (100 SHS) (Margin), -ARM280121C250,CALL (ARM) ARM HOLDINGS PLC JAN 21 28 $250 (100 SHS),Margin,0,,USD,216,-1,0,0.65,0.47,,21598.88,06/15/2026
06/12/2026,IRA-ROTH $321K,233267024,YOU BOUGHT OPENING TRANSACTION CALL (NOW) SERVICENOW INC COM JAN 21 28 $75 (100 SHS) (Margin), -NOW280121C75,CALL (NOW) SERVICENOW INC COM JAN 21 28 $75 (100 SHS),Margin,0,,USD,44.33,1,0,0.65,0.02,,-4433.67,06/15/2026
06/12/2026,IRA-ROTH $321K,233267024,YOU BOUGHT OPENING TRANSACTION CALL (RDDT) REDDIT INC CL A JAN 21 28 $125 (100 SHS) (Margin), -RDDT280121C125,CALL (RDDT) REDDIT INC CL A JAN 21 28 $125 (100 SHS),Margin,0,,USD,77.25,1,0,0.65,0.02,,-7725.67,06/15/2026
06/12/2026,IRA-ROTH $321K,233267024,JOURNALED JNL VS A/C TYPES (Cash),,No Description,Cash,0,,USD,,0.000,0,,,,219923.48,
06/12/2026,IRA-ROTH $321K,233267024,JOURNALED JNL VS A/C TYPES (Margin),,No Description,Margin,0,,USD,,0.000,0,,,,-219923.48,
06/12/2026,IRA-Roll $462K,119072621,YOU SOLD CLOSING TRANSACTION CALL (ARM) ARM HOLDINGS PLC JAN 21 28 $250 (100 SHS) (Cash), -ARM280121C250,CALL (ARM) ARM HOLDINGS PLC JAN 21 28 $250 (100 SHS),Cash,0,,USD,214.78,-1,0,0.65,0.47,,21476.88,06/15/2026
06/12/2026,IRA-Roll $462K,119072621,YOU SOLD CLOSING TRANSACTION CALL (INTC) INTEL CORP COM JAN 21 28 $85 (100 SHS) (Margin), -INTC280121C85,CALL (INTC) INTEL CORP COM JAN 21 28 $85 (100 SHS),Margin,0,,USD,68.19,-1,0,0.65,0.17,,6818.18,06/15/2026
06/12/2026,IRA-Roll $462K,119072621,YOU SOLD INVESCO EXCHANGE TRADED FD TR SEMICO... (PSI) (Cash),PSI,INVESCO EXCHANGE TRADED FD TR SEMICONDU,Cash,0,,USD,168.74,-40,0,,0.14,,6749.46,06/15/2026
06/12/2026,IRA-Roll $462K,119072621,YOU BOUGHT OPENING TRANSACTION CALL (CBRS) CEREBRAS SYSTEMS INC JAN 21 28 $160 (100 SHS) (Cash), -CBRS280121C160,CALL (CBRS) CEREBRAS SYSTEMS INC JAN 21 28 $160 (100 SHS),Cash,0,,USD,114.6,1,0,0.65,0.02,,-11460.67,06/15/2026
06/12/2026,IRA-Roll $462K,119072621,YOU BOUGHT OPENING TRANSACTION CALL (PLTR) PALANTIR JAN 21 28 $100 (100 SHS) (Cash), -PLTR280121C100,CALL (PLTR) PALANTIR JAN 21 28 $100 (100 SHS),Cash,0,,USD,52.73,1,0,0.65,0.02,,-5273.67,06/15/2026
06/12/2026,IRA-Roll $462K,119072621,YOU BOUGHT OPENING TRANSACTION CALL (NOW) SERVICENOW INC COM JAN 21 28 $75 (100 SHS) (Cash), -NOW280121C75,CALL (NOW) SERVICENOW INC COM JAN 21 28 $75 (100 SHS),Cash,0,,USD,46.56,1,0,0.65,0.02,,-4656.67,06/15/2026
06/12/2026,IRA-Roll $462K,119072621,YOU BOUGHT OPENING TRANSACTION CALL (ADBE) ADOBE INC COM JAN 21 28 $160 (100 SHS) (Cash), -ADBE280121C160,CALL (ADBE) ADOBE INC COM JAN 21 28 $160 (100 SHS),Cash,0,,USD,76,1,0,0.65,0.02,,-7600.67,06/15/2026
06/12/2026,IRA-Roll $462K,119072621,YOU BOUGHT OPENING TRANSACTION CALL (RDDT) REDDIT INC CL A JAN 21 28 $130 (100 SHS) (Cash), -RDDT280121C130,CALL (RDDT) REDDIT INC CL A JAN 21 28 $130 (100 SHS),Cash,0,,USD,74.75,1,0,0.65,0.02,,-7475.67,06/15/2026
06/12/2026,IRA-Roll $462K,119072621,YOU BOUGHT OPENING TRANSACTION CALL (CBRS) CEREBRAS SYSTEMS INC JAN 21 28 $175 (100 SHS) (Cash), -CBRS280121C175,CALL (CBRS) CEREBRAS SYSTEMS INC JAN 21 28 $175 (100 SHS),Cash,0,,USD,110,1,0,0.65,0.02,,-11000.67,06/15/2026
06/12/2026,IRA-Roll $462K,119072621,YOU BOUGHT OPENING TRANSACTION CALL (RDW) REDWIRE CORPORATION JAN 21 28 $17 (100 SHS) (Cash), -RDW280121C17,CALL (RDW) REDWIRE CORPORATION JAN 21 28 $17 (100 SHS),Cash,0,,USD,8.42,5,0,3.25,0.11,,-4213.36,06/15/2026
06/12/2026,IRA-Roll $462K,119072621,JOURNALED JNL VS A/C TYPES (Cash),,No Description,Cash,0,,USD,,0.000,0,,,,305553.19,
06/12/2026,IRA-Roll $462K,119072621,JOURNALED JNL VS A/C TYPES (Margin),,No Description,Margin,0,,USD,,0.000,0,,,,-305553.19,
